date,signal_time,entry_time,exit_time,ticker,entry_price,exit_price,gross_return_pct,net_return_pct,pnl_jpy,is_win
2024-01-04,2024-01-04 08:30:00,2024-01-04 09:00:00,2024-01-04 15:00:00,TICKER_0837.JP,1851.21,1893.22,2.474,2.17,20611.44,True
2024-01-04,2024-01-04 08:30:00,2024-01-04 09:00:00,2024-01-04 15:00:00,TICKER_0874.JP,1926.82,1969.7,2.43,2.125,20188.28,True
2024-01-04,2024-01-04 08:30:00,2024-01-04 09:00:00,2024-01-04 15:00:00,TICKER_0911.JP,2005.39,2038.88,1.873,1.57,14912.93,True
2024-01-04,2024-01-04 08:30:00,2024-01-04 09:00:00,2024-01-04 15:00:00,TICKER_0948.JP,2117.64,2078.83,-1.636,-1.933,-18359.09,False
2024-01-04,2024-01-04 08:30:00,2024-01-04 09:00:00,2024-01-04 15:00:00,TICKER_0985.JP,2221.0,2260.65,1.989,1.685,16008.99,True
2024-01-04,2024-01-04 08:30:00,2024-01-04 09:00:00,2024-01-04 15:00:00,TICKER_1022.JP,2266.28,2269.12,0.326,0.025,238.23,True
2024-01-04,2024-01-04 08:30:00,2024-01-04 09:00:00,2024-01-04 15:00:00,TICKER_1059.JP,2378.51,2397.76,1.011,0.709,6740.13,True
2024-01-04,2024-01-04 08:30:00,2024-01-04 09:00:00,2024-01-04 15:00:00,TICKER_1096.JP,2432.63,2489.05,2.524,2.219,21082.67,True
2024-01-04,2024-01-04 08:30:00,2024-01-04 09:00:00,2024-01-04 15:00:00,TICKER_1133.JP,2580.17,2573.04,-0.076,-0.376,-3572.72,False
2024-01-04,2024-01-04 08:30:00,2024-01-04 09:00:00,2024-01-04 15:00:00,TICKER_1170.JP,2651.55,2662.67,0.621,0.32,3036.15,True
2024-01-05,2024-01-05 08:30:00,2024-01-05 09:00:00,2024-01-05 15:00:00,TICKER_0305.JP,1802.29,1847.22,2.698,2.393,22917.03,True
2024-01-05,2024-01-05 08:30:00,2024-01-05 09:00:00,2024-01-05 15:00:00,TICKER_0342.JP,1912.65,1858.77,-2.623,-2.917,-27936.65,False
2024-01-05,2024-01-05 08:30:00,2024-01-05 09:00:00,2024-01-05 15:00:00,TICKER_0379.JP,2004.92,2020.09,0.958,0.656,6286.11,True
2024-01-05,2024-01-05 08:30:00,2024-01-05 09:00:00,2024-01-05 15:00:00,TICKER_0416.JP,2066.34,2120.76,2.839,2.533,24260.92,True
2024-01-05,2024-01-05 08:30:00,2024-01-05 09:00:00,2024-01-05 15:00:00,TICKER_0453.JP,2155.47,2151.85,0.032,-0.268,-2569.32,False
2024-01-05,2024-01-05 08:30:00,2024-01-05 09:00:00,2024-01-05 15:00:00,TICKER_0490.JP,2243.76,2296.63,2.561,2.256,21608.14,True
2024-01-05,2024-01-05 08:30:00,2024-01-05 09:00:00,2024-01-05 15:00:00,TICKER_0527.JP,2317.44,2391.85,3.418,3.111,29792.65,True
2024-01-05,2024-01-05 08:30:00,2024-01-05 09:00:00,2024-01-05 15:00:00,TICKER_0564.JP,2413.02,2469.61,2.55,2.245,21500.8,True
2024-01-05,2024-01-05 08:30:00,2024-01-05 09:00:00,2024-01-05 15:00:00,TICKER_0601.JP,2544.75,2492.24,-1.868,-2.164,-20721.75,False
2024-01-05,2024-01-05 08:30:00,2024-01-05 09:00:00,2024-01-05 15:00:00,TICKER_0638.JP,2556.22,2591.25,1.573,1.27,12163.42,True
2024-01-08,2024-01-08 08:30:00,2024-01-08 09:00:00,2024-01-08 15:00:00,TICKER_0792.JP,1823.03,1863.71,2.436,2.132,20591.02,True
2024-01-08,2024-01-08 08:30:00,2024-01-08 09:00:00,2024-01-08 15:00:00,TICKER_0829.JP,1921.03,1970.27,2.768,2.463,23793.38,True
2024-01-08,2024-01-08 08:30:00,2024-01-08 09:00:00,2024-01-08 15:00:00,TICKER_0866.JP,1957.28,1975.2,1.118,0.816,7881.82,True
2024-01-08,2024-01-08 08:30:00,2024-01-08 09:00:00,2024-01-08 15:00:00,TICKER_0903.JP,2023.78,2030.66,0.541,0.24,2315.81,True
2024-01-08,2024-01-08 08:30:00,2024-01-08 09:00:00,2024-01-08 15:00:00,TICKER_0940.JP,2112.31,2121.26,0.625,0.324,3125.3,True
2024-01-08,2024-01-08 08:30:00,2024-01-08 09:00:00,2024-01-08 15:00:00,TICKER_0977.JP,2220.26,2207.05,-0.396,-0.695,-6712.14,False
2024-01-08,2024-01-08 08:30:00,2024-01-08 09:00:00,2024-01-08 15:00:00,TICKER_1014.JP,2282.44,2335.64,2.536,2.231,21550.2,True
2024-01-08,2024-01-08 08:30:00,2024-01-08 09:00:00,2024-01-08 15:00:00,TICKER_1051.JP,2363.71,2447.13,3.736,3.429,33124.89,True
2024-01-08,2024-01-08 08:30:00,2024-01-08 09:00:00,2024-01-08 15:00:00,TICKER_1088.JP,2489.89,2553.19,2.748,2.443,23594.58,True
2024-01-08,2024-01-08 08:30:00,2024-01-08 09:00:00,2024-01-08 15:00:00,TICKER_1125.JP,2576.42,2609.41,1.483,1.18,11400.75,True
2024-01-09,2024-01-09 08:30:00,2024-01-09 09:00:00,2024-01-09 15:00:00,TICKER_0018.JP,1506.15,1498.35,-0.319,-0.618,-6054.03,False
2024-01-09,2024-01-09 08:30:00,2024-01-09 09:00:00,2024-01-09 15:00:00,TICKER_0055.JP,1601.43,1622.19,1.499,1.196,11714.04,True
2024-01-09,2024-01-09 08:30:00,2024-01-09 09:00:00,2024-01-09 15:00:00,TICKER_0092.JP,1703.99,1760.12,3.501,3.194,31278.04,True
2024-01-09,2024-01-09 08:30:00,2024-01-09 09:00:00,2024-01-09 15:00:00,TICKER_0129.JP,1797.83,1888.98,5.281,4.97,48675.06,True
2024-01-09,2024-01-09 08:30:00,2024-01-09 09:00:00,2024-01-09 15:00:00,TICKER_0166.JP,1876.92,1895.64,1.2,0.898,8792.3,True
2024-01-09,2024-01-09 08:30:00,2024-01-09 09:00:00,2024-01-09 15:00:00,TICKER_0203.JP,2005.05,1972.79,-1.412,-1.709,-16740.12,False
2024-01-09,2024-01-09 08:30:00,2024-01-09 09:00:00,2024-01-09 15:00:00,TICKER_0240.JP,2009.16,2005.26,0.006,-0.294,-2877.63,False
2024-01-09,2024-01-09 08:30:00,2024-01-09 09:00:00,2024-01-09 15:00:00,TICKER_0277.JP,2106.58,2072.43,-1.425,-1.722,-16859.69,False
2024-01-09,2024-01-09 08:30:00,2024-01-09 09:00:00,2024-01-09 15:00:00,TICKER_0314.JP,2204.41,2219.63,0.892,0.59,5780.55,True
2024-01-09,2024-01-09 08:30:00,2024-01-09 09:00:00,2024-01-09 15:00:00,TICKER_0351.JP,2272.95,2344.74,3.365,3.059,29953.61,True
2024-01-10,2024-01-10 08:30:00,2024-01-10 09:00:00,2024-01-10 15:00:00,TICKER_0796.JP,1832.87,1863.58,1.879,1.576,15571.73,True
2024-01-10,2024-01-10 08:30:00,2024-01-10 09:00:00,2024-01-10 15:00:00,TICKER_0833.JP,1898.3,1963.19,3.626,3.319,32797.41,True
2024-01-10,2024-01-10 08:30:00,2024-01-10 09:00:00,2024-01-10 15:00:00,TICKER_0870.JP,1961.87,1991.62,1.719,1.416,13995.75,True
2024-01-10,2024-01-10 08:30:00,2024-01-10 09:00:00,2024-01-10 15:00:00,TICKER_0907.JP,2086.75,2145.91,3.041,2.735,27027.28,True
2024-01-10,2024-01-10 08:30:00,2024-01-10 09:00:00,2024-01-10 15:00:00,TICKER_0944.JP,2150.55,2177.24,1.444,1.141,11277.59,True
2024-01-10,2024-01-10 08:30:00,2024-01-10 09:00:00,2024-01-10 15:00:00,TICKER_0981.JP,2263.04,2247.68,-0.48,-0.779,-7696.05,False
2024-01-10,2024-01-10 08:30:00,2024-01-10 09:00:00,2024-01-10 15:00:00,TICKER_1018.JP,2302.87,2288.73,-0.415,-0.714,-7056.87,False
2024-01-10,2024-01-10 08:30:00,2024-01-10 09:00:00,2024-01-10 15:00:00,TICKER_1055.JP,2416.29,2498.62,3.614,3.307,32681.83,True
2024-01-10,2024-01-10 08:30:00,2024-01-10 09:00:00,2024-01-10 15:00:00,TICKER_1092.JP,2505.96,2538.93,1.518,1.215,12011.7,True
2024-01-10,2024-01-10 08:30:00,2024-01-10 09:00:00,2024-01-10 15:00:00,TICKER_1129.JP,2586.9,2504.62,-2.987,-3.281,-32421.08,False
2024-01-11,2024-01-11 08:30:00,2024-01-11 09:00:00,2024-01-11 15:00:00,TICKER_0814.JP,1840.79,1809.74,-1.49,-1.787,-17824.57,False
2024-01-11,2024-01-11 08:30:00,2024-01-11 09:00:00,2024-01-11 15:00:00,TICKER_0851.JP,1890.76,1878.51,-0.449,-0.748,-7460.29,False
2024-01-11,2024-01-11 08:30:00,2024-01-11 09:00:00,2024-01-11 15:00:00,TICKER_0888.JP,2015.93,2059.62,2.371,2.067,20619.27,True
2024-01-11,2024-01-11 08:30:00,2024-01-11 09:00:00,2024-01-11 15:00:00,TICKER_0925.JP,2076.04,2011.59,-2.911,-3.205,-31970.3,False
2024-01-11,2024-01-11 08:30:00,2024-01-11 09:00:00,2024-01-11 15:00:00,TICKER_0962.JP,2177.14,2174.87,0.096,-0.204,-2038.61,False
2024-01-11,2024-01-11 08:30:00,2024-01-11 09:00:00,2024-01-11 15:00:00,TICKER_0999.JP,2264.15,2261.96,0.103,-0.197,-1965.16,False
2024-01-11,2024-01-11 08:30:00,2024-01-11 09:00:00,2024-01-11 15:00:00,TICKER_1036.JP,2349.84,2371.42,1.12,0.818,8163.16,True
2024-01-11,2024-01-11 08:30:00,2024-01-11 09:00:00,2024-01-11 15:00:00,TICKER_1073.JP,2391.08,2435.35,2.056,1.752,17473.51,True
2024-01-11,2024-01-11 08:30:00,2024-01-11 09:00:00,2024-01-11 15:00:00,TICKER_1110.JP,2573.27,2648.93,3.146,2.84,28332.28,True
2024-01-11,2024-01-11 08:30:00,2024-01-11 09:00:00,2024-01-11 15:00:00,TICKER_1147.JP,2571.84,2625.73,2.3,1.995,19906.25,True
2024-01-12,2024-01-12 08:30:00,2024-01-12 09:00:00,2024-01-12 15:00:00,TICKER_0790.JP,1819.66,1869.4,2.939,2.634,26354.38,True
2024-01-12,2024-01-12 08:30:00,2024-01-12 09:00:00,2024-01-12 15:00:00,TICKER_0827.JP,1895.06,1868.72,-1.193,-1.49,-14912.05,False
2024-01-12,2024-01-12 08:30:00,2024-01-12 09:00:00,2024-01-12 15:00:00,TICKER_0864.JP,1951.48,2012.4,3.328,3.022,30237.21,True
2024-01-12,2024-01-12 08:30:00,2024-01-12 09:00:00,2024-01-12 15:00:00,TICKER_0901.JP,2051.08,2058.67,0.571,0.27,2702.56,True
2024-01-12,2024-01-12 08:30:00,2024-01-12 09:00:00,2024-01-12 15:00:00,TICKER_0938.JP,2160.65,2279.01,5.689,5.378,53818.91,True
2024-01-12,2024-01-12 08:30:00,2024-01-12 09:00:00,2024-01-12 15:00:00,TICKER_0975.JP,2236.0,2294.07,2.802,2.497,24988.46,True
2024-01-12,2024-01-12 08:30:00,2024-01-12 09:00:00,2024-01-12 15:00:00,TICKER_1012.JP,2315.6,2311.04,0.003,-0.297,-2974.27,False
2024-01-12,2024-01-12 08:30:00,2024-01-12 09:00:00,2024-01-12 15:00:00,TICKER_1049.JP,2385.99,2476.18,3.988,3.68,36825.47,True
2024-01-12,2024-01-12 08:30:00,2024-01-12 09:00:00,2024-01-12 15:00:00,TICKER_1086.JP,2483.86,2490.19,0.455,0.155,1547.94,True
2024-01-12,2024-01-12 08:30:00,2024-01-12 09:00:00,2024-01-12 15:00:00,TICKER_1123.JP,2588.74,2618.5,1.352,1.05,10504.62,True
2024-01-15,2024-01-15 08:30:00,2024-01-15 09:00:00,2024-01-15 15:00:00,TICKER_0949.JP,1946.19,1982.86,2.088,1.784,18136.69,True
2024-01-15,2024-01-15 08:30:00,2024-01-15 09:00:00,2024-01-15 15:00:00,TICKER_0986.JP,2037.14,1956.59,-3.761,-4.054,-41218.26,False
2024-01-15,2024-01-15 08:30:00,2024-01-15 09:00:00,2024-01-15 15:00:00,TICKER_1023.JP,2123.59,2131.57,0.576,0.276,2801.61,True
2024-01-15,2024-01-15 08:30:00,2024-01-15 09:00:00,2024-01-15 15:00:00,TICKER_1060.JP,2242.35,2382.89,6.48,6.168,62712.83,True
2024-01-15,2024-01-15 08:30:00,2024-01-15 09:00:00,2024-01-15 15:00:00,TICKER_1097.JP,2285.51,2283.6,0.117,-0.184,-1866.13,False
2024-01-15,2024-01-15 08:30:00,2024-01-15 09:00:00,2024-01-15 15:00:00,TICKER_1134.JP,2398.98,2415.29,0.882,0.58,5898.5,True
2024-01-15,2024-01-15 08:30:00,2024-01-15 09:00:00,2024-01-15 15:00:00,TICKER_1171.JP,2440.59,2460.83,1.031,0.729,7414.92,True
2024-01-15,2024-01-15 08:30:00,2024-01-15 09:00:00,2024-01-15 15:00:00,TICKER_1208.JP,2548.57,2599.0,2.183,1.879,19103.96,True
2024-01-15,2024-01-15 08:30:00,2024-01-15 09:00:00,2024-01-15 15:00:00,TICKER_1245.JP,2664.29,2672.57,0.512,0.211,2144.34,True
2024-01-15,2024-01-15 08:30:00,2024-01-15 09:00:00,2024-01-15 15:00:00,TICKER_1282.JP,2773.6,2923.64,5.621,5.31,53988.08,True
2024-01-16,2024-01-16 08:30:00,2024-01-16 09:00:00,2024-01-16 15:00:00,TICKER_0651.JP,1644.57,1688.28,2.863,2.558,26319.68,True
2024-01-16,2024-01-16 08:30:00,2024-01-16 09:00:00,2024-01-16 15:00:00,TICKER_0688.JP,1738.2,1724.18,-0.608,-0.906,-9324.72,False
2024-01-16,2024-01-16 08:30:00,2024-01-16 09:00:00,2024-01-16 15:00:00,TICKER_0725.JP,1839.46,1820.51,-0.832,-1.13,-11630.29,False
2024-01-16,2024-01-16 08:30:00,2024-01-16 09:00:00,2024-01-16 15:00:00,TICKER_0762.JP,1893.84,1823.22,-3.536,-3.829,-39400.12,False
2024-01-16,2024-01-16 08:30:00,2024-01-16 09:00:00,2024-01-16 15:00:00,TICKER_0799.JP,2005.9,2023.08,1.058,0.757,7785.01,True
2024-01-16,2024-01-16 08:30:00,2024-01-16 09:00:00,2024-01-16 15:00:00,TICKER_0836.JP,2089.3,2109.21,1.155,0.853,8778.06,True
2024-01-16,2024-01-16 08:30:00,2024-01-16 09:00:00,2024-01-16 15:00:00,TICKER_0873.JP,2174.2,2207.67,1.743,1.439,14811.46,True
2024-01-16,2024-01-16 08:30:00,2024-01-16 09:00:00,2024-01-16 15:00:00,TICKER_0910.JP,2220.01,2139.29,-3.443,-3.736,-38445.35,False
2024-01-16,2024-01-16 08:30:00,2024-01-16 09:00:00,2024-01-16 15:00:00,TICKER_0947.JP,2360.2,2378.88,0.993,0.691,7115.88,True
2024-01-16,2024-01-16 08:30:00,2024-01-16 09:00:00,2024-01-16 15:00:00,TICKER_0984.JP,2432.48,2478.68,2.103,1.799,18515.22,True
2024-01-17,2024-01-17 08:30:00,2024-01-17 09:00:00,2024-01-17 15:00:00,TICKER_0393.JP,1859.03,1874.95,1.059,0.757,7775.57,True
2024-01-17,2024-01-17 08:30:00,2024-01-17 09:00:00,2024-01-17 15:00:00,TICKER_0430.JP,1952.18,2018.2,3.589,3.282,33723.64,True
2024-01-17,2024-01-17 08:30:00,2024-01-17 09:00:00,2024-01-17 15:00:00,TICKER_0467.JP,2121.21,2051.63,-3.087,-3.38,-34735.79,False
2024-01-17,2024-01-17 08:30:00,2024-01-17 09:00:00,2024-01-17 15:00:00,TICKER_0504.JP,2163.19,2164.96,0.282,-0.018,-185.9,False
2024-01-17,2024-01-17 08:30:00,2024-01-17 09:00:00,2024-01-17 15:00:00,TICKER_0541.JP,2247.84,2265.9,1.006,0.704,7231.29,True
2024-01-17,2024-01-17 08:30:00,2024-01-17 09:00:00,2024-01-17 15:00:00,TICKER_0578.JP,2353.88,2351.12,0.082,-0.217,-2234.64,False
2024-01-17,2024-01-17 08:30:00,2024-01-17 09:00:00,2024-01-17 15:00:00,TICKER_0615.JP,2437.5,2453.53,0.86,0.558,5734.02,True
2024-01-17,2024-01-17 08:30:00,2024-01-17 09:00:00,2024-01-17 15:00:00,TICKER_0652.JP,2494.43,2467.67,-0.875,-1.173,-12052.25,False
2024-01-17,2024-01-17 08:30:00,2024-01-17 09:00:00,2024-01-17 15:00:00,TICKER_0689.JP,2552.15,2653.27,4.17,3.862,39688.64,True
2024-01-17,2024-01-17 08:30:00,2024-01-17 09:00:00,2024-01-17 15:00:00,TICKER_0726.JP,2686.97,2716.36,1.296,0.994,10210.8,True
2024-01-18,2024-01-18 08:30:00,2024-01-18 09:00:00,2024-01-18 15:00:00,TICKER_0236.JP,1756.32,1781.77,1.652,1.349,13928.52,True
2024-01-18,2024-01-18 08:30:00,2024-01-18 09:00:00,2024-01-18 15:00:00,TICKER_0273.JP,1834.24,1875.67,2.463,2.159,22295.57,True
2024-01-18,2024-01-18 08:30:00,2024-01-18 09:00:00,2024-01-18 15:00:00,TICKER_0310.JP,1899.16,1884.94,-0.55,-0.848,-8762.91,False
2024-01-18,2024-01-18 08:30:00,2024-01-18 09:00:00,2024-01-18 15:00:00,TICKER_0347.JP,1984.21,2029.02,2.463,2.158,22290.01,True
2024-01-18,2024-01-18 08:30:00,2024-01-18 09:00:00,2024-01-18 15:00:00,TICKER_0384.JP,2081.13,2200.98,5.971,5.659,58445.3,True
2024-01-18,2024-01-18 08:30:00,2024-01-18 09:00:00,2024-01-18 15:00:00,TICKER_0421.JP,2136.88,2122.94,-0.453,-0.752,-7770.38,False
2024-01-18,2024-01-18 08:30:00,2024-01-18 09:00:00,2024-01-18 15:00:00,TICKER_0458.JP,2228.22,2310.18,3.886,3.578,36958.03,True
2024-01-18,2024-01-18 08:30:00,2024-01-18 09:00:00,2024-01-18 15:00:00,TICKER_0495.JP,2360.89,2377.61,0.91,0.608,6282.36,True
2024-01-18,2024-01-18 08:30:00,2024-01-18 09:00:00,2024-01-18 15:00:00,TICKER_0532.JP,2448.28,2453.45,0.412,0.112,1151.66,True
2024-01-18,2024-01-18 08:30:00,2024-01-18 09:00:00,2024-01-18 15:00:00,TICKER_0569.JP,2469.36,2679.11,8.711,8.394,86696.98,True
2024-01-19,2024-01-19 08:30:00,2024-01-19 09:00:00,2024-01-19 15:00:00,TICKER_0299.JP,1809.25,1841.68,1.996,1.692,17851.79,True
2024-01-19,2024-01-19 08:30:00,2024-01-19 09:00:00,2024-01-19 15:00:00,TICKER_0336.JP,1894.84,1966.14,3.971,3.663,38635.75,True
2024-01-19,2024-01-19 08:30:00,2024-01-19 09:00:00,2024-01-19 15:00:00,TICKER_0373.JP,1974.39,2035.29,3.291,2.985,31481.1,True
2024-01-19,2024-01-19 08:30:00,2024-01-19 09:00:00,2024-01-19 15:00:00,TICKER_0410.JP,2063.96,2045.27,-0.707,-1.006,-10606.22,False
2024-01-19,2024-01-19 08:30:00,2024-01-19 09:00:00,2024-01-19 15:00:00,TICKER_0447.JP,2164.01,2208.07,2.24,1.936,20420.59,True
2024-01-19,2024-01-19 08:30:00,2024-01-19 09:00:00,2024-01-19 15:00:00,TICKER_0484.JP,2263.17,2266.43,0.345,0.044,464.78,True
2024-01-19,2024-01-19 08:30:00,2024-01-19 09:00:00,2024-01-19 15:00:00,TICKER_0521.JP,2312.27,2355.85,2.089,1.785,18826.47,True
2024-01-19,2024-01-19 08:30:00,2024-01-19 09:00:00,2024-01-19 15:00:00,TICKER_0558.JP,2432.09,2455.56,1.167,0.865,9125.33,True
2024-01-19,2024-01-19 08:30:00,2024-01-19 09:00:00,2024-01-19 15:00:00,TICKER_0595.JP,2472.89,2515.84,1.941,1.637,17266.14,True
2024-01-19,2024-01-19 08:30:00,2024-01-19 09:00:00,2024-01-19 15:00:00,TICKER_0632.JP,2595.14,2689.08,3.827,3.52,37126.14,True
2024-01-22,2024-01-22 08:30:00,2024-01-22 09:00:00,2024-01-22 15:00:00,TICKER_0341.JP,1854.64,1924.98,4.0,3.693,39584.36,True
2024-01-22,2024-01-22 08:30:00,2024-01-22 09:00:00,2024-01-22 15:00:00,TICKER_0378.JP,1902.12,1923.22,1.312,1.01,10821.92,True
2024-01-22,2024-01-22 08:30:00,2024-01-22 09:00:00,2024-01-22 15:00:00,TICKER_0415.JP,2023.08,2142.41,6.11,5.798,62154.68,True
2024-01-22,2024-01-22 08:30:00,2024-01-22 09:00:00,2024-01-22 15:00:00,TICKER_0452.JP,2097.04,2053.56,-1.877,-2.173,-23298.51,False
2024-01-22,2024-01-22 08:30:00,2024-01-22 09:00:00,2024-01-22 15:00:00,TICKER_0489.JP,2196.31,2232.66,1.858,1.555,16665.29,True
2024-01-22,2024-01-22 08:30:00,2024-01-22 09:00:00,2024-01-22 15:00:00,TICKER_0526.JP,2233.47,2316.0,3.903,3.595,38539.23,True
2024-01-22,2024-01-22 08:30:00,2024-01-22 09:00:00,2024-01-22 15:00:00,TICKER_0563.JP,2348.4,2347.39,0.157,-0.143,-1531.09,False
2024-01-22,2024-01-22 08:30:00,2024-01-22 09:00:00,2024-01-22 15:00:00,TICKER_0600.JP,2452.09,2447.7,0.021,-0.279,-2991.05,False
2024-01-22,2024-01-22 08:30:00,2024-01-22 09:00:00,2024-01-22 15:00:00,TICKER_0637.JP,2547.59,2573.64,1.225,0.923,9893.04,True
2024-01-22,2024-01-22 08:30:00,2024-01-22 09:00:00,2024-01-22 15:00:00,TICKER_0674.JP,2610.43,2668.07,2.413,2.108,22598.53,True
2024-01-23,2024-01-23 08:30:00,2024-01-23 09:00:00,2024-01-23 15:00:00,TICKER_0937.JP,1961.32,1943.36,-0.717,-1.015,-11051.58,False
2024-01-23,2024-01-23 08:30:00,2024-01-23 09:00:00,2024-01-23 15:00:00,TICKER_0974.JP,1987.22,2020.29,1.868,1.564,17024.73,True
2024-01-23,2024-01-23 08:30:00,2024-01-23 09:00:00,2024-01-23 15:00:00,TICKER_1011.JP,2110.89,2095.5,-0.53,-0.829,-9021.44,False
2024-01-23,2024-01-23 08:30:00,2024-01-23 09:00:00,2024-01-23 15:00:00,TICKER_1048.JP,2182.2,2163.45,-0.661,-0.959,-10437.6,False
2024-01-23,2024-01-23 08:30:00,2024-01-23 09:00:00,2024-01-23 15:00:00,TICKER_1085.JP,2281.6,2257.61,-0.853,-1.151,-12531.54,False
2024-01-23,2024-01-23 08:30:00,2024-01-23 09:00:00,2024-01-23 15:00:00,TICKER_1122.JP,2423.44,2321.98,-3.995,-4.287,-46655.94,False
2024-01-23,2024-01-23 08:30:00,2024-01-23 09:00:00,2024-01-23 15:00:00,TICKER_1159.JP,2486.17,2472.64,-0.345,-0.644,-7010.77,False
2024-01-23,2024-01-23 08:30:00,2024-01-23 09:00:00,2024-01-23 15:00:00,TICKER_1196.JP,2533.92,2591.75,2.487,2.182,23748.0,True
2024-01-23,2024-01-23 08:30:00,2024-01-23 09:00:00,2024-01-23 15:00:00,TICKER_1233.JP,2659.17,2712.12,2.195,1.891,20582.71,True
2024-01-23,2024-01-23 08:30:00,2024-01-23 09:00:00,2024-01-23 15:00:00,TICKER_1270.JP,2731.07,2805.64,2.936,2.631,28629.75,True
2024-01-24,2024-01-24 08:30:00,2024-01-24 09:00:00,2024-01-24 15:00:00,TICKER_0812.JP,1800.74,1850.47,2.967,2.662,28950.39,True
2024-01-24,2024-01-24 08:30:00,2024-01-24 09:00:00,2024-01-24 15:00:00,TICKER_0849.JP,1908.01,1892.31,-0.624,-0.923,-10038.15,False
2024-01-24,2024-01-24 08:30:00,2024-01-24 09:00:00,2024-01-24 15:00:00,TICKER_0886.JP,2025.72,2073.85,2.581,2.276,24755.99,True
2024-01-24,2024-01-24 08:30:00,2024-01-24 09:00:00,2024-01-24 15:00:00,TICKER_0923.JP,2055.06,2007.12,-2.137,-2.433,-26462.84,False
2024-01-24,2024-01-24 08:30:00,2024-01-24 09:00:00,2024-01-24 15:00:00,TICKER_0960.JP,2147.53,2173.48,1.411,1.109,12060.44,True
2024-01-24,2024-01-24 08:30:00,2024-01-24 09:00:00,2024-01-24 15:00:00,TICKER_0997.JP,2227.62,2268.9,2.057,1.753,19070.47,True
2024-01-24,2024-01-24 08:30:00,2024-01-24 09:00:00,2024-01-24 15:00:00,TICKER_1034.JP,2326.91,2373.19,2.193,1.889,20545.81,True
2024-01-24,2024-01-24 08:30:00,2024-01-24 09:00:00,2024-01-24 15:00:00,TICKER_1071.JP,2391.58,2481.91,3.985,3.677,39993.74,True
2024-01-24,2024-01-24 08:30:00,2024-01-24 09:00:00,2024-01-24 15:00:00,TICKER_1108.JP,2515.1,2488.45,-0.862,-1.16,-12614.68,False
2024-01-24,2024-01-24 08:30:00,2024-01-24 09:00:00,2024-01-24 15:00:00,TICKER_1145.JP,2683.59,2629.66,-1.814,-2.11,-22948.0,False
2024-01-25,2024-01-25 08:30:00,2024-01-25 09:00:00,2024-01-25 15:00:00,TICKER_0240.JP,1741.95,1731.02,-0.429,-0.728,-7965.21,False
2024-01-25,2024-01-25 08:30:00,2024-01-25 09:00:00,2024-01-25 15:00:00,TICKER_0277.JP,1836.31,1881.13,2.645,2.34,25619.39,True
2024-01-25,2024-01-25 08:30:00,2024-01-25 09:00:00,2024-01-25 15:00:00,TICKER_0314.JP,1938.09,1815.93,-6.115,-6.403,-70090.39,False
2024-01-25,2024-01-25 08:30:00,2024-01-25 09:00:00,2024-01-25 15:00:00,TICKER_0351.JP,1955.63,1994.3,2.182,1.877,20551.17,True
2024-01-25,2024-01-25 08:30:00,2024-01-25 09:00:00,2024-01-25 15:00:00,TICKER_0388.JP,2040.48,2061.37,1.226,0.924,10111.44,True
2024-01-25,2024-01-25 08:30:00,2024-01-25 09:00:00,2024-01-25 15:00:00,TICKER_0425.JP,2160.88,2161.0,0.206,-0.095,-1034.84,False
2024-01-25,2024-01-25 08:30:00,2024-01-25 09:00:00,2024-01-25 15:00:00,TICKER_0462.JP,2285.73,2326.04,1.967,1.663,18209.68,True
2024-01-25,2024-01-25 08:30:00,2024-01-25 09:00:00,2024-01-25 15:00:00,TICKER_0499.JP,2358.73,2310.63,-1.843,-2.139,-23417.5,False
2024-01-25,2024-01-25 08:30:00,2024-01-25 09:00:00,2024-01-25 15:00:00,TICKER_0536.JP,2434.2,2501.98,2.99,2.684,29383.76,True
2024-01-25,2024-01-25 08:30:00,2024-01-25 09:00:00,2024-01-25 15:00:00,TICKER_0573.JP,2519.97,2481.27,-1.339,-1.636,-17906.6,False
2024-01-26,2024-01-26 08:30:00,2024-01-26 09:00:00,2024-01-26 15:00:00,TICKER_0124.JP,1663.46,1610.62,-2.983,-3.277,-35818.5,False
2024-01-26,2024-01-26 08:30:00,2024-01-26 09:00:00,2024-01-26 15:00:00,TICKER_0161.JP,1718.46,1759.52,2.594,2.289,25026.42,True
2024-01-26,2024-01-26 08:30:00,2024-01-26 09:00:00,2024-01-26 15:00:00,TICKER_0198.JP,1800.23,1818.58,1.222,0.919,10049.84,True
2024-01-26,2024-01-26 08:30:00,2024-01-26 09:00:00,2024-01-26 15:00:00,TICKER_0235.JP,1885.91,1931.09,2.6,2.295,25089.96,True
2024-01-26,2024-01-26 08:30:00,2024-01-26 09:00:00,2024-01-26 15:00:00,TICKER_0272.JP,1990.37,1994.85,0.426,0.125,1369.93,True
2024-01-26,2024-01-26 08:30:00,2024-01-26 09:00:00,2024-01-26 15:00:00,TICKER_0309.JP,2047.23,2035.73,-0.362,-0.661,-7229.74,False
2024-01-26,2024-01-26 08:30:00,2024-01-26 09:00:00,2024-01-26 15:00:00,TICKER_0346.JP,2128.88,2090.99,-1.583,-1.88,-20548.33,False
2024-01-26,2024-01-26 08:30:00,2024-01-26 09:00:00,2024-01-26 15:00:00,TICKER_0383.JP,2182.92,2215.33,1.688,1.385,15137.24,True
2024-01-26,2024-01-26 08:30:00,2024-01-26 09:00:00,2024-01-26 15:00:00,TICKER_0420.JP,2339.85,2316.16,-0.814,-1.112,-12158.53,False
2024-01-26,2024-01-26 08:30:00,2024-01-26 09:00:00,2024-01-26 15:00:00,TICKER_0457.JP,2364.66,2476.62,4.944,4.635,50661.89,True
2024-01-29,2024-01-29 08:30:00,2024-01-29 09:00:00,2024-01-29 15:00:00,TICKER_0314.JP,1826.95,1873.08,2.73,2.425,26626.49,True
2024-01-29,2024-01-29 08:30:00,2024-01-29 09:00:00,2024-01-29 15:00:00,TICKER_0351.JP,1930.9,2010.96,4.355,4.046,44427.2,True
2024-01-29,2024-01-29 08:30:00,2024-01-29 09:00:00,2024-01-29 15:00:00,TICKER_0388.JP,1986.66,1983.22,0.027,-0.273,-2999.2,False
2024-01-29,2024-01-29 08:30:00,2024-01-29 09:00:00,2024-01-29 15:00:00,TICKER_0425.JP,2123.56,2083.4,-1.695,-1.991,-21861.59,False
2024-01-29,2024-01-29 08:30:00,2024-01-29 09:00:00,2024-01-29 15:00:00,TICKER_0462.JP,2174.88,2198.36,1.282,0.979,10754.44,True
2024-01-29,2024-01-29 08:30:00,2024-01-29 09:00:00,2024-01-29 15:00:00,TICKER_0499.JP,2276.53,2310.18,1.681,1.378,15128.69,True
2024-01-29,2024-01-29 08:30:00,2024-01-29 09:00:00,2024-01-29 15:00:00,TICKER_0536.JP,2354.17,2328.5,-0.893,-1.191,-13072.0,False
2024-01-29,2024-01-29 08:30:00,2024-01-29 09:00:00,2024-01-29 15:00:00,TICKER_0573.JP,2395.56,2328.71,-2.596,-2.891,-31740.75,False
2024-01-29,2024-01-29 08:30:00,2024-01-29 09:00:00,2024-01-29 15:00:00,TICKER_0610.JP,2461.42,2540.31,3.412,3.105,34093.1,True
2024-01-29,2024-01-29 08:30:00,2024-01-29 09:00:00,2024-01-29 15:00:00,TICKER_0647.JP,2604.51,2764.73,6.364,6.052,66447.81,True
2024-01-30,2024-01-30 08:30:00,2024-01-30 09:00:00,2024-01-30 15:00:00,TICKER_0673.JP,1652.08,1684.38,2.159,1.855,20596.9,True
2024-01-30,2024-01-30 08:30:00,2024-01-30 09:00:00,2024-01-30 15:00:00,TICKER_0710.JP,1762.52,1824.08,3.7,3.393,37666.5,True
2024-01-30,2024-01-30 08:30:00,2024-01-30 09:00:00,2024-01-30 15:00:00,TICKER_0747.JP,1861.21,1877.37,1.07,0.768,8529.61,True
2024-01-30,2024-01-30 08:30:00,2024-01-30 09:00:00,2024-01-30 15:00:00,TICKER_0784.JP,1947.68,1980.08,1.867,1.564,17358.72,True
2024-01-30,2024-01-30 08:30:00,2024-01-30 09:00:00,2024-01-30 15:00:00,TICKER_0821.JP,2012.51,2058.77,2.503,2.199,24407.3,True
2024-01-30,2024-01-30 08:30:00,2024-01-30 09:00:00,2024-01-30 15:00:00,TICKER_0858.JP,2084.45,2098.26,0.864,0.562,6243.42,True
2024-01-30,2024-01-30 08:30:00,2024-01-30 09:00:00,2024-01-30 15:00:00,TICKER_0895.JP,2205.63,2289.72,4.02,3.712,41211.76,True
2024-01-30,2024-01-30 08:30:00,2024-01-30 09:00:00,2024-01-30 15:00:00,TICKER_0932.JP,2298.35,2346.86,2.315,2.011,22323.54,True
2024-01-30,2024-01-30 08:30:00,2024-01-30 09:00:00,2024-01-30 15:00:00,TICKER_0969.JP,2342.73,2412.82,3.198,2.892,32105.53,True
2024-01-30,2024-01-30 08:30:00,2024-01-30 09:00:00,2024-01-30 15:00:00,TICKER_1006.JP,2456.21,2500.31,1.999,1.695,18819.06,True
2024-01-31,2024-01-31 08:30:00,2024-01-31 09:00:00,2024-01-31 15:00:00,TICKER_0745.JP,1792.51,1772.64,-0.911,-1.209,-13682.65,False
2024-01-31,2024-01-31 08:30:00,2024-01-31 09:00:00,2024-01-31 15:00:00,TICKER_0782.JP,1868.58,1850.48,-0.77,-1.069,-12095.83,False
2024-01-31,2024-01-31 08:30:00,2024-01-31 09:00:00,2024-01-31 15:00:00,TICKER_0819.JP,1940.31,2033.32,5.004,4.694,53131.65,True
2024-01-31,2024-01-31 08:30:00,2024-01-31 09:00:00,2024-01-31 15:00:00,TICKER_0856.JP,2006.31,2093.89,4.574,4.265,48279.19,True
2024-01-31,2024-01-31 08:30:00,2024-01-31 09:00:00,2024-01-31 15:00:00,TICKER_0893.JP,2085.08,2132.77,2.492,2.187,24753.31,True
2024-01-31,2024-01-31 08:30:00,2024-01-31 09:00:00,2024-01-31 15:00:00,TICKER_0930.JP,2174.75,2193.59,1.068,0.766,8674.9,True
2024-01-31,2024-01-31 08:30:00,2024-01-31 09:00:00,2024-01-31 15:00:00,TICKER_0967.JP,2228.71,2250.89,1.197,0.895,10133.2,True
2024-01-31,2024-01-31 08:30:00,2024-01-31 09:00:00,2024-01-31 15:00:00,TICKER_1004.JP,2344.01,2400.62,2.62,2.315,26202.98,True
2024-01-31,2024-01-31 08:30:00,2024-01-31 09:00:00,2024-01-31 15:00:00,TICKER_1041.JP,2452.79,2470.53,0.925,0.623,7053.31,True
2024-01-31,2024-01-31 08:30:00,2024-01-31 09:00:00,2024-01-31 15:00:00,TICKER_1078.JP,2509.59,2527.85,0.929,0.628,7105.26,True
2024-02-01,2024-02-01 08:30:00,2024-02-01 09:00:00,2024-02-01 15:00:00,TICKER_0640.JP,1655.68,1704.37,3.147,2.841,32586.2,True
2024-02-01,2024-02-01 08:30:00,2024-02-01 09:00:00,2024-02-01 15:00:00,TICKER_0677.JP,1752.71,1811.4,3.555,3.248,37260.78,True
2024-02-01,2024-02-01 08:30:00,2024-02-01 09:00:00,2024-02-01 15:00:00,TICKER_0714.JP,1815.12,1842.66,1.72,1.417,16252.22,True
2024-02-01,2024-02-01 08:30:00,2024-02-01 09:00:00,2024-02-01 15:00:00,TICKER_0751.JP,1889.88,1900.06,0.74,0.439,5031.84,True
2024-02-01,2024-02-01 08:30:00,2024-02-01 09:00:00,2024-02-01 15:00:00,TICKER_0788.JP,1949.56,1926.6,-0.98,-1.278,-14654.13,False
2024-02-01,2024-02-01 08:30:00,2024-02-01 09:00:00,2024-02-01 15:00:00,TICKER_0825.JP,2085.97,2164.35,3.965,3.657,41954.32,True
2024-02-01,2024-02-01 08:30:00,2024-02-01 09:00:00,2024-02-01 15:00:00,TICKER_0862.JP,2152.92,2152.6,0.185,-0.115,-1320.53,False
2024-02-01,2024-02-01 08:30:00,2024-02-01 09:00:00,2024-02-01 15:00:00,TICKER_0899.JP,2256.45,2324.45,3.22,2.914,33420.85,True
2024-02-01,2024-02-01 08:30:00,2024-02-01 09:00:00,2024-02-01 15:00:00,TICKER_0936.JP,2347.24,2340.84,-0.073,-0.373,-4278.69,False
2024-02-01,2024-02-01 08:30:00,2024-02-01 09:00:00,2024-02-01 15:00:00,TICKER_0973.JP,2446.64,2446.24,0.184,-0.116,-1335.98,False
2024-02-02,2024-02-02 08:30:00,2024-02-02 09:00:00,2024-02-02 15:00:00,TICKER_0561.JP,1564.78,1567.81,0.394,0.093,1085.06,True
2024-02-02,2024-02-02 08:30:00,2024-02-02 09:00:00,2024-02-02 15:00:00,TICKER_0598.JP,1645.54,1682.8,2.469,2.164,25118.47,True
2024-02-02,2024-02-02 08:30:00,2024-02-02 09:00:00,2024-02-02 15:00:00,TICKER_0635.JP,1723.52,1817.36,5.656,5.345,62043.25,True
2024-02-02,2024-02-02 08:30:00,2024-02-02 09:00:00,2024-02-02 15:00:00,TICKER_0672.JP,1851.22,1857.66,0.549,0.248,2878.21,True
2024-02-02,2024-02-02 08:30:00,2024-02-02 09:00:00,2024-02-02 15:00:00,TICKER_0709.JP,1903.66,1920.81,1.103,0.801,9294.51,True
2024-02-02,2024-02-02 08:30:00,2024-02-02 09:00:00,2024-02-02 15:00:00,TICKER_0746.JP,2001.7,2074.18,3.829,3.521,40875.21,True
2024-02-02,2024-02-02 08:30:00,2024-02-02 09:00:00,2024-02-02 15:00:00,TICKER_0783.JP,2094.59,2103.21,0.613,0.312,3617.69,True
2024-02-02,2024-02-02 08:30:00,2024-02-02 09:00:00,2024-02-02 15:00:00,TICKER_0820.JP,2158.81,2108.55,-2.132,-2.428,-28185.76,False
2024-02-02,2024-02-02 08:30:00,2024-02-02 09:00:00,2024-02-02 15:00:00,TICKER_0857.JP,2248.22,2276.53,1.462,1.159,13459.59,True
2024-02-02,2024-02-02 08:30:00,2024-02-02 09:00:00,2024-02-02 15:00:00,TICKER_0894.JP,2343.8,2399.09,2.564,2.259,26222.15,True
2024-02-05,2024-02-05 08:30:00,2024-02-05 09:00:00,2024-02-05 15:00:00,TICKER_0694.JP,1696.63,1683.41,-0.581,-0.879,-10336.79,False
2024-02-05,2024-02-05 08:30:00,2024-02-05 09:00:00,2024-02-05 15:00:00,TICKER_0731.JP,1787.36,1815.92,1.802,1.498,17615.34,True
2024-02-05,2024-02-05 08:30:00,2024-02-05 09:00:00,2024-02-05 15:00:00,TICKER_0768.JP,1892.86,1869.44,-1.04,-1.337,-15724.03,False
2024-02-05,2024-02-05 08:30:00,2024-02-05 09:00:00,2024-02-05 15:00:00,TICKER_0805.JP,1954.59,1990.7,2.051,1.747,20541.76,True
2024-02-05,2024-02-05 08:30:00,2024-02-05 09:00:00,2024-02-05 15:00:00,TICKER_0842.JP,2039.24,2000.72,-1.693,-1.989,-23384.25,False
2024-02-05,2024-02-05 08:30:00,2024-02-05 09:00:00,2024-02-05 15:00:00,TICKER_0879.JP,2129.04,2176.73,2.445,2.14,25162.38,True
2024-02-05,2024-02-05 08:30:00,2024-02-05 09:00:00,2024-02-05 15:00:00,TICKER_0916.JP,2224.55,2189.82,-1.364,-1.661,-19533.43,False
2024-02-05,2024-02-05 08:30:00,2024-02-05 09:00:00,2024-02-05 15:00:00,TICKER_0953.JP,2308.61,2271.98,-1.39,-1.687,-19830.74,False
2024-02-05,2024-02-05 08:30:00,2024-02-05 09:00:00,2024-02-05 15:00:00,TICKER_0990.JP,2391.06,2384.96,-0.055,-0.355,-4173.21,False
2024-02-05,2024-02-05 08:30:00,2024-02-05 09:00:00,2024-02-05 15:00:00,TICKER_1027.JP,2455.97,2474.8,0.968,0.667,7838.14,True
2024-02-06,2024-02-06 08:30:00,2024-02-06 09:00:00,2024-02-06 15:00:00,TICKER_0052.JP,1587.93,1628.89,2.785,2.48,29102.36,True
2024-02-06,2024-02-06 08:30:00,2024-02-06 09:00:00,2024-02-06 15:00:00,TICKER_0089.JP,1646.06,1701.99,3.604,3.297,38698.6,True
2024-02-06,2024-02-06 08:30:00,2024-02-06 09:00:00,2024-02-06 15:00:00,TICKER_0126.JP,1750.71,1769.81,1.293,0.991,11630.27,True
2024-02-06,2024-02-06 08:30:00,2024-02-06 09:00:00,2024-02-06 15:00:00,TICKER_0163.JP,1816.34,1825.22,0.69,0.389,4563.2,True
2024-02-06,2024-02-06 08:30:00,2024-02-06 09:00:00,2024-02-06 15:00:00,TICKER_0200.JP,1910.87,2004.72,5.122,4.812,56471.01,True
2024-02-06,2024-02-06 08:30:00,2024-02-06 09:00:00,2024-02-06 15:00:00,TICKER_0237.JP,1962.84,1976.92,0.919,0.617,7245.35,True
2024-02-06,2024-02-06 08:30:00,2024-02-06 09:00:00,2024-02-06 15:00:00,TICKER_0274.JP,2066.01,2122.95,2.962,2.656,31172.86,True
2024-02-06,2024-02-06 08:30:00,2024-02-06 09:00:00,2024-02-06 15:00:00,TICKER_0311.JP,2177.19,2198.39,1.176,0.874,10256.89,True
2024-02-06,2024-02-06 08:30:00,2024-02-06 09:00:00,2024-02-06 15:00:00,TICKER_0348.JP,2245.62,2312.36,3.178,2.872,33702.83,True
2024-02-06,2024-02-06 08:30:00,2024-02-06 09:00:00,2024-02-06 15:00:00,TICKER_0385.JP,2350.23,2452.43,4.557,4.248,49860.98,True
2024-02-07,2024-02-07 08:30:00,2024-02-07 09:00:00,2024-02-07 15:00:00,TICKER_0948.JP,1923.1,1950.62,1.634,1.331,15963.92,True
2024-02-07,2024-02-07 08:30:00,2024-02-07 09:00:00,2024-02-07 15:00:00,TICKER_0985.JP,2008.44,1991.8,-0.63,-0.929,-11138.01,False
2024-02-07,2024-02-07 08:30:00,2024-02-07 09:00:00,2024-02-07 15:00:00,TICKER_1022.JP,2133.05,2163.46,1.629,1.326,15903.85,True
2024-02-07,2024-02-07 08:30:00,2024-02-07 09:00:00,2024-02-07 15:00:00,TICKER_1059.JP,2197.53,2209.41,0.742,0.441,5286.97,True
2024-02-07,2024-02-07 08:30:00,2024-02-07 09:00:00,2024-02-07 15:00:00,TICKER_1096.JP,2301.36,2425.14,5.59,5.279,63320.68,True
2024-02-07,2024-02-07 08:30:00,2024-02-07 09:00:00,2024-02-07 15:00:00,TICKER_1133.JP,2385.84,2361.96,-0.803,-1.101,-13209.79,False
2024-02-07,2024-02-07 08:30:00,2024-02-07 09:00:00,2024-02-07 15:00:00,TICKER_1170.JP,2445.93,2469.52,1.166,0.864,10366.91,True
2024-02-07,2024-02-07 08:30:00,2024-02-07 09:00:00,2024-02-07 15:00:00,TICKER_1207.JP,2610.39,2659.67,2.092,1.788,21445.99,True
2024-02-07,2024-02-07 08:30:00,2024-02-07 09:00:00,2024-02-07 15:00:00,TICKER_1244.JP,2668.68,2617.42,-1.724,-2.021,-24238.74,False
2024-02-07,2024-02-07 08:30:00,2024-02-07 09:00:00,2024-02-07 15:00:00,TICKER_1281.JP,2741.46,2772.67,1.341,1.039,12459.21,True
2024-02-08,2024-02-08 08:30:00,2024-02-08 09:00:00,2024-02-08 15:00:00,TICKER_0949.JP,1993.16,2054.55,3.287,2.98,36020.52,True
2024-02-08,2024-02-08 08:30:00,2024-02-08 09:00:00,2024-02-08 15:00:00,TICKER_0986.JP,2038.31,2055.73,1.057,0.755,9124.63,True
2024-02-08,2024-02-08 08:30:00,2024-02-08 09:00:00,2024-02-08 15:00:00,TICKER_1023.JP,2133.64,2154.97,1.202,0.9,10875.29,True
2024-02-08,2024-02-08 08:30:00,2024-02-08 09:00:00,2024-02-08 15:00:00,TICKER_1060.JP,2236.21,2225.84,-0.265,-0.564,-6814.83,False
2024-02-08,2024-02-08 08:30:00,2024-02-08 09:00:00,2024-02-08 15:00:00,TICKER_1097.JP,2314.74,2267.93,-1.826,-2.122,-25652.74,False
2024-02-08,2024-02-08 08:30:00,2024-02-08 09:00:00,2024-02-08 15:00:00,TICKER_1134.JP,2388.59,2405.21,0.898,0.596,7204.58,True
2024-02-08,2024-02-08 08:30:00,2024-02-08 09:00:00,2024-02-08 15:00:00,TICKER_1171.JP,2496.49,2585.93,3.79,3.483,42092.71,True
2024-02-08,2024-02-08 08:30:00,2024-02-08 09:00:00,2024-02-08 15:00:00,TICKER_1208.JP,2602.95,2577.97,-0.761,-1.06,-12808.61,False
2024-02-08,2024-02-08 08:30:00,2024-02-08 09:00:00,2024-02-08 15:00:00,TICKER_1245.JP,2622.2,2633.22,0.621,0.32,3873.01,True
2024-02-08,2024-02-08 08:30:00,2024-02-08 09:00:00,2024-02-08 15:00:00,TICKER_1282.JP,2775.25,2856.79,3.144,2.838,34302.87,True
2024-02-09,2024-02-09 08:30:00,2024-02-09 09:00:00,2024-02-09 15:00:00,TICKER_0885.JP,1901.76,1960.84,3.313,3.006,36619.09,True
2024-02-09,2024-02-09 08:30:00,2024-02-09 09:00:00,2024-02-09 15:00:00,TICKER_0922.JP,1984.82,2068.12,4.405,4.097,49898.36,True
2024-02-09,2024-02-09 08:30:00,2024-02-09 09:00:00,2024-02-09 15:00:00,TICKER_0959.JP,2065.58,2156.64,4.617,4.308,52476.07,True
2024-02-09,2024-02-09 08:30:00,2024-02-09 09:00:00,2024-02-09 15:00:00,TICKER_0996.JP,2112.77,2102.16,-0.303,-0.602,-7337.53,False
2024-02-09,2024-02-09 08:30:00,2024-02-09 09:00:00,2024-02-09 15:00:00,TICKER_1033.JP,2247.12,2362.48,5.344,5.033,61305.6,True
2024-02-09,2024-02-09 08:30:00,2024-02-09 09:00:00,2024-02-09 15:00:00,TICKER_1070.JP,2303.71,2313.0,0.604,0.303,3695.51,True
2024-02-09,2024-02-09 08:30:00,2024-02-09 09:00:00,2024-02-09 15:00:00,TICKER_1107.JP,2424.31,2401.02,-0.763,-1.061,-12921.97,False
2024-02-09,2024-02-09 08:30:00,2024-02-09 09:00:00,2024-02-09 15:00:00,TICKER_1144.JP,2524.16,2560.05,1.625,1.322,16098.38,True
2024-02-09,2024-02-09 08:30:00,2024-02-09 09:00:00,2024-02-09 15:00:00,TICKER_1181.JP,2552.95,2596.36,1.904,1.6,19493.24,True
2024-02-09,2024-02-09 08:30:00,2024-02-09 09:00:00,2024-02-09 15:00:00,TICKER_1218.JP,2665.29,2695.39,1.332,1.029,12537.09,True
2024-02-12,2024-02-12 08:30:00,2024-02-12 09:00:00,2024-02-12 15:00:00,TICKER_0613.JP,1634.13,1639.13,0.507,0.206,2551.67,True
2024-02-12,2024-02-12 08:30:00,2024-02-12 09:00:00,2024-02-12 15:00:00,TICKER_0650.JP,1705.4,1696.48,-0.324,-0.623,-7727.37,False
2024-02-12,2024-02-12 08:30:00,2024-02-12 09:00:00,2024-02-12 15:00:00,TICKER_0687.JP,1825.89,1865.14,2.354,2.05,25415.56,True
2024-02-12,2024-02-12 08:30:00,2024-02-12 09:00:00,2024-02-12 15:00:00,TICKER_0724.JP,1855.71,1864.93,0.698,0.397,4920.59,True
2024-02-12,2024-02-12 08:30:00,2024-02-12 09:00:00,2024-02-12 15:00:00,TICKER_0761.JP,1957.14,1987.34,1.747,1.443,17898.17,True
2024-02-12,2024-02-12 08:30:00,2024-02-12 09:00:00,2024-02-12 15:00:00,TICKER_0798.JP,2039.12,2095.38,2.965,2.659,32976.49,True
2024-02-12,2024-02-12 08:30:00,2024-02-12 09:00:00,2024-02-12 15:00:00,TICKER_0835.JP,2153.48,2148.33,-0.04,-0.339,-4206.62,False
2024-02-12,2024-02-12 08:30:00,2024-02-12 09:00:00,2024-02-12 15:00:00,TICKER_0872.JP,2205.17,2158.68,-1.912,-2.208,-27385.06,False
2024-02-12,2024-02-12 08:30:00,2024-02-12 09:00:00,2024-02-12 15:00:00,TICKER_0909.JP,2308.84,2362.2,2.516,2.211,27418.24,True
2024-02-12,2024-02-12 08:30:00,2024-02-12 09:00:00,2024-02-12 15:00:00,TICKER_0946.JP,2378.86,2402.94,1.215,0.913,11316.56,True
2024-02-13,2024-02-13 08:30:00,2024-02-13 09:00:00,2024-02-13 15:00:00,TICKER_0403.JP,1914.02,1931.46,1.113,0.811,10119.36,True
2024-02-13,2024-02-13 08:30:00,2024-02-13 09:00:00,2024-02-13 15:00:00,TICKER_0440.JP,2038.39,2096.66,3.065,2.759,34429.2,True
2024-02-13,2024-02-13 08:30:00,2024-02-13 09:00:00,2024-02-13 15:00:00,TICKER_0477.JP,2068.12,2096.45,1.573,1.27,15850.22,True
2024-02-13,2024-02-13 08:30:00,2024-02-13 09:00:00,2024-02-13 15:00:00,TICKER_0514.JP,2172.29,2186.88,0.873,0.572,7134.23,True
2024-02-13,2024-02-13 08:30:00,2024-02-13 09:00:00,2024-02-13 15:00:00,TICKER_0551.JP,2254.63,2212.44,-1.675,-1.972,-24604.09,False
2024-02-13,2024-02-13 08:30:00,2024-02-13 09:00:00,2024-02-13 15:00:00,TICKER_0588.JP,2357.49,2387.81,1.489,1.186,14804.54,True
2024-02-13,2024-02-13 08:30:00,2024-02-13 09:00:00,2024-02-13 15:00:00,TICKER_0625.JP,2394.31,2489.63,4.189,3.881,48431.87,True
2024-02-13,2024-02-13 08:30:00,2024-02-13 09:00:00,2024-02-13 15:00:00,TICKER_0662.JP,2559.91,2591.56,1.439,1.136,14180.57,True
2024-02-13,2024-02-13 08:30:00,2024-02-13 09:00:00,2024-02-13 15:00:00,TICKER_0699.JP,2558.72,2617.38,2.497,2.193,27363.74,True
2024-02-13,2024-02-13 08:30:00,2024-02-13 09:00:00,2024-02-13 15:00:00,TICKER_0736.JP,2695.77,2663.62,-0.995,-1.293,-16130.73,False
2024-02-14,2024-02-14 08:30:00,2024-02-14 09:00:00,2024-02-14 15:00:00,TICKER_0801.JP,1794.22,1855.1,3.6,3.293,41508.28,True
2024-02-14,2024-02-14 08:30:00,2024-02-14 09:00:00,2024-02-14 15:00:00,TICKER_0838.JP,1869.59,1907.55,2.235,1.931,24333.44,True
2024-02-14,2024-02-14 08:30:00,2024-02-14 09:00:00,2024-02-14 15:00:00,TICKER_0875.JP,1975.62,1983.3,0.59,0.289,3640.06,True
2024-02-14,2024-02-14 08:30:00,2024-02-14 09:00:00,2024-02-14 15:00:00,TICKER_0912.JP,2048.46,2069.44,1.227,0.924,11650.12,True
2024-02-14,2024-02-14 08:30:00,2024-02-14 09:00:00,2024-02-14 15:00:00,TICKER_0949.JP,2123.34,2200.52,3.842,3.535,44552.3,True
2024-02-14,2024-02-14 08:30:00,2024-02-14 09:00:00,2024-02-14 15:00:00,TICKER_0986.JP,2208.3,2198.6,-0.24,-0.539,-6795.2,False
2024-02-14,2024-02-14 08:30:00,2024-02-14 09:00:00,2024-02-14 15:00:00,TICKER_1023.JP,2331.53,2328.91,0.088,-0.212,-2677.08,False
2024-02-14,2024-02-14 08:30:00,2024-02-14 09:00:00,2024-02-14 15:00:00,TICKER_1060.JP,2380.69,2485.05,4.593,4.284,53994.65,True
2024-02-14,2024-02-14 08:30:00,2024-02-14 09:00:00,2024-02-14 15:00:00,TICKER_1097.JP,2522.14,2597.57,3.197,2.891,36435.94,True
2024-02-14,2024-02-14 08:30:00,2024-02-14 09:00:00,2024-02-14 15:00:00,TICKER_1134.JP,2610.06,2637.88,1.268,0.966,12175.32,True
2024-02-15,2024-02-15 08:30:00,2024-02-15 09:00:00,2024-02-15 15:00:00,TICKER_0139.JP,1645.77,1659.15,1.015,0.713,9131.22,True
2024-02-15,2024-02-15 08:30:00,2024-02-15 09:00:00,2024-02-15 15:00:00,TICKER_0176.JP,1738.81,1778.75,2.502,2.197,28150.13,True
2024-02-15,2024-02-15 08:30:00,2024-02-15 09:00:00,2024-02-15 15:00:00,TICKER_0213.JP,1830.56,1836.12,0.505,0.204,2612.6,True
2024-02-15,2024-02-15 08:30:00,2024-02-15 09:00:00,2024-02-15 15:00:00,TICKER_0250.JP,1893.77,1902.17,0.644,0.343,4397.76,True
2024-02-15,2024-02-15 08:30:00,2024-02-15 09:00:00,2024-02-15 15:00:00,TICKER_0287.JP,1966.92,1983.16,1.028,0.726,9297.24,True
2024-02-15,2024-02-15 08:30:00,2024-02-15 09:00:00,2024-02-15 15:00:00,TICKER_0324.JP,2093.86,2165.84,3.645,3.338,42763.38,True
2024-02-15,2024-02-15 08:30:00,2024-02-15 09:00:00,2024-02-15 15:00:00,TICKER_0361.JP,2178.5,2188.22,0.647,0.346,4437.28,True
2024-02-15,2024-02-15 08:30:00,2024-02-15 09:00:00,2024-02-15 15:00:00,TICKER_0398.JP,2281.99,2322.92,1.998,1.694,21701.9,True
2024-02-15,2024-02-15 08:30:00,2024-02-15 09:00:00,2024-02-15 15:00:00,TICKER_0435.JP,2306.79,2370.48,2.966,2.661,34089.17,True
2024-02-15,2024-02-15 08:30:00,2024-02-15 09:00:00,2024-02-15 15:00:00,TICKER_0472.JP,2384.66,2419.03,1.644,1.341,17183.08,True
2024-02-16,2024-02-16 08:30:00,2024-02-16 09:00:00,2024-02-16 15:00:00,TICKER_0135.JP,1649.38,1598.53,-2.889,-3.183,-41305.11,False
2024-02-16,2024-02-16 08:30:00,2024-02-16 09:00:00,2024-02-16 15:00:00,TICKER_0172.JP,1721.49,1776.99,3.431,3.124,40541.85,True
2024-02-16,2024-02-16 08:30:00,2024-02-16 09:00:00,2024-02-16 15:00:00,TICKER_0209.JP,1807.72,1791.75,-0.685,-0.983,-12762.03,False
2024-02-16,2024-02-16 08:30:00,2024-02-16 09:00:00,2024-02-16 15:00:00,TICKER_0246.JP,1898.06,1944.42,2.648,2.343,30404.63,True
2024-02-16,2024-02-16 08:30:00,2024-02-16 09:00:00,2024-02-16 15:00:00,TICKER_0283.JP,1980.85,1946.42,-1.541,-1.838,-23852.5,False
2024-02-16,2024-02-16 08:30:00,2024-02-16 09:00:00,2024-02-16 15:00:00,TICKER_0320.JP,2059.05,2043.74,-0.544,-0.843,-10942.5,False
2024-02-16,2024-02-16 08:30:00,2024-02-16 09:00:00,2024-02-16 15:00:00,TICKER_0357.JP,2153.87,2149.06,-0.024,-0.323,-4197.6,False
2024-02-16,2024-02-16 08:30:00,2024-02-16 09:00:00,2024-02-16 15:00:00,TICKER_0394.JP,2236.24,2270.54,1.737,1.434,18603.31,True
2024-02-16,2024-02-16 08:30:00,2024-02-16 09:00:00,2024-02-16 15:00:00,TICKER_0431.JP,2312.29,2364.42,2.459,2.155,27961.28,True
2024-02-16,2024-02-16 08:30:00,2024-02-16 09:00:00,2024-02-16 15:00:00,TICKER_0468.JP,2395.66,2451.04,2.516,2.211,28698.14,True
2024-02-19,2024-02-19 08:30:00,2024-02-19 09:00:00,2024-02-19 15:00:00,TICKER_0152.JP,1633.99,1582.16,-2.979,-3.272,-42631.91,False
2024-02-19,2024-02-19 08:30:00,2024-02-19 09:00:00,2024-02-19 15:00:00,TICKER_0189.JP,1741.8,1706.41,-1.836,-2.132,-27771.56,False
2024-02-19,2024-02-19 08:30:00,2024-02-19 09:00:00,2024-02-19 15:00:00,TICKER_0226.JP,1834.47,1849.67,1.03,0.728,9488.85,True
2024-02-19,2024-02-19 08:30:00,2024-02-19 09:00:00,2024-02-19 15:00:00,TICKER_0263.JP,1924.78,1973.17,2.719,2.414,31451.31,True
2024-02-19,2024-02-19 08:30:00,2024-02-19 09:00:00,2024-02-19 15:00:00,TICKER_0300.JP,2004.44,1973.33,-1.355,-1.652,-21521.29,False
2024-02-19,2024-02-19 08:30:00,2024-02-19 09:00:00,2024-02-19 15:00:00,TICKER_0337.JP,2052.79,2096.94,2.355,2.051,26716.82,True
2024-02-19,2024-02-19 08:30:00,2024-02-19 09:00:00,2024-02-19 15:00:00,TICKER_0374.JP,2175.24,2212.05,1.895,1.592,20738.93,True
2024-02-19,2024-02-19 08:30:00,2024-02-19 09:00:00,2024-02-19 15:00:00,TICKER_0411.JP,2255.62,2347.54,4.283,3.975,51785.89,True
2024-02-19,2024-02-19 08:30:00,2024-02-19 09:00:00,2024-02-19 15:00:00,TICKER_0448.JP,2345.85,2372.94,1.357,1.055,13742.51,True
2024-02-19,2024-02-19 08:30:00,2024-02-19 09:00:00,2024-02-19 15:00:00,TICKER_0485.JP,2396.64,2509.94,4.937,4.627,60282.15,True
2024-02-20,2024-02-20 08:30:00,2024-02-20 09:00:00,2024-02-20 15:00:00,TICKER_0193.JP,1713.21,1686.35,-1.371,-1.668,-21921.5,False
2024-02-20,2024-02-20 08:30:00,2024-02-20 09:00:00,2024-02-20 15:00:00,TICKER_0230.JP,1768.66,1783.77,1.057,0.755,9920.44,True
2024-02-20,2024-02-20 08:30:00,2024-02-20 09:00:00,2024-02-20 15:00:00,TICKER_0267.JP,1866.8,1941.43,4.205,3.897,51226.24,True
2024-02-20,2024-02-20 08:30:00,2024-02-20 09:00:00,2024-02-20 15:00:00,TICKER_0304.JP,1929.06,1977.54,2.719,2.413,31720.78,True
2024-02-20,2024-02-20 08:30:00,2024-02-20 09:00:00,2024-02-20 15:00:00,TICKER_0341.JP,2043.53,2095.06,2.727,2.422,31830.7,True
2024-02-20,2024-02-20 08:30:00,2024-02-20 09:00:00,2024-02-20 15:00:00,TICKER_0378.JP,2093.04,2124.33,1.698,1.395,18336.97,True
2024-02-20,2024-02-20 08:30:00,2024-02-20 09:00:00,2024-02-20 15:00:00,TICKER_0415.JP,2189.22,2296.83,5.126,4.816,63296.91,True
2024-02-20,2024-02-20 08:30:00,2024-02-20 09:00:00,2024-02-20 15:00:00,TICKER_0452.JP,2318.44,2310.68,-0.135,-0.435,-5713.32,False
2024-02-20,2024-02-20 08:30:00,2024-02-20 09:00:00,2024-02-20 15:00:00,TICKER_0489.JP,2372.28,2454.67,3.68,3.373,44336.92,True
2024-02-20,2024-02-20 08:30:00,2024-02-20 09:00:00,2024-02-20 15:00:00,TICKER_0526.JP,2497.52,2505.7,0.529,0.228,2994.17,True
2024-02-21,2024-02-21 08:30:00,2024-02-21 09:00:00,2024-02-21 15:00:00,TICKER_0393.JP,1895.75,1883.23,-0.461,-0.76,-10157.61,False
2024-02-21,2024-02-21 08:30:00,2024-02-21 09:00:00,2024-02-21 15:00:00,TICKER_0430.JP,1986.33,2020.83,1.94,1.637,21861.71,True
2024-02-21,2024-02-21 08:30:00,2024-02-21 09:00:00,2024-02-21 15:00:00,TICKER_0467.JP,2040.68,2137.64,4.961,4.651,62137.53,True
2024-02-21,2024-02-21 08:30:00,2024-02-21 09:00:00,2024-02-21 15:00:00,TICKER_0504.JP,2155.64,2139.99,-0.528,-0.826,-11037.85,False
2024-02-21,2024-02-21 08:30:00,2024-02-21 09:00:00,2024-02-21 15:00:00,TICKER_0541.JP,2220.63,2288.75,3.274,2.968,39643.84,True
2024-02-21,2024-02-21 08:30:00,2024-02-21 09:00:00,2024-02-21 15:00:00,TICKER_0578.JP,2334.93,2400.57,3.017,2.711,36215.35,True
2024-02-21,2024-02-21 08:30:00,2024-02-21 09:00:00,2024-02-21 15:00:00,TICKER_0615.JP,2464.8,2529.39,2.826,2.52,33668.41,True
2024-02-21,2024-02-21 08:30:00,2024-02-21 09:00:00,2024-02-21 15:00:00,TICKER_0652.JP,2536.29,2586.3,2.176,1.872,25003.23,True
2024-02-21,2024-02-21 08:30:00,2024-02-21 09:00:00,2024-02-21 15:00:00,TICKER_0689.JP,2572.94,2606.46,1.506,1.203,16068.09,True
2024-02-21,2024-02-21 08:30:00,2024-02-21 09:00:00,2024-02-21 15:00:00,TICKER_0726.JP,2679.6,2742.54,2.554,2.249,30045.92,True
2024-02-22,2024-02-22 08:30:00,2024-02-22 09:00:00,2024-02-22 15:00:00,TICKER_0363.JP,1892.64,1964.75,4.018,3.71,50421.2,True
2024-02-22,2024-02-22 08:30:00,2024-02-22 09:00:00,2024-02-22 15:00:00,TICKER_0400.JP,1974.03,1917.13,-2.688,-2.982,-40532.09,False
2024-02-22,2024-02-22 08:30:00,2024-02-22 09:00:00,2024-02-22 15:00:00,TICKER_0437.JP,2025.34,2048.83,1.362,1.06,14399.97,True
2024-02-22,2024-02-22 08:30:00,2024-02-22 09:00:00,2024-02-22 15:00:00,TICKER_0474.JP,2124.62,2086.18,-1.613,-1.909,-25947.48,False
2024-02-22,2024-02-22 08:30:00,2024-02-22 09:00:00,2024-02-22 15:00:00,TICKER_0511.JP,2225.17,2293.91,3.296,2.989,40623.88,True
2024-02-22,2024-02-22 08:30:00,2024-02-22 09:00:00,2024-02-22 15:00:00,TICKER_0548.JP,2279.1,2289.64,0.664,0.363,4926.65,True
2024-02-22,2024-02-22 08:30:00,2024-02-22 09:00:00,2024-02-22 15:00:00,TICKER_0585.JP,2438.18,2477.84,1.83,1.527,20749.13,True
2024-02-22,2024-02-22 08:30:00,2024-02-22 09:00:00,2024-02-22 15:00:00,TICKER_0622.JP,2443.88,2426.18,-0.526,-0.824,-11201.74,False
2024-02-22,2024-02-22 08:30:00,2024-02-22 09:00:00,2024-02-22 15:00:00,TICKER_0659.JP,2511.89,2457.78,-1.958,-2.254,-30633.89,False
2024-02-22,2024-02-22 08:30:00,2024-02-22 09:00:00,2024-02-22 15:00:00,TICKER_0696.JP,2607.95,2620.46,0.681,0.38,5160.8,True
2024-02-23,2024-02-23 08:30:00,2024-02-23 09:00:00,2024-02-23 15:00:00,TICKER_0733.JP,1737.67,1798.26,3.694,3.387,46120.75,True
2024-02-23,2024-02-23 08:30:00,2024-02-23 09:00:00,2024-02-23 15:00:00,TICKER_0770.JP,1813.51,1889.48,4.398,4.089,55677.56,True
2024-02-23,2024-02-23 08:30:00,2024-02-23 09:00:00,2024-02-23 15:00:00,TICKER_0807.JP,1903.52,1939.7,2.105,1.801,24516.95,True
2024-02-23,2024-02-23 08:30:00,2024-02-23 09:00:00,2024-02-23 15:00:00,TICKER_0844.JP,2005.49,1962.3,-1.958,-2.254,-30691.47,False
2024-02-23,2024-02-23 08:30:00,2024-02-23 09:00:00,2024-02-23 15:00:00,TICKER_0881.JP,2099.77,2151.31,2.66,2.355,32060.39,True
2024-02-23,2024-02-23 08:30:00,2024-02-23 09:00:00,2024-02-23 15:00:00,TICKER_0918.JP,2151.56,2181.26,1.583,1.28,17432.84,True
2024-02-23,2024-02-23 08:30:00,2024-02-23 09:00:00,2024-02-23 15:00:00,TICKER_0955.JP,2253.89,2275.74,1.172,0.869,11838.97,True
2024-02-23,2024-02-23 08:30:00,2024-02-23 09:00:00,2024-02-23 15:00:00,TICKER_0992.JP,2365.61,2323.16,-1.598,-1.894,-25795.43,False
2024-02-23,2024-02-23 08:30:00,2024-02-23 09:00:00,2024-02-23 15:00:00,TICKER_1029.JP,2424.17,2427.98,0.358,0.057,777.21,True
2024-02-23,2024-02-23 08:30:00,2024-02-23 09:00:00,2024-02-23 15:00:00,TICKER_1066.JP,2504.12,2567.65,2.742,2.437,33182.95,True
2024-02-26,2024-02-26 08:30:00,2024-02-26 09:00:00,2024-02-26 15:00:00,TICKER_0137.JP,1653.48,1667.52,1.051,0.749,10317.11,True
2024-02-26,2024-02-26 08:30:00,2024-02-26 09:00:00,2024-02-26 15:00:00,TICKER_0174.JP,1718.32,1746.6,1.85,1.546,21295.06,True
2024-02-26,2024-02-26 08:30:00,2024-02-26 09:00:00,2024-02-26 15:00:00,TICKER_0211.JP,1832.29,1802.41,-1.434,-1.731,-23841.92,False
2024-02-26,2024-02-26 08:30:00,2024-02-26 09:00:00,2024-02-26 15:00:00,TICKER_0248.JP,1927.07,2011.05,4.567,4.258,58647.72,True
2024-02-26,2024-02-26 08:30:00,2024-02-26 09:00:00,2024-02-26 15:00:00,TICKER_0285.JP,1992.2,1963.72,-1.232,-1.529,-21064.75,False
2024-02-26,2024-02-26 08:30:00,2024-02-26 09:00:00,2024-02-26 15:00:00,TICKER_0322.JP,2074.11,2048.99,-1.013,-1.311,-18060.75,False
2024-02-26,2024-02-26 08:30:00,2024-02-26 09:00:00,2024-02-26 15:00:00,TICKER_0359.JP,2134.07,2194.33,3.03,2.724,37515.97,True
2024-02-26,2024-02-26 08:30:00,2024-02-26 09:00:00,2024-02-26 15:00:00,TICKER_0396.JP,2235.34,2283.87,2.376,2.071,28525.77,True
2024-02-26,2024-02-26 08:30:00,2024-02-26 09:00:00,2024-02-26 15:00:00,TICKER_0433.JP,2316.58,2342.03,1.301,0.998,13749.07,True
2024-02-26,2024-02-26 08:30:00,2024-02-26 09:00:00,2024-02-26 15:00:00,TICKER_0470.JP,2425.87,2451.87,1.274,0.971,13380.37,True
2024-02-27,2024-02-27 08:30:00,2024-02-27 09:00:00,2024-02-27 15:00:00,TICKER_0068.JP,1556.84,1569.56,1.019,0.717,9961.43,True
2024-02-27,2024-02-27 08:30:00,2024-02-27 09:00:00,2024-02-27 15:00:00,TICKER_0105.JP,1658.78,1679.8,1.47,1.167,16211.14,True
2024-02-27,2024-02-27 08:30:00,2024-02-27 09:00:00,2024-02-27 15:00:00,TICKER_0142.JP,1712.41,1732.52,1.377,1.074,14916.73,True
2024-02-27,2024-02-27 08:30:00,2024-02-27 09:00:00,2024-02-27 15:00:00,TICKER_0179.JP,1819.45,1852.3,2.009,1.705,23684.41,True
2024-02-27,2024-02-27 08:30:00,2024-02-27 09:00:00,2024-02-27 15:00:00,TICKER_0216.JP,1931.71,1974.54,2.422,2.117,29406.28,True
2024-02-27,2024-02-27 08:30:00,2024-02-27 09:00:00,2024-02-27 15:00:00,TICKER_0253.JP,1989.99,1965.01,-1.057,-1.355,-18818.58,False
2024-02-27,2024-02-27 08:30:00,2024-02-27 09:00:00,2024-02-27 15:00:00,TICKER_0290.JP,2065.25,2118.15,2.767,2.461,34181.83,True
2024-02-27,2024-02-27 08:30:00,2024-02-27 09:00:00,2024-02-27 15:00:00,TICKER_0327.JP,2190.97,2291.63,4.804,4.494,62415.01,True
2024-02-27,2024-02-27 08:30:00,2024-02-27 09:00:00,2024-02-27 15:00:00,TICKER_0364.JP,2239.96,2338.41,4.604,4.295,59651.99,True
2024-02-27,2024-02-27 08:30:00,2024-02-27 09:00:00,2024-02-27 15:00:00,TICKER_0401.JP,2328.24,2335.14,0.497,0.197,2731.0,True
2024-02-28,2024-02-28 08:30:00,2024-02-28 09:00:00,2024-02-28 15:00:00,TICKER_0032.JP,1540.26,1535.26,-0.125,-0.424,-5987.53,False
2024-02-28,2024-02-28 08:30:00,2024-02-28 09:00:00,2024-02-28 15:00:00,TICKER_0069.JP,1621.98,1612.48,-0.387,-0.686,-9679.53,False
2024-02-28,2024-02-28 08:30:00,2024-02-28 09:00:00,2024-02-28 15:00:00,TICKER_0106.JP,1709.08,1721.26,0.914,0.613,8644.76,True
2024-02-28,2024-02-28 08:30:00,2024-02-28 09:00:00,2024-02-28 15:00:00,TICKER_0143.JP,1822.64,1881.68,3.446,3.139,44293.24,True
2024-02-28,2024-02-28 08:30:00,2024-02-28 09:00:00,2024-02-28 15:00:00,TICKER_0180.JP,1879.8,1885.06,0.481,0.18,2541.17,True
2024-02-28,2024-02-28 08:30:00,2024-02-28 09:00:00,2024-02-28 15:00:00,TICKER_0217.JP,1979.17,1954.63,-1.042,-1.34,-18902.51,False
2024-02-28,2024-02-28 08:30:00,2024-02-28 09:00:00,2024-02-28 15:00:00,TICKER_0254.JP,2064.59,2008.96,-2.5,-2.795,-39434.03,False
2024-02-28,2024-02-28 08:30:00,2024-02-28 09:00:00,2024-02-28 15:00:00,TICKER_0291.JP,2115.03,2089.41,-1.014,-1.312,-18506.52,False
2024-02-28,2024-02-28 08:30:00,2024-02-28 09:00:00,2024-02-28 15:00:00,TICKER_0328.JP,2229.83,2230.55,0.233,-0.068,-955.67,False
2024-02-28,2024-02-28 08:30:00,2024-02-28 09:00:00,2024-02-28 15:00:00,TICKER_0365.JP,2289.04,2391.8,4.698,4.389,61933.8,True
2024-02-29,2024-02-29 08:30:00,2024-02-29 09:00:00,2024-02-29 15:00:00,TICKER_0836.JP,1864.01,1952.4,4.951,4.642,65600.76,True
2024-02-29,2024-02-29 08:30:00,2024-02-29 09:00:00,2024-02-29 15:00:00,TICKER_0873.JP,1926.69,2002.34,4.134,3.826,54073.17,True
2024-02-29,2024-02-29 08:30:00,2024-02-29 09:00:00,2024-02-29 15:00:00,TICKER_0910.JP,2031.63,2032.15,0.226,-0.075,-1054.21,False
2024-02-29,2024-02-29 08:30:00,2024-02-29 09:00:00,2024-02-29 15:00:00,TICKER_0947.JP,2136.46,2151.92,0.925,0.623,8808.33,True
2024-02-29,2024-02-29 08:30:00,2024-02-29 09:00:00,2024-02-29 15:00:00,TICKER_0984.JP,2167.85,2156.34,-0.332,-0.631,-8913.5,False
2024-02-29,2024-02-29 08:30:00,2024-02-29 09:00:00,2024-02-29 15:00:00,TICKER_1021.JP,2305.34,2342.28,1.805,1.502,21228.68,True
2024-02-29,2024-02-29 08:30:00,2024-02-29 09:00:00,2024-02-29 15:00:00,TICKER_1058.JP,2304.9,2283.89,-0.713,-1.011,-14295.59,False
2024-02-29,2024-02-29 08:30:00,2024-02-29 09:00:00,2024-02-29 15:00:00,TICKER_1095.JP,2446.04,2421.27,-0.815,-1.113,-15729.71,False
2024-02-29,2024-02-29 08:30:00,2024-02-29 09:00:00,2024-02-29 15:00:00,TICKER_1132.JP,2510.29,2485.4,-0.793,-1.091,-15424.34,False
2024-02-29,2024-02-29 08:30:00,2024-02-29 09:00:00,2024-02-29 15:00:00,TICKER_1169.JP,2596.18,2665.88,2.89,2.585,36529.32,True
2024-03-01,2024-03-01 08:30:00,2024-03-01 09:00:00,2024-03-01 15:00:00,TICKER_0660.JP,1654.34,1656.49,0.33,0.03,426.45,True
2024-03-01,2024-03-01 08:30:00,2024-03-01 09:00:00,2024-03-01 15:00:00,TICKER_0697.JP,1743.44,1757.25,0.994,0.692,9867.26,True
2024-03-01,2024-03-01 08:30:00,2024-03-01 09:00:00,2024-03-01 15:00:00,TICKER_0734.JP,1844.32,1859.24,1.011,0.709,10105.42,True
2024-03-01,2024-03-01 08:30:00,2024-03-01 09:00:00,2024-03-01 15:00:00,TICKER_0771.JP,1927.26,1987.85,3.351,3.044,43401.51,True
2024-03-01,2024-03-01 08:30:00,2024-03-01 09:00:00,2024-03-01 15:00:00,TICKER_0808.JP,2016.18,2074.18,3.083,2.777,39589.03,True
2024-03-01,2024-03-01 08:30:00,2024-03-01 09:00:00,2024-03-01 15:00:00,TICKER_0845.JP,2109.54,2206.18,4.791,4.481,63892.47,True
2024-03-01,2024-03-01 08:30:00,2024-03-01 09:00:00,2024-03-01 15:00:00,TICKER_0882.JP,2193.84,2208.14,0.853,0.552,7866.39,True
2024-03-01,2024-03-01 08:30:00,2024-03-01 09:00:00,2024-03-01 15:00:00,TICKER_0919.JP,2275.47,2336.8,2.901,2.595,37000.72,True
2024-03-01,2024-03-01 08:30:00,2024-03-01 09:00:00,2024-03-01 15:00:00,TICKER_0956.JP,2376.87,2467.89,4.037,3.729,53169.3,True
2024-03-01,2024-03-01 08:30:00,2024-03-01 09:00:00,2024-03-01 15:00:00,TICKER_0993.JP,2419.76,2406.07,-0.367,-0.666,-9489.65,False
2024-03-04,2024-03-04 08:30:00,2024-03-04 09:00:00,2024-03-04 15:00:00,TICKER_0582.JP,1599.3,1631.88,2.241,1.937,28088.7,True
2024-03-04,2024-03-04 08:30:00,2024-03-04 09:00:00,2024-03-04 15:00:00,TICKER_0619.JP,1666.58,1698.13,2.097,1.793,25996.83,True
2024-03-04,2024-03-04 08:30:00,2024-03-04 09:00:00,2024-03-04 15:00:00,TICKER_0656.JP,1759.14,1776.77,1.205,0.902,13085.75,True
2024-03-04,2024-03-04 08:30:00,2024-03-04 09:00:00,2024-03-04 15:00:00,TICKER_0693.JP,1830.14,1916.92,4.952,4.642,67310.05,True
2024-03-04,2024-03-04 08:30:00,2024-03-04 09:00:00,2024-03-04 15:00:00,TICKER_0730.JP,1964.27,1924.18,-1.845,-2.141,-31044.07,False
2024-03-04,2024-03-04 08:30:00,2024-03-04 09:00:00,2024-03-04 15:00:00,TICKER_0767.JP,2039.36,2134.1,4.855,4.546,65918.33,True
2024-03-04,2024-03-04 08:30:00,2024-03-04 09:00:00,2024-03-04 15:00:00,TICKER_0804.JP,2123.14,2143.21,1.148,0.845,12259.81,True
2024-03-04,2024-03-04 08:30:00,2024-03-04 09:00:00,2024-03-04 15:00:00,TICKER_0841.JP,2166.16,2175.83,0.647,0.346,5021.83,True
2024-03-04,2024-03-04 08:30:00,2024-03-04 09:00:00,2024-03-04 15:00:00,TICKER_0878.JP,2290.74,2311.96,1.128,0.826,11980.7,True
2024-03-04,2024-03-04 08:30:00,2024-03-04 09:00:00,2024-03-04 15:00:00,TICKER_0915.JP,2372.84,2349.67,-0.778,-1.077,-15610.96,False
2024-03-05,2024-03-05 08:30:00,2024-03-05 09:00:00,2024-03-05 15:00:00,TICKER_0155.JP,1683.89,1649.19,-1.865,-2.161,-31709.83,False
2024-03-05,2024-03-05 08:30:00,2024-03-05 09:00:00,2024-03-05 15:00:00,TICKER_0192.JP,1749.87,1789.32,2.459,2.154,31616.16,True
2024-03-05,2024-03-05 08:30:00,2024-03-05 09:00:00,2024-03-05 15:00:00,TICKER_0229.JP,1825.2,1788.17,-1.833,-2.129,-31241.93,False
2024-03-05,2024-03-05 08:30:00,2024-03-05 09:00:00,2024-03-05 15:00:00,TICKER_0266.JP,1911.38,1916.28,0.457,0.156,2296.28,True
2024-03-05,2024-03-05 08:30:00,2024-03-05 09:00:00,2024-03-05 15:00:00,TICKER_0303.JP,2002.5,2020.84,1.118,0.816,11969.78,True
2024-03-05,2024-03-05 08:30:00,2024-03-05 09:00:00,2024-03-05 15:00:00,TICKER_0340.JP,2061.39,2055.19,-0.101,-0.401,-5878.63,False
2024-03-05,2024-03-05 08:30:00,2024-03-05 09:00:00,2024-03-05 15:00:00,TICKER_0377.JP,2154.94,2134.58,-0.746,-1.045,-15331.63,False
2024-03-05,2024-03-05 08:30:00,2024-03-05 09:00:00,2024-03-05 15:00:00,TICKER_0414.JP,2267.58,2348.98,3.797,3.49,51212.25,True
2024-03-05,2024-03-05 08:30:00,2024-03-05 09:00:00,2024-03-05 15:00:00,TICKER_0451.JP,2361.98,2452.23,4.029,3.721,54600.29,True
2024-03-05,2024-03-05 08:30:00,2024-03-05 09:00:00,2024-03-05 15:00:00,TICKER_0488.JP,2396.58,2443.83,2.176,1.872,27463.82,True
2024-03-06,2024-03-06 08:30:00,2024-03-06 09:00:00,2024-03-06 15:00:00,TICKER_0319.JP,1802.31,1846.01,2.63,2.325,34324.38,True
2024-03-06,2024-03-06 08:30:00,2024-03-06 09:00:00,2024-03-06 15:00:00,TICKER_0356.JP,1915.01,1904.54,-0.348,-0.647,-9548.48,False
2024-03-06,2024-03-06 08:30:00,2024-03-06 09:00:00,2024-03-06 15:00:00,TICKER_0393.JP,2016.98,2007.02,-0.295,-0.594,-8770.32,False
2024-03-06,2024-03-06 08:30:00,2024-03-06 09:00:00,2024-03-06 15:00:00,TICKER_0430.JP,2095.96,2092.04,0.012,-0.287,-4243.5,False
2024-03-06,2024-03-06 08:30:00,2024-03-06 09:00:00,2024-03-06 15:00:00,TICKER_0467.JP,2178.54,2154.34,-0.913,-1.211,-17872.84,False
2024-03-06,2024-03-06 08:30:00,2024-03-06 09:00:00,2024-03-06 15:00:00,TICKER_0504.JP,2264.21,2280.97,0.942,0.64,9449.18,True
2024-03-06,2024-03-06 08:30:00,2024-03-06 09:00:00,2024-03-06 15:00:00,TICKER_0541.JP,2357.53,2401.45,2.067,1.763,26030.39,True
2024-03-06,2024-03-06 08:30:00,2024-03-06 09:00:00,2024-03-06 15:00:00,TICKER_0578.JP,2426.96,2505.97,3.462,3.155,46588.35,True
2024-03-06,2024-03-06 08:30:00,2024-03-06 09:00:00,2024-03-06 15:00:00,TICKER_0615.JP,2520.81,2519.36,0.143,-0.158,-2325.86,False
2024-03-06,2024-03-06 08:30:00,2024-03-06 09:00:00,2024-03-06 15:00:00,TICKER_0652.JP,2584.13,2594.55,0.604,0.303,4477.85,True
2024-03-07,2024-03-07 08:30:00,2024-03-07 09:00:00,2024-03-07 15:00:00,TICKER_0080.JP,1583.67,1622.82,2.677,2.372,35193.34,True
2024-03-07,2024-03-07 08:30:00,2024-03-07 09:00:00,2024-03-07 15:00:00,TICKER_0117.JP,1671.53,1767.76,5.969,5.657,83944.38,True
2024-03-07,2024-03-07 08:30:00,2024-03-07 09:00:00,2024-03-07 15:00:00,TICKER_0154.JP,1791.61,1853.29,3.65,3.343,49606.46,True
2024-03-07,2024-03-07 08:30:00,2024-03-07 09:00:00,2024-03-07 15:00:00,TICKER_0191.JP,1852.63,1876.67,1.5,1.198,17771.85,True
2024-03-07,2024-03-07 08:30:00,2024-03-07 09:00:00,2024-03-07 15:00:00,TICKER_0228.JP,1939.48,1903.81,-1.642,-1.939,-28769.83,False
2024-03-07,2024-03-07 08:30:00,2024-03-07 09:00:00,2024-03-07 15:00:00,TICKER_0265.JP,2002.96,2075.55,3.832,3.524,52295.42,True
2024-03-07,2024-03-07 08:30:00,2024-03-07 09:00:00,2024-03-07 15:00:00,TICKER_0302.JP,2095.81,2088.27,-0.16,-0.46,-6825.31,False
2024-03-07,2024-03-07 08:30:00,2024-03-07 09:00:00,2024-03-07 15:00:00,TICKER_0339.JP,2189.55,2181.85,-0.152,-0.452,-6703.25,False
2024-03-07,2024-03-07 08:30:00,2024-03-07 09:00:00,2024-03-07 15:00:00,TICKER_0376.JP,2267.26,2252.7,-0.444,-0.743,-11019.72,False
2024-03-07,2024-03-07 08:30:00,2024-03-07 09:00:00,2024-03-07 15:00:00,TICKER_0413.JP,2321.9,2312.5,-0.206,-0.505,-7494.1,False
2024-03-08,2024-03-08 08:30:00,2024-03-08 09:00:00,2024-03-08 15:00:00,TICKER_0195.JP,1669.78,1690.28,1.43,1.128,16924.6,True
2024-03-08,2024-03-08 08:30:00,2024-03-08 09:00:00,2024-03-08 15:00:00,TICKER_0232.JP,1785.61,1823.32,2.316,2.012,30195.19,True
2024-03-08,2024-03-08 08:30:00,2024-03-08 09:00:00,2024-03-08 15:00:00,TICKER_0269.JP,1905.49,1898.19,-0.184,-0.483,-7253.32,False
2024-03-08,2024-03-08 08:30:00,2024-03-08 09:00:00,2024-03-08 15:00:00,TICKER_0306.JP,1968.27,2038.98,3.8,3.493,52417.6,True
2024-03-08,2024-03-08 08:30:00,2024-03-08 09:00:00,2024-03-08 15:00:00,TICKER_0343.JP,2025.73,2107.08,4.224,3.916,58766.72,True
2024-03-08,2024-03-08 08:30:00,2024-03-08 09:00:00,2024-03-08 15:00:00,TICKER_0380.JP,2178.46,2203.93,1.372,1.07,16051.45,True
2024-03-08,2024-03-08 08:30:00,2024-03-08 09:00:00,2024-03-08 15:00:00,TICKER_0417.JP,2184.76,2170.96,-0.433,-0.732,-10984.51,False
2024-03-08,2024-03-08 08:30:00,2024-03-08 09:00:00,2024-03-08 15:00:00,TICKER_0454.JP,2332.32,2361.89,1.47,1.168,17524.19,True
2024-03-08,2024-03-08 08:30:00,2024-03-08 09:00:00,2024-03-08 15:00:00,TICKER_0491.JP,2366.85,2351.91,-0.433,-0.732,-10979.68,False
2024-03-08,2024-03-08 08:30:00,2024-03-08 09:00:00,2024-03-08 15:00:00,TICKER_0528.JP,2474.57,2391.4,-3.168,-3.461,-51946.13,False
2024-03-11,2024-03-11 08:30:00,2024-03-11 09:00:00,2024-03-11 15:00:00,TICKER_0533.JP,1554.29,1559.04,0.506,0.205,3104.11,True
2024-03-11,2024-03-11 08:30:00,2024-03-11 09:00:00,2024-03-11 15:00:00,TICKER_0570.JP,1642.88,1657.78,1.109,0.807,12194.87,True
2024-03-11,2024-03-11 08:30:00,2024-03-11 09:00:00,2024-03-11 15:00:00,TICKER_0607.JP,1702.07,1685.23,-0.791,-1.089,-16461.67,False
2024-03-11,2024-03-11 08:30:00,2024-03-11 09:00:00,2024-03-11 15:00:00,TICKER_0644.JP,1848.43,1911.81,3.636,3.329,50309.54,True
2024-03-11,2024-03-11 08:30:00,2024-03-11 09:00:00,2024-03-11 15:00:00,TICKER_0681.JP,1870.94,1896.1,1.548,1.245,18814.97,True
2024-03-11,2024-03-11 08:30:00,2024-03-11 09:00:00,2024-03-11 15:00:00,TICKER_0718.JP,1955.45,1949.33,-0.114,-0.413,-6245.01,False
2024-03-11,2024-03-11 08:30:00,2024-03-11 09:00:00,2024-03-11 15:00:00,TICKER_0755.JP,2039.27,2073.8,1.897,1.594,24084.3,True
2024-03-11,2024-03-11 08:30:00,2024-03-11 09:00:00,2024-03-11 15:00:00,TICKER_0792.JP,2152.21,2195.42,2.212,1.908,28833.15,True
2024-03-11,2024-03-11 08:30:00,2024-03-11 09:00:00,2024-03-11 15:00:00,TICKER_0829.JP,2204.77,2224.15,1.081,0.779,11773.94,True
2024-03-11,2024-03-11 08:30:00,2024-03-11 09:00:00,2024-03-11 15:00:00,TICKER_0866.JP,2292.22,2339.98,2.288,1.983,29976.62,True
2024-03-12,2024-03-12 08:30:00,2024-03-12 09:00:00,2024-03-12 15:00:00,TICKER_0722.JP,1721.43,1657.06,-3.547,-3.839,-58593.65,False
2024-03-12,2024-03-12 08:30:00,2024-03-12 09:00:00,2024-03-12 15:00:00,TICKER_0759.JP,1857.88,1904.98,2.741,2.436,37170.58,True
2024-03-12,2024-03-12 08:30:00,2024-03-12 09:00:00,2024-03-12 15:00:00,TICKER_0796.JP,1894.05,1953.59,3.35,3.044,46451.43,True
2024-03-12,2024-03-12 08:30:00,2024-03-12 09:00:00,2024-03-12 15:00:00,TICKER_0833.JP,1972.74,1948.37,-1.038,-1.335,-20380.46,False
2024-03-12,2024-03-12 08:30:00,2024-03-12 09:00:00,2024-03-12 15:00:00,TICKER_0870.JP,2085.19,2032.73,-2.321,-2.616,-39928.03,False
2024-03-12,2024-03-12 08:30:00,2024-03-12 09:00:00,2024-03-12 15:00:00,TICKER_0907.JP,2116.39,2115.89,0.176,-0.124,-1888.39,False
2024-03-12,2024-03-12 08:30:00,2024-03-12 09:00:00,2024-03-12 15:00:00,TICKER_0944.JP,2219.43,2321.02,4.787,4.477,68331.27,True
2024-03-12,2024-03-12 08:30:00,2024-03-12 09:00:00,2024-03-12 15:00:00,TICKER_0981.JP,2351.4,2450.05,4.404,4.095,62501.67,True
2024-03-12,2024-03-12 08:30:00,2024-03-12 09:00:00,2024-03-12 15:00:00,TICKER_1018.JP,2433.87,2474.07,1.855,1.552,23682.79,True
2024-03-12,2024-03-12 08:30:00,2024-03-12 09:00:00,2024-03-12 15:00:00,TICKER_1055.JP,2545.3,2567.94,1.091,0.789,12046.93,True
2024-03-13,2024-03-13 08:30:00,2024-03-13 09:00:00,2024-03-13 15:00:00,TICKER_0372.JP,1892.03,1908.17,1.055,0.753,11585.3,True
2024-03-13,2024-03-13 08:30:00,2024-03-13 09:00:00,2024-03-13 15:00:00,TICKER_0409.JP,1989.57,2057.02,3.597,3.29,50621.07,True
2024-03-13,2024-03-13 08:30:00,2024-03-13 09:00:00,2024-03-13 15:00:00,TICKER_0446.JP,2087.66,2134.2,2.434,2.13,32764.52,True
2024-03-13,2024-03-13 08:30:00,2024-03-13 09:00:00,2024-03-13 15:00:00,TICKER_0483.JP,2115.95,2098.41,-0.631,-0.929,-14294.63,False
2024-03-13,2024-03-13 08:30:00,2024-03-13 09:00:00,2024-03-13 15:00:00,TICKER_0520.JP,2260.86,2271.44,0.669,0.368,5659.44,True
2024-03-13,2024-03-13 08:30:00,2024-03-13 09:00:00,2024-03-13 15:00:00,TICKER_0557.JP,2282.55,2336.9,2.586,2.281,35094.5,True
2024-03-13,2024-03-13 08:30:00,2024-03-13 09:00:00,2024-03-13 15:00:00,TICKER_0594.JP,2394.28,2467.79,3.276,2.97,45694.73,True
2024-03-13,2024-03-13 08:30:00,2024-03-13 09:00:00,2024-03-13 15:00:00,TICKER_0631.JP,2472.96,2540.84,2.95,2.645,40688.4,True
2024-03-13,2024-03-13 08:30:00,2024-03-13 09:00:00,2024-03-13 15:00:00,TICKER_0668.JP,2604.81,2643.3,1.681,1.378,21195.81,True
2024-03-13,2024-03-13 08:30:00,2024-03-13 09:00:00,2024-03-13 15:00:00,TICKER_0705.JP,2674.59,2666.63,-0.098,-0.398,-6117.9,False
2024-03-14,2024-03-14 08:30:00,2024-03-14 09:00:00,2024-03-14 15:00:00,TICKER_0782.JP,1754.75,1813.04,3.528,3.221,50242.19,True
2024-03-14,2024-03-14 08:30:00,2024-03-14 09:00:00,2024-03-14 15:00:00,TICKER_0819.JP,1873.65,1857.45,-0.666,-0.965,-15045.58,False
2024-03-14,2024-03-14 08:30:00,2024-03-14 09:00:00,2024-03-14 15:00:00,TICKER_0856.JP,1948.82,2015.32,3.62,3.313,51665.15,True
2024-03-14,2024-03-14 08:30:00,2024-03-14 09:00:00,2024-03-14 15:00:00,TICKER_0893.JP,2089.55,2054.42,-1.484,-1.781,-27776.26,False
2024-03-14,2024-03-14 08:30:00,2024-03-14 09:00:00,2024-03-14 15:00:00,TICKER_0930.JP,2129.02,2167.2,1.997,1.693,26412.45,True
2024-03-14,2024-03-14 08:30:00,2024-03-14 09:00:00,2024-03-14 15:00:00,TICKER_0967.JP,2170.73,2242.91,3.532,3.225,50305.4,True
2024-03-14,2024-03-14 08:30:00,2024-03-14 09:00:00,2024-03-14 15:00:00,TICKER_1004.JP,2353.26,2356.25,0.328,0.027,422.32,True
2024-03-14,2024-03-14 08:30:00,2024-03-14 09:00:00,2024-03-14 15:00:00,TICKER_1041.JP,2392.84,2415.34,1.142,0.84,13106.94,True
2024-03-14,2024-03-14 08:30:00,2024-03-14 09:00:00,2024-03-14 15:00:00,TICKER_1078.JP,2453.73,2499.02,2.05,1.746,27225.88,True
2024-03-14,2024-03-14 08:30:00,2024-03-14 09:00:00,2024-03-14 15:00:00,TICKER_1115.JP,2557.99,2563.25,0.407,0.106,1652.8,True
2024-03-15,2024-03-15 08:30:00,2024-03-15 09:00:00,2024-03-15 15:00:00,TICKER_0859.JP,1861.24,1919.58,3.341,3.034,47839.94,True
2024-03-15,2024-03-15 08:30:00,2024-03-15 09:00:00,2024-03-15 15:00:00,TICKER_0896.JP,1975.24,1975.23,0.2,-0.101,-1584.94,False
2024-03-15,2024-03-15 08:30:00,2024-03-15 09:00:00,2024-03-15 15:00:00,TICKER_0933.JP,2048.7,2085.51,2.001,1.697,26754.99,True
2024-03-15,2024-03-15 08:30:00,2024-03-15 09:00:00,2024-03-15 15:00:00,TICKER_0970.JP,2121.42,2105.19,-0.566,-0.865,-13635.69,False
2024-03-15,2024-03-15 08:30:00,2024-03-15 09:00:00,2024-03-15 15:00:00,TICKER_1007.JP,2196.17,2321.73,5.928,5.617,88553.82,True
2024-03-15,2024-03-15 08:30:00,2024-03-15 09:00:00,2024-03-15 15:00:00,TICKER_1044.JP,2344.6,2359.44,0.834,0.533,8399.52,True
2024-03-15,2024-03-15 08:30:00,2024-03-15 09:00:00,2024-03-15 15:00:00,TICKER_1081.JP,2395.64,2463.72,3.048,2.742,43227.29,True
2024-03-15,2024-03-15 08:30:00,2024-03-15 09:00:00,2024-03-15 15:00:00,TICKER_1118.JP,2443.36,2550.77,4.605,4.296,67726.81,True
2024-03-15,2024-03-15 08:30:00,2024-03-15 09:00:00,2024-03-15 15:00:00,TICKER_1155.JP,2575.22,2560.34,-0.379,-0.678,-10689.64,False
2024-03-15,2024-03-15 08:30:00,2024-03-15 09:00:00,2024-03-15 15:00:00,TICKER_1192.JP,2601.83,2603.76,0.275,-0.026,-404.43,False
2024-03-18,2024-03-18 08:30:00,2024-03-18 09:00:00,2024-03-18 15:00:00,TICKER_0015.JP,1510.73,1563.23,3.682,3.375,54028.83,True
2024-03-18,2024-03-18 08:30:00,2024-03-18 09:00:00,2024-03-18 15:00:00,TICKER_0052.JP,1594.74,1614.36,1.433,1.13,18095.86,True
2024-03-18,2024-03-18 08:30:00,2024-03-18 09:00:00,2024-03-18 15:00:00,TICKER_0089.JP,1702.09,1746.84,2.835,2.529,40489.95,True
2024-03-18,2024-03-18 08:30:00,2024-03-18 09:00:00,2024-03-18 15:00:00,TICKER_0126.JP,1773.87,1846.79,4.319,4.011,64208.42,True
2024-03-18,2024-03-18 08:30:00,2024-03-18 09:00:00,2024-03-18 15:00:00,TICKER_0163.JP,1861.42,1894.6,1.986,1.683,26938.91,True
2024-03-18,2024-03-18 08:30:00,2024-03-18 09:00:00,2024-03-18 15:00:00,TICKER_0200.JP,1945.11,1939.23,-0.103,-0.403,-6443.98,False
2024-03-18,2024-03-18 08:30:00,2024-03-18 09:00:00,2024-03-18 15:00:00,TICKER_0237.JP,2025.0,2068.17,2.336,2.032,32525.57,True
2024-03-18,2024-03-18 08:30:00,2024-03-18 09:00:00,2024-03-18 15:00:00,TICKER_0274.JP,2129.8,2167.86,1.991,1.687,27009.51,True
2024-03-18,2024-03-18 08:30:00,2024-03-18 09:00:00,2024-03-18 15:00:00,TICKER_0311.JP,2190.15,2213.49,1.268,0.966,15464.34,True
2024-03-18,2024-03-18 08:30:00,2024-03-18 09:00:00,2024-03-18 15:00:00,TICKER_0348.JP,2296.04,2344.19,2.301,1.997,31971.39,True
2024-03-19,2024-03-19 08:30:00,2024-03-19 09:00:00,2024-03-19 15:00:00,TICKER_0876.JP,1873.42,1932.17,3.342,3.036,49475.98,True
2024-03-19,2024-03-19 08:30:00,2024-03-19 09:00:00,2024-03-19 15:00:00,TICKER_0913.JP,1975.46,2056.77,4.324,4.016,65451.58,True
2024-03-19,2024-03-19 08:30:00,2024-03-19 09:00:00,2024-03-19 15:00:00,TICKER_0950.JP,2090.43,2065.69,-0.985,-1.283,-20915.53,False
2024-03-19,2024-03-19 08:30:00,2024-03-19 09:00:00,2024-03-19 15:00:00,TICKER_0987.JP,2181.0,2209.58,1.513,1.21,19727.03,True
2024-03-19,2024-03-19 08:30:00,2024-03-19 09:00:00,2024-03-19 15:00:00,TICKER_1024.JP,2159.67,2199.5,2.048,1.744,28428.98,True
2024-03-19,2024-03-19 08:30:00,2024-03-19 09:00:00,2024-03-19 15:00:00,TICKER_1061.JP,2306.79,2289.59,-0.547,-0.846,-13786.64,False
2024-03-19,2024-03-19 08:30:00,2024-03-19 09:00:00,2024-03-19 15:00:00,TICKER_1098.JP,2403.76,2534.99,5.671,5.359,87348.67,True
2024-03-19,2024-03-19 08:30:00,2024-03-19 09:00:00,2024-03-19 15:00:00,TICKER_1135.JP,2492.79,2515.61,1.118,0.816,13291.23,True
2024-03-19,2024-03-19 08:30:00,2024-03-19 09:00:00,2024-03-19 15:00:00,TICKER_1172.JP,2607.18,2610.34,0.321,0.021,340.87,True
2024-03-19,2024-03-19 08:30:00,2024-03-19 09:00:00,2024-03-19 15:00:00,TICKER_1209.JP,2637.35,2702.76,2.685,2.38,38791.82,True
2024-03-20,2024-03-20 08:30:00,2024-03-20 09:00:00,2024-03-20 15:00:00,TICKER_0741.JP,1773.83,1813.71,2.453,2.148,35561.94,True
2024-03-20,2024-03-20 08:30:00,2024-03-20 09:00:00,2024-03-20 15:00:00,TICKER_0778.JP,1851.21,1861.87,0.777,0.476,7873.79,True
2024-03-20,2024-03-20 08:30:00,2024-03-20 09:00:00,2024-03-20 15:00:00,TICKER_0815.JP,1898.41,1888.42,-0.327,-0.626,-10363.19,False
2024-03-20,2024-03-20 08:30:00,2024-03-20 09:00:00,2024-03-20 15:00:00,TICKER_0852.JP,1998.08,2092.38,4.929,4.62,76466.53,True
2024-03-20,2024-03-20 08:30:00,2024-03-20 09:00:00,2024-03-20 15:00:00,TICKER_0889.JP,2086.5,2136.22,2.588,2.283,37787.06,True
2024-03-20,2024-03-20 08:30:00,2024-03-20 09:00:00,2024-03-20 15:00:00,TICKER_0926.JP,2183.97,2232.29,2.417,2.112,34963.03,True
2024-03-20,2024-03-20 08:30:00,2024-03-20 09:00:00,2024-03-20 15:00:00,TICKER_0963.JP,2256.1,2241.62,-0.443,-0.742,-12284.87,False
2024-03-20,2024-03-20 08:30:00,2024-03-20 09:00:00,2024-03-20 15:00:00,TICKER_1000.JP,2312.19,2326.9,0.838,0.536,8876.22,True
2024-03-20,2024-03-20 08:30:00,2024-03-20 09:00:00,2024-03-20 15:00:00,TICKER_1037.JP,2454.28,2357.56,-3.749,-4.041,-66889.44,False
2024-03-20,2024-03-20 08:30:00,2024-03-20 09:00:00,2024-03-20 15:00:00,TICKER_1074.JP,2507.99,2397.68,-4.207,-4.498,-74458.02,False
2024-03-21,2024-03-21 08:30:00,2024-03-21 09:00:00,2024-03-21 15:00:00,TICKER_0278.JP,1786.87,1731.26,-2.918,-3.212,-53283.35,False
2024-03-21,2024-03-21 08:30:00,2024-03-21 09:00:00,2024-03-21 15:00:00,TICKER_0315.JP,1862.54,1925.56,3.591,3.284,54471.13,True
2024-03-21,2024-03-21 08:30:00,2024-03-21 09:00:00,2024-03-21 15:00:00,TICKER_0352.JP,1952.32,1994.73,2.377,2.072,34378.8,True
2024-03-21,2024-03-21 08:30:00,2024-03-21 09:00:00,2024-03-21 15:00:00,TICKER_0389.JP,2037.78,2086.75,2.608,2.303,38209.79,True
2024-03-21,2024-03-21 08:30:00,2024-03-21 09:00:00,2024-03-21 15:00:00,TICKER_0426.JP,2122.39,2131.45,0.628,0.327,5419.43,True
2024-03-21,2024-03-21 08:30:00,2024-03-21 09:00:00,2024-03-21 15:00:00,TICKER_0463.JP,2231.48,2300.91,3.318,3.011,49952.9,True
2024-03-21,2024-03-21 08:30:00,2024-03-21 09:00:00,2024-03-21 15:00:00,TICKER_0500.JP,2320.8,2347.52,1.354,1.051,17441.24,True
2024-03-21,2024-03-21 08:30:00,2024-03-21 09:00:00,2024-03-21 15:00:00,TICKER_0537.JP,2400.7,2379.84,-0.67,-0.969,-16073.28,False
2024-03-21,2024-03-21 08:30:00,2024-03-21 09:00:00,2024-03-21 15:00:00,TICKER_0574.JP,2464.51,2536.48,3.126,2.82,46783.34,True
2024-03-21,2024-03-21 08:30:00,2024-03-21 09:00:00,2024-03-21 15:00:00,TICKER_0611.JP,2571.55,2510.8,-2.167,-2.462,-40849.07,False
2024-03-22,2024-03-22 08:30:00,2024-03-22 09:00:00,2024-03-22 15:00:00,TICKER_0772.JP,1790.17,1749.74,-2.063,-2.358,-39428.93,False
2024-03-22,2024-03-22 08:30:00,2024-03-22 09:00:00,2024-03-22 15:00:00,TICKER_0809.JP,1874.29,1818.76,-2.769,-3.063,-51205.9,False
2024-03-22,2024-03-22 08:30:00,2024-03-22 09:00:00,2024-03-22 15:00:00,TICKER_0846.JP,1979.03,2070.53,4.833,4.524,75624.94,True
2024-03-22,2024-03-22 08:30:00,2024-03-22 09:00:00,2024-03-22 15:00:00,TICKER_0883.JP,2014.51,1930.27,-3.99,-4.282,-71585.62,False
2024-03-22,2024-03-22 08:30:00,2024-03-22 09:00:00,2024-03-22 15:00:00,TICKER_0920.JP,2132.34,2105.47,-1.062,-1.36,-22737.03,False
2024-03-22,2024-03-22 08:30:00,2024-03-22 09:00:00,2024-03-22 15:00:00,TICKER_0957.JP,2201.64,2233.07,1.631,1.328,22198.65,True
2024-03-22,2024-03-22 08:30:00,2024-03-22 09:00:00,2024-03-22 15:00:00,TICKER_0994.JP,2293.17,2388.38,4.36,4.052,67739.27,True
2024-03-22,2024-03-22 08:30:00,2024-03-22 09:00:00,2024-03-22 15:00:00,TICKER_1031.JP,2413.07,2479.75,2.969,2.663,44523.39,True
2024-03-22,2024-03-22 08:30:00,2024-03-22 09:00:00,2024-03-22 15:00:00,TICKER_1068.JP,2392.69,2421.68,1.414,1.111,18581.02,True
2024-03-22,2024-03-22 08:30:00,2024-03-22 09:00:00,2024-03-22 15:00:00,TICKER_1105.JP,2595.41,2626.04,1.383,1.08,18057.39,True
2024-03-25,2024-03-25 08:30:00,2024-03-25 09:00:00,2024-03-25 15:00:00,TICKER_0323.JP,1769.02,1813.87,2.741,2.436,40863.6,True
2024-03-25,2024-03-25 08:30:00,2024-03-25 09:00:00,2024-03-25 15:00:00,TICKER_0360.JP,1930.58,1977.88,2.655,2.35,39427.74,True
2024-03-25,2024-03-25 08:30:00,2024-03-25 09:00:00,2024-03-25 15:00:00,TICKER_0397.JP,2019.47,2079.1,3.159,2.853,47861.61,True
2024-03-25,2024-03-25 08:30:00,2024-03-25 09:00:00,2024-03-25 15:00:00,TICKER_0434.JP,2081.51,2110.97,1.618,1.315,22064.96,True
2024-03-25,2024-03-25 08:30:00,2024-03-25 09:00:00,2024-03-25 15:00:00,TICKER_0471.JP,2207.45,2229.26,1.19,0.888,14900.71,True
2024-03-25,2024-03-25 08:30:00,2024-03-25 09:00:00,2024-03-25 15:00:00,TICKER_0508.JP,2243.68,2314.87,3.38,3.073,51554.96,True
2024-03-25,2024-03-25 08:30:00,2024-03-25 09:00:00,2024-03-25 15:00:00,TICKER_0545.JP,2315.47,2327.35,0.714,0.413,6927.98,True
2024-03-25,2024-03-25 08:30:00,2024-03-25 09:00:00,2024-03-25 15:00:00,TICKER_0582.JP,2380.79,2483.26,4.513,4.204,70534.85,True
2024-03-25,2024-03-25 08:30:00,2024-03-25 09:00:00,2024-03-25 15:00:00,TICKER_0619.JP,2529.23,2507.48,-0.661,-0.96,-16102.74,False
2024-03-25,2024-03-25 08:30:00,2024-03-25 09:00:00,2024-03-25 15:00:00,TICKER_0656.JP,2568.68,2567.53,0.155,-0.145,-2426.32,False
2024-03-26,2024-03-26 08:30:00,2024-03-26 09:00:00,2024-03-26 15:00:00,TICKER_0768.JP,1784.71,1788.34,0.404,0.103,1758.78,True
2024-03-26,2024-03-26 08:30:00,2024-03-26 09:00:00,2024-03-26 15:00:00,TICKER_0805.JP,1845.47,1826.05,-0.854,-1.152,-19635.2,False
2024-03-26,2024-03-26 08:30:00,2024-03-26 09:00:00,2024-03-26 15:00:00,TICKER_0842.JP,1946.85,1976.19,1.71,1.407,23971.59,True
2024-03-26,2024-03-26 08:30:00,2024-03-26 09:00:00,2024-03-26 15:00:00,TICKER_0879.JP,2017.19,2035.28,1.099,0.797,13582.71,True
2024-03-26,2024-03-26 08:30:00,2024-03-26 09:00:00,2024-03-26 15:00:00,TICKER_0916.JP,2105.42,2087.11,-0.671,-0.97,-16523.8,False
2024-03-26,2024-03-26 08:30:00,2024-03-26 09:00:00,2024-03-26 15:00:00,TICKER_0953.JP,2187.52,2206.72,1.08,0.778,13255.63,True
2024-03-26,2024-03-26 08:30:00,2024-03-26 09:00:00,2024-03-26 15:00:00,TICKER_0990.JP,2289.11,2386.66,4.47,4.162,70909.56,True
2024-03-26,2024-03-26 08:30:00,2024-03-26 09:00:00,2024-03-26 15:00:00,TICKER_1027.JP,2390.28,2479.46,3.939,3.631,61866.86,True
2024-03-26,2024-03-26 08:30:00,2024-03-26 09:00:00,2024-03-26 15:00:00,TICKER_1064.JP,2436.32,2451.86,0.839,0.538,9158.48,True
2024-03-26,2024-03-26 08:30:00,2024-03-26 09:00:00,2024-03-26 15:00:00,TICKER_1101.JP,2519.6,2584.87,2.796,2.491,42438.55,True
2024-03-27,2024-03-27 08:30:00,2024-03-27 09:00:00,2024-03-27 15:00:00,TICKER_0323.JP,1810.71,1844.09,2.048,1.744,30044.11,True
2024-03-27,2024-03-27 08:30:00,2024-03-27 09:00:00,2024-03-27 15:00:00,TICKER_0360.JP,1889.03,1971.03,4.55,4.241,73067.66,True
2024-03-27,2024-03-27 08:30:00,2024-03-27 09:00:00,2024-03-27 15:00:00,TICKER_0397.JP,2020.48,2045.64,1.448,1.145,19735.34,True
2024-03-27,2024-03-27 08:30:00,2024-03-27 09:00:00,2024-03-27 15:00:00,TICKER_0434.JP,2075.46,2026.71,-2.153,-2.449,-42194.57,False
2024-03-27,2024-03-27 08:30:00,2024-03-27 09:00:00,2024-03-27 15:00:00,TICKER_0471.JP,2181.26,2166.1,-0.496,-0.795,-13695.54,False
2024-03-27,2024-03-27 08:30:00,2024-03-27 09:00:00,2024-03-27 15:00:00,TICKER_0508.JP,2278.86,2351.52,3.395,3.088,53211.89,True
2024-03-27,2024-03-27 08:30:00,2024-03-27 09:00:00,2024-03-27 15:00:00,TICKER_0545.JP,2325.9,2377.29,2.414,2.109,36342.56,True
2024-03-27,2024-03-27 08:30:00,2024-03-27 09:00:00,2024-03-27 15:00:00,TICKER_0582.JP,2415.3,2480.06,2.887,2.581,44469.5,True
2024-03-27,2024-03-27 08:30:00,2024-03-27 09:00:00,2024-03-27 15:00:00,TICKER_0619.JP,2556.57,2593.85,1.661,1.358,23400.79,True
2024-03-27,2024-03-27 08:30:00,2024-03-27 09:00:00,2024-03-27 15:00:00,TICKER_0656.JP,2575.82,2554.64,-0.624,-0.922,-15890.38,False
2024-03-28,2024-03-28 08:30:00,2024-03-28 09:00:00,2024-03-28 15:00:00,TICKER_0820.JP,1826.73,1839.86,0.92,0.618,10777.31,True
2024-03-28,2024-03-28 08:30:00,2024-03-28 09:00:00,2024-03-28 15:00:00,TICKER_0857.JP,1900.07,1965.15,3.632,3.325,57953.35,True
2024-03-28,2024-03-28 08:30:00,2024-03-28 09:00:00,2024-03-28 15:00:00,TICKER_0894.JP,2004.84,2037.48,1.831,1.528,26628.25,True
2024-03-28,2024-03-28 08:30:00,2024-03-28 09:00:00,2024-03-28 15:00:00,TICKER_0931.JP,2049.54,2111.79,3.243,2.937,51188.24,True
2024-03-28,2024-03-28 08:30:00,2024-03-28 09:00:00,2024-03-28 15:00:00,TICKER_0968.JP,2194.06,2145.11,-2.035,-2.331,-40623.3,False
2024-03-28,2024-03-28 08:30:00,2024-03-28 09:00:00,2024-03-28 15:00:00,TICKER_1005.JP,2241.89,2190.8,-2.083,-2.379,-41460.11,False
2024-03-28,2024-03-28 08:30:00,2024-03-28 09:00:00,2024-03-28 15:00:00,TICKER_1042.JP,2346.25,2371.69,1.286,0.984,17147.69,True
2024-03-28,2024-03-28 08:30:00,2024-03-28 09:00:00,2024-03-28 15:00:00,TICKER_1079.JP,2402.85,2357.63,-1.686,-1.982,-34540.52,False
2024-03-28,2024-03-28 08:30:00,2024-03-28 09:00:00,2024-03-28 15:00:00,TICKER_1116.JP,2508.08,2585.44,3.291,2.985,52015.85,True
2024-03-28,2024-03-28 08:30:00,2024-03-28 09:00:00,2024-03-28 15:00:00,TICKER_1153.JP,2590.93,2719.47,5.171,4.861,84717.66,True
2024-03-29,2024-03-29 08:30:00,2024-03-29 09:00:00,2024-03-29 15:00:00,TICKER_0099.JP,1594.09,1619.08,1.771,1.467,25830.51,True
2024-03-29,2024-03-29 08:30:00,2024-03-29 09:00:00,2024-03-29 15:00:00,TICKER_0136.JP,1725.03,1795.77,4.309,4.001,70421.65,True
2024-03-29,2024-03-29 08:30:00,2024-03-29 09:00:00,2024-03-29 15:00:00,TICKER_0173.JP,1778.71,1772.76,-0.135,-0.435,-7649.81,False
2024-03-29,2024-03-29 08:30:00,2024-03-29 09:00:00,2024-03-29 15:00:00,TICKER_0210.JP,1853.96,1895.29,2.434,2.129,37480.59,True
2024-03-29,2024-03-29 08:30:00,2024-03-29 09:00:00,2024-03-29 15:00:00,TICKER_0247.JP,1973.52,1964.85,-0.24,-0.539,-9491.68,False
2024-03-29,2024-03-29 08:30:00,2024-03-29 09:00:00,2024-03-29 15:00:00,TICKER_0284.JP,2033.02,2025.98,-0.147,-0.446,-7854.67,False
2024-03-29,2024-03-29 08:30:00,2024-03-29 09:00:00,2024-03-29 15:00:00,TICKER_0321.JP,2108.03,2136.9,1.573,1.27,22350.64,True
2024-03-29,2024-03-29 08:30:00,2024-03-29 09:00:00,2024-03-29 15:00:00,TICKER_0358.JP,2171.2,2207.82,1.89,1.587,27928.8,True
2024-03-29,2024-03-29 08:30:00,2024-03-29 09:00:00,2024-03-29 15:00:00,TICKER_0395.JP,2287.2,2336.86,2.376,2.071,36454.58,True
2024-03-29,2024-03-29 08:30:00,2024-03-29 09:00:00,2024-03-29 15:00:00,TICKER_0432.JP,2377.19,2334.1,-1.616,-1.913,-33667.54,False
2024-04-01,2024-04-01 08:30:00,2024-04-01 09:00:00,2024-04-01 15:00:00,TICKER_0991.JP,2018.87,2015.28,0.022,-0.278,-4927.84,False
2024-04-01,2024-04-01 08:30:00,2024-04-01 09:00:00,2024-04-01 15:00:00,TICKER_1028.JP,2089.82,2060.6,-1.201,-1.498,-26602.32,False
2024-04-01,2024-04-01 08:30:00,2024-04-01 09:00:00,2024-04-01 15:00:00,TICKER_1065.JP,2142.56,2143.0,0.221,-0.079,-1407.28,False
2024-04-01,2024-04-01 08:30:00,2024-04-01 09:00:00,2024-04-01 15:00:00,TICKER_1102.JP,2281.95,2318.17,1.791,1.487,26407.11,True
2024-04-01,2024-04-01 08:30:00,2024-04-01 09:00:00,2024-04-01 15:00:00,TICKER_1139.JP,2376.49,2369.49,-0.095,-0.395,-7010.07,False
2024-04-01,2024-04-01 08:30:00,2024-04-01 09:00:00,2024-04-01 15:00:00,TICKER_1176.JP,2399.26,2439.35,1.875,1.571,27894.3,True
2024-04-01,2024-04-01 08:30:00,2024-04-01 09:00:00,2024-04-01 15:00:00,TICKER_1213.JP,2538.89,2516.99,-0.664,-0.962,-17088.6,False
2024-04-01,2024-04-01 08:30:00,2024-04-01 09:00:00,2024-04-01 15:00:00,TICKER_1250.JP,2608.21,2680.46,2.976,2.67,47410.88,True
2024-04-01,2024-04-01 08:30:00,2024-04-01 09:00:00,2024-04-01 15:00:00,TICKER_1287.JP,2677.13,2720.32,1.816,1.513,26864.85,True
2024-04-01,2024-04-01 08:30:00,2024-04-01 09:00:00,2024-04-01 15:00:00,TICKER_1324.JP,2754.65,2662.4,-3.155,-3.449,-61235.93,False
2024-04-02,2024-04-02 08:30:00,2024-04-02 09:00:00,2024-04-02 15:00:00,TICKER_0238.JP,1750.92,1778.23,1.763,1.46,25934.3,True
2024-04-02,2024-04-02 08:30:00,2024-04-02 09:00:00,2024-04-02 15:00:00,TICKER_0275.JP,1807.8,1866.45,3.451,3.145,55865.84,True
2024-04-02,2024-04-02 08:30:00,2024-04-02 09:00:00,2024-04-02 15:00:00,TICKER_0312.JP,1900.71,1902.53,0.296,-0.004,-78.47,False
2024-04-02,2024-04-02 08:30:00,2024-04-02 09:00:00,2024-04-02 15:00:00,TICKER_0349.JP,1988.4,2070.68,4.347,4.038,71738.64,True
2024-04-02,2024-04-02 08:30:00,2024-04-02 09:00:00,2024-04-02 15:00:00,TICKER_0386.JP,2089.58,2006.94,-3.762,-4.055,-72034.36,False
2024-04-02,2024-04-02 08:30:00,2024-04-02 09:00:00,2024-04-02 15:00:00,TICKER_0423.JP,2212.17,2225.03,0.783,0.481,8553.37,True
2024-04-02,2024-04-02 08:30:00,2024-04-02 09:00:00,2024-04-02 15:00:00,TICKER_0460.JP,2276.56,2419.47,6.49,6.177,109741.52,True
2024-04-02,2024-04-02 08:30:00,2024-04-02 09:00:00,2024-04-02 15:00:00,TICKER_0497.JP,2336.22,2445.07,4.869,4.559,80996.64,True
2024-04-02,2024-04-02 08:30:00,2024-04-02 09:00:00,2024-04-02 15:00:00,TICKER_0534.JP,2428.9,2456.45,1.337,1.034,18377.69,True
2024-04-02,2024-04-02 08:30:00,2024-04-02 09:00:00,2024-04-02 15:00:00,TICKER_0571.JP,2511.16,2547.18,1.638,1.334,23707.6,True
2024-04-03,2024-04-03 08:30:00,2024-04-03 09:00:00,2024-04-03 15:00:00,TICKER_0500.JP,2021.08,2019.67,0.13,-0.17,-3068.71,False
2024-04-03,2024-04-03 08:30:00,2024-04-03 09:00:00,2024-04-03 15:00:00,TICKER_0537.JP,2095.49,2115.15,1.14,0.838,15147.71,True
2024-04-03,2024-04-03 08:30:00,2024-04-03 09:00:00,2024-04-03 15:00:00,TICKER_0574.JP,2171.65,2166.9,-0.019,-0.319,-5758.94,False
2024-04-03,2024-04-03 08:30:00,2024-04-03 09:00:00,2024-04-03 15:00:00,TICKER_0611.JP,2299.61,2194.54,-4.378,-4.669,-84375.75,False
2024-04-03,2024-04-03 08:30:00,2024-04-03 09:00:00,2024-04-03 15:00:00,TICKER_0648.JP,2376.41,2428.04,2.377,2.072,37453.29,True
2024-04-03,2024-04-03 08:30:00,2024-04-03 09:00:00,2024-04-03 15:00:00,TICKER_0685.JP,2452.45,2472.42,1.016,0.714,12905.24,True
2024-04-03,2024-04-03 08:30:00,2024-04-03 09:00:00,2024-04-03 15:00:00,TICKER_0722.JP,2525.03,2551.51,1.251,0.948,17140.5,True
2024-04-03,2024-04-03 08:30:00,2024-04-03 09:00:00,2024-04-03 15:00:00,TICKER_0759.JP,2590.43,2610.26,0.967,0.665,12026.83,True
2024-04-03,2024-04-03 08:30:00,2024-04-03 09:00:00,2024-04-03 15:00:00,TICKER_0796.JP,2777.24,2783.59,0.429,0.129,2324.34,True
2024-04-03,2024-04-03 08:30:00,2024-04-03 09:00:00,2024-04-03 15:00:00,TICKER_0833.JP,2831.69,2909.17,2.942,2.636,47641.24,True
2024-04-04,2024-04-04 08:30:00,2024-04-04 09:00:00,2024-04-04 15:00:00,TICKER_0844.JP,1845.1,1923.53,4.459,4.151,75217.07,True
2024-04-04,2024-04-04 08:30:00,2024-04-04 09:00:00,2024-04-04 15:00:00,TICKER_0881.JP,1946.37,1953.03,0.543,0.242,4379.73,True
2024-04-04,2024-04-04 08:30:00,2024-04-04 09:00:00,2024-04-04 15:00:00,TICKER_0918.JP,2034.34,2005.51,-1.22,-1.517,-27492.69,False
2024-04-04,2024-04-04 08:30:00,2024-04-04 09:00:00,2024-04-04 15:00:00,TICKER_0955.JP,2124.31,2121.41,0.063,-0.237,-4290.81,False
2024-04-04,2024-04-04 08:30:00,2024-04-04 09:00:00,2024-04-04 15:00:00,TICKER_0992.JP,2203.85,2250.8,2.335,2.03,36788.69,True
2024-04-04,2024-04-04 08:30:00,2024-04-04 09:00:00,2024-04-04 15:00:00,TICKER_1029.JP,2259.27,2319.69,2.88,2.574,46650.5,True
2024-04-04,2024-04-04 08:30:00,2024-04-04 09:00:00,2024-04-04 15:00:00,TICKER_1066.JP,2346.12,2428.9,3.735,3.428,62122.25,True
2024-04-04,2024-04-04 08:30:00,2024-04-04 09:00:00,2024-04-04 15:00:00,TICKER_1103.JP,2444.7,2502.34,2.562,2.257,40907.88,True
2024-04-04,2024-04-04 08:30:00,2024-04-04 09:00:00,2024-04-04 15:00:00,TICKER_1140.JP,2542.46,2614.68,3.047,2.741,49664.12,True
2024-04-04,2024-04-04 08:30:00,2024-04-04 09:00:00,2024-04-04 15:00:00,TICKER_1177.JP,2662.78,2736.51,2.975,2.669,48364.26,True
2024-04-05,2024-04-05 08:30:00,2024-04-05 09:00:00,2024-04-05 15:00:00,TICKER_0673.JP,1657.95,1693.16,2.328,2.024,37309.67,True
2024-04-05,2024-04-05 08:30:00,2024-04-05 09:00:00,2024-04-05 15:00:00,TICKER_0710.JP,1753.76,1814.27,3.658,3.35,61771.04,True
2024-04-05,2024-04-05 08:30:00,2024-04-05 09:00:00,2024-04-05 15:00:00,TICKER_0747.JP,1867.6,1901.12,1.999,1.695,31248.45,True
2024-04-05,2024-04-05 08:30:00,2024-04-05 09:00:00,2024-04-05 15:00:00,TICKER_0784.JP,1912.4,1985.11,4.01,3.702,68256.18,True
2024-04-05,2024-04-05 08:30:00,2024-04-05 09:00:00,2024-04-05 15:00:00,TICKER_0821.JP,2033.68,2129.29,4.911,4.601,84831.33,True
2024-04-05,2024-04-05 08:30:00,2024-04-05 09:00:00,2024-04-05 15:00:00,TICKER_0858.JP,2115.6,2186.88,3.576,3.269,60272.58,True
2024-04-05,2024-04-05 08:30:00,2024-04-05 09:00:00,2024-04-05 15:00:00,TICKER_0895.JP,2214.18,2297.72,3.981,3.673,67716.12,True
2024-04-05,2024-04-05 08:30:00,2024-04-05 09:00:00,2024-04-05 15:00:00,TICKER_0932.JP,2274.98,2341.33,3.122,2.816,51922.42,True
2024-04-05,2024-04-05 08:30:00,2024-04-05 09:00:00,2024-04-05 15:00:00,TICKER_0969.JP,2368.87,2366.88,0.116,-0.184,-3389.2,False
2024-04-05,2024-04-05 08:30:00,2024-04-05 09:00:00,2024-04-05 15:00:00,TICKER_1006.JP,2428.46,2474.55,2.102,1.798,33153.2,True
2024-04-08,2024-04-08 08:30:00,2024-04-08 09:00:00,2024-04-08 15:00:00,TICKER_0500.JP,2011.8,2014.21,0.32,0.02,377.94,True
2024-04-08,2024-04-08 08:30:00,2024-04-08 09:00:00,2024-04-08 15:00:00,TICKER_0537.JP,2090.72,2045.74,-1.955,-2.251,-42560.46,False
2024-04-08,2024-04-08 08:30:00,2024-04-08 09:00:00,2024-04-08 15:00:00,TICKER_0574.JP,2161.16,2125.03,-1.475,-1.772,-33492.87,False
2024-04-08,2024-04-08 08:30:00,2024-04-08 09:00:00,2024-04-08 15:00:00,TICKER_0611.JP,2271.77,2287.12,0.877,0.576,10884.41,True
2024-04-08,2024-04-08 08:30:00,2024-04-08 09:00:00,2024-04-08 15:00:00,TICKER_0648.JP,2335.93,2394.04,2.693,2.388,45139.38,True
2024-04-08,2024-04-08 08:30:00,2024-04-08 09:00:00,2024-04-08 15:00:00,TICKER_0685.JP,2461.68,2479.22,0.914,0.612,11579.21,True
2024-04-08,2024-04-08 08:30:00,2024-04-08 09:00:00,2024-04-08 15:00:00,TICKER_0722.JP,2515.93,2615.43,4.163,3.855,72875.03,True
2024-04-08,2024-04-08 08:30:00,2024-04-08 09:00:00,2024-04-08 15:00:00,TICKER_0759.JP,2634.29,2752.85,4.71,4.401,83197.49,True
2024-04-08,2024-04-08 08:30:00,2024-04-08 09:00:00,2024-04-08 15:00:00,TICKER_0796.JP,2710.53,2849.53,5.339,5.028,95058.7,True
2024-04-08,2024-04-08 08:30:00,2024-04-08 09:00:00,2024-04-08 15:00:00,TICKER_0833.JP,2756.54,2923.51,6.27,5.957,112623.06,True
2024-04-09,2024-04-09 08:30:00,2024-04-09 09:00:00,2024-04-09 15:00:00,TICKER_0209.JP,1727.19,1802.87,4.591,4.282,82393.45,True
2024-04-09,2024-04-09 08:30:00,2024-04-09 09:00:00,2024-04-09 15:00:00,TICKER_0246.JP,1827.02,1805.38,-0.986,-1.284,-24708.84,False
2024-04-09,2024-04-09 08:30:00,2024-04-09 09:00:00,2024-04-09 15:00:00,TICKER_0283.JP,1923.65,1955.26,1.847,1.543,29697.74,True
2024-04-09,2024-04-09 08:30:00,2024-04-09 09:00:00,2024-04-09 15:00:00,TICKER_0320.JP,1989.38,2060.52,3.783,3.476,66889.33,True
2024-04-09,2024-04-09 08:30:00,2024-04-09 09:00:00,2024-04-09 15:00:00,TICKER_0357.JP,2059.07,2053.52,-0.07,-0.369,-7104.21,False
2024-04-09,2024-04-09 08:30:00,2024-04-09 09:00:00,2024-04-09 15:00:00,TICKER_0394.JP,2163.52,2214.04,2.54,2.235,43012.29,True
2024-04-09,2024-04-09 08:30:00,2024-04-09 09:00:00,2024-04-09 15:00:00,TICKER_0431.JP,2208.88,2224.12,0.892,0.59,11358.49,True
2024-04-09,2024-04-09 08:30:00,2024-04-09 09:00:00,2024-04-09 15:00:00,TICKER_0468.JP,2241.85,2307.98,3.156,2.85,54839.34,True
2024-04-09,2024-04-09 08:30:00,2024-04-09 09:00:00,2024-04-09 15:00:00,TICKER_0505.JP,2372.04,2437.94,2.984,2.678,51537.14,True
2024-04-09,2024-04-09 08:30:00,2024-04-09 09:00:00,2024-04-09 15:00:00,TICKER_0542.JP,2446.89,2474.22,1.319,1.017,19568.03,True
2024-04-10,2024-04-10 08:30:00,2024-04-10 09:00:00,2024-04-10 15:00:00,TICKER_0238.JP,1736.32,1796.12,3.651,3.344,65387.95,True
2024-04-10,2024-04-10 08:30:00,2024-04-10 09:00:00,2024-04-10 15:00:00,TICKER_0275.JP,1849.89,1863.79,0.953,0.652,12744.29,True
2024-04-10,2024-04-10 08:30:00,2024-04-10 09:00:00,2024-04-10 15:00:00,TICKER_0312.JP,1912.15,1963.02,2.866,2.56,50060.7,True
2024-04-10,2024-04-10 08:30:00,2024-04-10 09:00:00,2024-04-10 15:00:00,TICKER_0349.JP,1957.52,1930.33,-1.191,-1.489,-29114.33,False
2024-04-10,2024-04-10 08:30:00,2024-04-10 09:00:00,2024-04-10 15:00:00,TICKER_0386.JP,2120.99,2113.59,-0.149,-0.449,-8772.82,False
2024-04-10,2024-04-10 08:30:00,2024-04-10 09:00:00,2024-04-10 15:00:00,TICKER_0423.JP,2157.74,2111.25,-1.959,-2.255,-44085.71,False
2024-04-10,2024-04-10 08:30:00,2024-04-10 09:00:00,2024-04-10 15:00:00,TICKER_0460.JP,2273.35,2264.54,-0.188,-0.487,-9531.58,False
2024-04-10,2024-04-10 08:30:00,2024-04-10 09:00:00,2024-04-10 15:00:00,TICKER_0497.JP,2396.52,2449.59,2.419,2.114,41341.75,True
2024-04-10,2024-04-10 08:30:00,2024-04-10 09:00:00,2024-04-10 15:00:00,TICKER_0534.JP,2424.55,2451.61,1.318,1.016,19863.82,True
2024-04-10,2024-04-10 08:30:00,2024-04-10 09:00:00,2024-04-10 15:00:00,TICKER_0571.JP,2507.93,2562.83,2.394,2.089,40857.33,True
2024-04-11,2024-04-11 08:30:00,2024-04-11 09:00:00,2024-04-11 15:00:00,TICKER_0471.JP,1981.97,2000.52,1.138,0.836,16453.89,True
2024-04-11,2024-04-11 08:30:00,2024-04-11 09:00:00,2024-04-11 15:00:00,TICKER_0508.JP,2074.13,2128.83,2.843,2.537,49945.75,True
2024-04-11,2024-04-11 08:30:00,2024-04-11 09:00:00,2024-04-11 15:00:00,TICKER_0545.JP,2126.49,2094.32,-1.316,-1.613,-31750.91,False
2024-04-11,2024-04-11 08:30:00,2024-04-11 09:00:00,2024-04-11 15:00:00,TICKER_0582.JP,2227.29,2220.18,-0.12,-0.419,-8250.63,False
2024-04-11,2024-04-11 08:30:00,2024-04-11 09:00:00,2024-04-11 15:00:00,TICKER_0619.JP,2351.8,2323.33,-1.013,-1.31,-25795.82,False
2024-04-11,2024-04-11 08:30:00,2024-04-11 09:00:00,2024-04-11 15:00:00,TICKER_0656.JP,2395.17,2434.67,1.853,1.549,30496.88,True
2024-04-11,2024-04-11 08:30:00,2024-04-11 09:00:00,2024-04-11 15:00:00,TICKER_0693.JP,2466.95,2517.34,2.247,1.942,38238.82,True
2024-04-11,2024-04-11 08:30:00,2024-04-11 09:00:00,2024-04-11 15:00:00,TICKER_0730.JP,2589.39,2590.73,0.252,-0.048,-949.95,False
2024-04-11,2024-04-11 08:30:00,2024-04-11 09:00:00,2024-04-11 15:00:00,TICKER_0767.JP,2646.42,2629.06,-0.457,-0.756,-14886.39,False
2024-04-11,2024-04-11 08:30:00,2024-04-11 09:00:00,2024-04-11 15:00:00,TICKER_0804.JP,2723.46,2806.17,3.243,2.937,57817.32,True
2024-04-12,2024-04-12 08:30:00,2024-04-12 09:00:00,2024-04-12 15:00:00,TICKER_0079.JP,1620.38,1650.6,2.069,1.765,34931.38,True
2024-04-12,2024-04-12 08:30:00,2024-04-12 09:00:00,2024-04-12 15:00:00,TICKER_0116.JP,1670.34,1673.19,0.371,0.07,1393.6,True
2024-04-12,2024-04-12 08:30:00,2024-04-12 09:00:00,2024-04-12 15:00:00,TICKER_0153.JP,1756.58,1768.2,0.863,0.561,11107.96,True
2024-04-12,2024-04-12 08:30:00,2024-04-12 09:00:00,2024-04-12 15:00:00,TICKER_0190.JP,1841.66,1897.05,3.214,2.908,57548.49,True
2024-04-12,2024-04-12 08:30:00,2024-04-12 09:00:00,2024-04-12 15:00:00,TICKER_0227.JP,1917.44,1947.64,1.779,1.475,29198.5,True
2024-04-12,2024-04-12 08:30:00,2024-04-12 09:00:00,2024-04-12 15:00:00,TICKER_0264.JP,2047.18,2058.29,0.744,0.443,8766.22,True
2024-04-12,2024-04-12 08:30:00,2024-04-12 09:00:00,2024-04-12 15:00:00,TICKER_0301.JP,2118.89,2109.27,-0.255,-0.554,-10963.22,False
2024-04-12,2024-04-12 08:30:00,2024-04-12 09:00:00,2024-04-12 15:00:00,TICKER_0338.JP,2213.47,2226.6,0.795,0.493,9761.0,True
2024-04-12,2024-04-12 08:30:00,2024-04-12 09:00:00,2024-04-12 15:00:00,TICKER_0375.JP,2275.83,2278.35,0.311,0.011,208.7,True
2024-04-12,2024-04-12 08:30:00,2024-04-12 09:00:00,2024-04-12 15:00:00,TICKER_0412.JP,2391.51,2528.79,5.952,5.64,111632.03,True
2024-04-15,2024-04-15 08:30:00,2024-04-15 09:00:00,2024-04-15 15:00:00,TICKER_0440.JP,1988.99,1960.22,-1.249,-1.546,-30979.2,False
2024-04-15,2024-04-15 08:30:00,2024-04-15 09:00:00,2024-04-15 15:00:00,TICKER_0477.JP,2034.86,2004.71,-1.284,-1.582,-31684.88,False
2024-04-15,2024-04-15 08:30:00,2024-04-15 09:00:00,2024-04-15 15:00:00,TICKER_0514.JP,2079.77,2172.33,4.66,4.35,87150.53,True
2024-04-15,2024-04-15 08:30:00,2024-04-15 09:00:00,2024-04-15 15:00:00,TICKER_0551.JP,2210.57,2208.7,0.115,-0.185,-3697.27,False
2024-04-15,2024-04-15 08:30:00,2024-04-15 09:00:00,2024-04-15 15:00:00,TICKER_0588.JP,2311.46,2322.14,0.663,0.362,7249.66,True
2024-04-15,2024-04-15 08:30:00,2024-04-15 09:00:00,2024-04-15 15:00:00,TICKER_0625.JP,2374.55,2444.56,3.154,2.848,57061.02,True
2024-04-15,2024-04-15 08:30:00,2024-04-15 09:00:00,2024-04-15 15:00:00,TICKER_0662.JP,2537.06,2568.81,1.454,1.151,23062.03,True
2024-04-15,2024-04-15 08:30:00,2024-04-15 09:00:00,2024-04-15 15:00:00,TICKER_0699.JP,2569.2,2546.68,-0.678,-0.976,-19559.57,False
2024-04-15,2024-04-15 08:30:00,2024-04-15 09:00:00,2024-04-15 15:00:00,TICKER_0736.JP,2659.29,2754.46,3.786,3.479,69694.32,True
2024-04-15,2024-04-15 08:30:00,2024-04-15 09:00:00,2024-04-15 15:00:00,TICKER_0773.JP,2701.43,2676.03,-0.742,-1.04,-20837.09,False
2024-04-16,2024-04-16 08:30:00,2024-04-16 09:00:00,2024-04-16 15:00:00,TICKER_0409.JP,1932.72,2011.51,4.285,3.976,80177.96,True
2024-04-16,2024-04-16 08:30:00,2024-04-16 09:00:00,2024-04-16 15:00:00,TICKER_0446.JP,1998.19,1950.41,-2.196,-2.491,-50228.93,False
2024-04-16,2024-04-16 08:30:00,2024-04-16 09:00:00,2024-04-16 15:00:00,TICKER_0483.JP,2102.25,2114.17,0.769,0.467,9419.95,True
2024-04-16,2024-04-16 08:30:00,2024-04-16 09:00:00,2024-04-16 15:00:00,TICKER_0520.JP,2152.8,2188.42,1.858,1.555,31344.6,True
2024-04-16,2024-04-16 08:30:00,2024-04-16 09:00:00,2024-04-16 15:00:00,TICKER_0557.JP,2254.18,2322.82,3.251,2.945,59383.93,True
2024-04-16,2024-04-16 08:30:00,2024-04-16 09:00:00,2024-04-16 15:00:00,TICKER_0594.JP,2304.5,2330.61,1.335,1.033,20824.27,True
2024-04-16,2024-04-16 08:30:00,2024-04-16 09:00:00,2024-04-16 15:00:00,TICKER_0631.JP,2423.21,2387.06,-1.295,-1.592,-32096.73,False
2024-04-16,2024-04-16 08:30:00,2024-04-16 09:00:00,2024-04-16 15:00:00,TICKER_0668.JP,2531.91,2597.09,2.78,2.474,49891.85,True
2024-04-16,2024-04-16 08:30:00,2024-04-16 09:00:00,2024-04-16 15:00:00,TICKER_0705.JP,2612.69,2676.13,2.633,2.328,46944.22,True
2024-04-16,2024-04-16 08:30:00,2024-04-16 09:00:00,2024-04-16 15:00:00,TICKER_0742.JP,2699.11,2708.29,0.541,0.24,4843.42,True
2024-04-17,2024-04-17 08:30:00,2024-04-17 09:00:00,2024-04-17 15:00:00,TICKER_0790.JP,1809.38,1815.8,0.556,0.255,5196.79,True
2024-04-17,2024-04-17 08:30:00,2024-04-17 09:00:00,2024-04-17 15:00:00,TICKER_0827.JP,1868.15,1865.95,0.083,-0.217,-4430.04,False
2024-04-17,2024-04-17 08:30:00,2024-04-17 09:00:00,2024-04-17 15:00:00,TICKER_0864.JP,1987.32,1999.53,0.816,0.515,10482.95,True
2024-04-17,2024-04-17 08:30:00,2024-04-17 09:00:00,2024-04-17 15:00:00,TICKER_0901.JP,2045.78,2109.88,3.339,3.033,61790.77,True
2024-04-17,2024-04-17 08:30:00,2024-04-17 09:00:00,2024-04-17 15:00:00,TICKER_0938.JP,2143.93,2167.9,1.32,1.018,20738.61,True
2024-04-17,2024-04-17 08:30:00,2024-04-17 09:00:00,2024-04-17 15:00:00,TICKER_0975.JP,2251.05,2255.34,0.391,0.091,1848.59,True
2024-04-17,2024-04-17 08:30:00,2024-04-17 09:00:00,2024-04-17 15:00:00,TICKER_1012.JP,2323.55,2352.77,1.46,1.158,23585.96,True
2024-04-17,2024-04-17 08:30:00,2024-04-17 09:00:00,2024-04-17 15:00:00,TICKER_1049.JP,2410.28,2528.21,5.103,4.793,97644.18,True
2024-04-17,2024-04-17 08:30:00,2024-04-17 09:00:00,2024-04-17 15:00:00,TICKER_1086.JP,2466.38,2524.5,2.561,2.256,45970.31,True
2024-04-17,2024-04-17 08:30:00,2024-04-17 09:00:00,2024-04-17 15:00:00,TICKER_1123.JP,2547.42,2519.35,-0.904,-1.202,-24491.49,False
2024-04-18,2024-04-18 08:30:00,2024-04-18 09:00:00,2024-04-18 15:00:00,TICKER_0384.JP,1863.69,1905.8,2.464,2.16,44484.54,True
2024-04-18,2024-04-18 08:30:00,2024-04-18 09:00:00,2024-04-18 15:00:00,TICKER_0421.JP,1953.01,1955.86,0.346,0.046,947.28,True
2024-04-18,2024-04-18 08:30:00,2024-04-18 09:00:00,2024-04-18 15:00:00,TICKER_0458.JP,2068.01,2115.89,2.52,2.216,45639.09,True
2024-04-18,2024-04-18 08:30:00,2024-04-18 09:00:00,2024-04-18 15:00:00,TICKER_0495.JP,2146.46,2161.1,0.883,0.582,11982.58,True
2024-04-18,2024-04-18 08:30:00,2024-04-18 09:00:00,2024-04-18 15:00:00,TICKER_0532.JP,2254.49,2168.72,-3.612,-3.905,-80430.8,False
2024-04-18,2024-04-18 08:30:00,2024-04-18 09:00:00,2024-04-18 15:00:00,TICKER_0569.JP,2309.95,2371.84,2.885,2.579,53129.71,True
2024-04-18,2024-04-18 08:30:00,2024-04-18 09:00:00,2024-04-18 15:00:00,TICKER_0606.JP,2431.35,2470.87,1.829,1.525,31420.96,True
2024-04-18,2024-04-18 08:30:00,2024-04-18 09:00:00,2024-04-18 15:00:00,TICKER_0643.JP,2493.4,2505.7,0.695,0.393,8102.47,True
2024-04-18,2024-04-18 08:30:00,2024-04-18 09:00:00,2024-04-18 15:00:00,TICKER_0680.JP,2561.39,2589.07,1.283,0.981,20200.58,True
2024-04-18,2024-04-18 08:30:00,2024-04-18 09:00:00,2024-04-18 15:00:00,TICKER_0717.JP,2642.74,2719.74,3.12,2.814,57957.03,True
2024-04-19,2024-04-19 08:30:00,2024-04-19 09:00:00,2024-04-19 15:00:00,TICKER_0212.JP,1703.8,1683.35,-1.002,-1.3,-27019.81,False
2024-04-19,2024-04-19 08:30:00,2024-04-19 09:00:00,2024-04-19 15:00:00,TICKER_0249.JP,1816.75,1752.86,-3.324,-3.617,-75177.18,False
2024-04-19,2024-04-19 08:30:00,2024-04-19 09:00:00,2024-04-19 15:00:00,TICKER_0286.JP,1920.33,1954.14,1.965,1.661,34519.03,True
2024-04-19,2024-04-19 08:30:00,2024-04-19 09:00:00,2024-04-19 15:00:00,TICKER_0323.JP,2000.25,2063.36,3.362,3.055,63501.03,True
2024-04-19,2024-04-19 08:30:00,2024-04-19 09:00:00,2024-04-19 15:00:00,TICKER_0360.JP,2012.52,2081.5,3.634,3.327,69152.26,True
2024-04-19,2024-04-19 08:30:00,2024-04-19 09:00:00,2024-04-19 15:00:00,TICKER_0397.JP,2136.6,2171.12,1.819,1.515,31492.23,True
2024-04-19,2024-04-19 08:30:00,2024-04-19 09:00:00,2024-04-19 15:00:00,TICKER_0434.JP,2228.98,2161.21,-2.846,-3.14,-65267.37,False
2024-04-19,2024-04-19 08:30:00,2024-04-19 09:00:00,2024-04-19 15:00:00,TICKER_0471.JP,2340.13,2390.17,2.343,2.038,42362.71,True
2024-04-19,2024-04-19 08:30:00,2024-04-19 09:00:00,2024-04-19 15:00:00,TICKER_0508.JP,2394.07,2332.11,-2.393,-2.688,-55871.38,False
2024-04-19,2024-04-19 08:30:00,2024-04-19 09:00:00,2024-04-19 15:00:00,TICKER_0545.JP,2484.93,2472.52,-0.301,-0.6,-12463.79,False
2024-04-22,2024-04-22 08:30:00,2024-04-22 09:00:00,2024-04-22 15:00:00,TICKER_0931.JP,1972.38,1962.47,-0.303,-0.603,-12528.6,False
2024-04-22,2024-04-22 08:30:00,2024-04-22 09:00:00,2024-04-22 15:00:00,TICKER_0968.JP,1978.95,2053.55,3.978,3.67,76293.19,True
2024-04-22,2024-04-22 08:30:00,2024-04-22 09:00:00,2024-04-22 15:00:00,TICKER_1005.JP,2111.21,2145.79,1.842,1.538,31973.3,True
2024-04-22,2024-04-22 08:30:00,2024-04-22 09:00:00,2024-04-22 15:00:00,TICKER_1042.JP,2186.02,2238.14,2.589,2.284,47480.75,True
2024-04-22,2024-04-22 08:30:00,2024-04-22 09:00:00,2024-04-22 15:00:00,TICKER_1079.JP,2286.9,2330.54,2.112,1.808,37583.25,True
2024-04-22,2024-04-22 08:30:00,2024-04-22 09:00:00,2024-04-22 15:00:00,TICKER_1116.JP,2323.32,2416.76,4.23,3.922,81526.88,True
2024-04-22,2024-04-22 08:30:00,2024-04-22 09:00:00,2024-04-22 15:00:00,TICKER_1153.JP,2407.1,2509.41,4.459,4.15,86271.49,True
2024-04-22,2024-04-22 08:30:00,2024-04-22 09:00:00,2024-04-22 15:00:00,TICKER_1190.JP,2495.69,2524.06,1.339,1.037,21552.32,True
2024-04-22,2024-04-22 08:30:00,2024-04-22 09:00:00,2024-04-22 15:00:00,TICKER_1227.JP,2613.04,2623.26,0.592,0.291,6054.64,True
2024-04-22,2024-04-22 08:30:00,2024-04-22 09:00:00,2024-04-22 15:00:00,TICKER_1264.JP,2675.21,2646.07,-0.891,-1.189,-24723.32,False
2024-04-23,2024-04-23 08:30:00,2024-04-23 09:00:00,2024-04-23 15:00:00,TICKER_0300.JP,1794.36,1808.46,0.987,0.686,14481.95,True
2024-04-23,2024-04-23 08:30:00,2024-04-23 09:00:00,2024-04-23 15:00:00,TICKER_0337.JP,1891.06,1940.32,2.81,2.505,52906.49,True
2024-04-23,2024-04-23 08:30:00,2024-04-23 09:00:00,2024-04-23 15:00:00,TICKER_0374.JP,2000.04,2020.12,1.206,0.904,19093.63,True
2024-04-23,2024-04-23 08:30:00,2024-04-23 09:00:00,2024-04-23 15:00:00,TICKER_0411.JP,2053.04,2029.98,-0.925,-1.223,-25839.67,False
2024-04-23,2024-04-23 08:30:00,2024-04-23 09:00:00,2024-04-23 15:00:00,TICKER_0448.JP,2152.83,2232.03,3.886,3.579,75587.93,True
2024-04-23,2024-04-23 08:30:00,2024-04-23 09:00:00,2024-04-23 15:00:00,TICKER_0485.JP,2263.66,2387.68,5.69,5.379,113607.85,True
2024-04-23,2024-04-23 08:30:00,2024-04-23 09:00:00,2024-04-23 15:00:00,TICKER_0522.JP,2347.83,2351.93,0.375,0.075,1576.54,True
2024-04-23,2024-04-23 08:30:00,2024-04-23 09:00:00,2024-04-23 15:00:00,TICKER_0559.JP,2431.52,2387.98,-1.594,-1.891,-39933.7,False
2024-04-23,2024-04-23 08:30:00,2024-04-23 09:00:00,2024-04-23 15:00:00,TICKER_0596.JP,2505.88,2571.15,2.81,2.504,52897.47,True
2024-04-23,2024-04-23 08:30:00,2024-04-23 09:00:00,2024-04-23 15:00:00,TICKER_0633.JP,2562.15,2593.1,1.411,1.108,23406.34,True
2024-04-24,2024-04-24 08:30:00,2024-04-24 09:00:00,2024-04-24 15:00:00,TICKER_0924.JP,1951.41,2024.14,3.935,3.627,77606.68,True
2024-04-24,2024-04-24 08:30:00,2024-04-24 09:00:00,2024-04-24 15:00:00,TICKER_0961.JP,1991.15,2015.05,1.403,1.101,23545.58,True
2024-04-24,2024-04-24 08:30:00,2024-04-24 09:00:00,2024-04-24 15:00:00,TICKER_0998.JP,2102.78,2101.54,0.141,-0.159,-3405.6,False
2024-04-24,2024-04-24 08:30:00,2024-04-24 09:00:00,2024-04-24 15:00:00,TICKER_1035.JP,2148.98,2187.04,1.975,1.671,35757.11,True
2024-04-24,2024-04-24 08:30:00,2024-04-24 09:00:00,2024-04-24 15:00:00,TICKER_1072.JP,2275.84,2344.01,3.202,2.895,61947.49,True
2024-04-24,2024-04-24 08:30:00,2024-04-24 09:00:00,2024-04-24 15:00:00,TICKER_1109.JP,2352.78,2397.89,2.121,1.817,38881.19,True
2024-04-24,2024-04-24 08:30:00,2024-04-24 09:00:00,2024-04-24 15:00:00,TICKER_1146.JP,2411.42,2433.51,1.118,0.816,17464.3,True
2024-04-24,2024-04-24 08:30:00,2024-04-24 09:00:00,2024-04-24 15:00:00,TICKER_1183.JP,2552.42,2534.59,-0.5,-0.798,-17082.78,False
2024-04-24,2024-04-24 08:30:00,2024-04-24 09:00:00,2024-04-24 15:00:00,TICKER_1220.JP,2627.19,2709.68,3.346,3.04,65032.92,True
2024-04-24,2024-04-24 08:30:00,2024-04-24 09:00:00,2024-04-24 15:00:00,TICKER_1257.JP,2676.05,2729.98,2.219,1.915,40973.18,True
2024-04-25,2024-04-25 08:30:00,2024-04-25 09:00:00,2024-04-25 15:00:00,TICKER_0855.JP,1892.55,1893.28,0.239,-0.061,-1329.37,False
2024-04-25,2024-04-25 08:30:00,2024-04-25 09:00:00,2024-04-25 15:00:00,TICKER_0892.JP,1961.43,2018.0,3.09,2.784,60468.9,True
2024-04-25,2024-04-25 08:30:00,2024-04-25 09:00:00,2024-04-25 15:00:00,TICKER_0929.JP,2069.34,2157.33,4.461,4.152,90182.57,True
2024-04-25,2024-04-25 08:30:00,2024-04-25 09:00:00,2024-04-25 15:00:00,TICKER_0966.JP,2143.98,2215.03,3.521,3.214,69804.22,True
2024-04-25,2024-04-25 08:30:00,2024-04-25 09:00:00,2024-04-25 15:00:00,TICKER_1003.JP,2220.22,2238.08,1.006,0.705,15301.06,True
2024-04-25,2024-04-25 08:30:00,2024-04-25 09:00:00,2024-04-25 15:00:00,TICKER_1040.JP,2342.98,2388.3,2.138,1.834,39837.68,True
2024-04-25,2024-04-25 08:30:00,2024-04-25 09:00:00,2024-04-25 15:00:00,TICKER_1077.JP,2349.12,2431.48,3.713,3.406,73974.27,True
2024-04-25,2024-04-25 08:30:00,2024-04-25 09:00:00,2024-04-25 15:00:00,TICKER_1114.JP,2454.71,2503.18,2.179,1.875,40715.6,True
2024-04-25,2024-04-25 08:30:00,2024-04-25 09:00:00,2024-04-25 15:00:00,TICKER_1151.JP,2590.53,2595.9,0.408,0.107,2333.3,True
2024-04-25,2024-04-25 08:30:00,2024-04-25 09:00:00,2024-04-25 15:00:00,TICKER_1188.JP,2647.44,2659.94,0.673,0.372,8076.73,True
2024-04-26,2024-04-26 08:30:00,2024-04-26 09:00:00,2024-04-26 15:00:00,TICKER_0765.JP,1822.6,1867.75,2.682,2.377,52532.48,True
2024-04-26,2024-04-26 08:30:00,2024-04-26 09:00:00,2024-04-26 15:00:00,TICKER_0802.JP,1857.24,1872.8,1.04,0.738,16304.24,True
2024-04-26,2024-04-26 08:30:00,2024-04-26 09:00:00,2024-04-26 15:00:00,TICKER_0839.JP,1955.65,1946.68,-0.26,-0.559,-12348.35,False
2024-04-26,2024-04-26 08:30:00,2024-04-26 09:00:00,2024-04-26 15:00:00,TICKER_0876.JP,1986.38,2049.01,3.359,3.053,67459.56,True
2024-04-26,2024-04-26 08:30:00,2024-04-26 09:00:00,2024-04-26 15:00:00,TICKER_0913.JP,2112.0,2182.18,3.53,3.223,71216.86,True
2024-04-26,2024-04-26 08:30:00,2024-04-26 09:00:00,2024-04-26 15:00:00,TICKER_0950.JP,2187.35,2165.19,-0.815,-1.113,-24590.18,False
2024-04-26,2024-04-26 08:30:00,2024-04-26 09:00:00,2024-04-26 15:00:00,TICKER_0987.JP,2296.01,2319.42,1.222,0.919,20316.28,True
2024-04-26,2024-04-26 08:30:00,2024-04-26 09:00:00,2024-04-26 15:00:00,TICKER_1024.JP,2394.16,2430.36,1.715,1.412,31198.99,True
2024-04-26,2024-04-26 08:30:00,2024-04-26 09:00:00,2024-04-26 15:00:00,TICKER_1061.JP,2444.46,2460.4,0.853,0.552,12195.81,True
2024-04-26,2024-04-26 08:30:00,2024-04-26 09:00:00,2024-04-26 15:00:00,TICKER_1098.JP,2511.35,2511.07,0.189,-0.111,-2458.35,False
2024-04-29,2024-04-29 08:30:00,2024-04-29 09:00:00,2024-04-29 15:00:00,TICKER_0332.JP,1846.51,1855.94,0.712,0.411,9163.1,True
2024-04-29,2024-04-29 08:30:00,2024-04-29 09:00:00,2024-04-29 15:00:00,TICKER_0369.JP,1954.73,2009.69,3.017,2.711,60514.94,True
2024-04-29,2024-04-29 08:30:00,2024-04-29 09:00:00,2024-04-29 15:00:00,TICKER_0406.JP,2032.19,2029.5,0.067,-0.232,-5188.03,False
2024-04-29,2024-04-29 08:30:00,2024-04-29 09:00:00,2024-04-29 15:00:00,TICKER_0443.JP,2119.19,2093.76,-1.002,-1.3,-29006.52,False
2024-04-29,2024-04-29 08:30:00,2024-04-29 09:00:00,2024-04-29 15:00:00,TICKER_0480.JP,2214.18,2258.56,2.208,1.904,42499.73,True
2024-04-29,2024-04-29 08:30:00,2024-04-29 09:00:00,2024-04-29 15:00:00,TICKER_0517.JP,2250.42,2231.25,-0.653,-0.952,-21245.44,False
2024-04-29,2024-04-29 08:30:00,2024-04-29 09:00:00,2024-04-29 15:00:00,TICKER_0554.JP,2318.6,2314.82,0.037,-0.263,-5864.13,False
2024-04-29,2024-04-29 08:30:00,2024-04-29 09:00:00,2024-04-29 15:00:00,TICKER_0591.JP,2454.28,2462.96,0.555,0.254,5664.01,True
2024-04-29,2024-04-29 08:30:00,2024-04-29 09:00:00,2024-04-29 15:00:00,TICKER_0628.JP,2525.72,2580.42,2.37,2.065,46098.49,True
2024-04-29,2024-04-29 08:30:00,2024-04-29 09:00:00,2024-04-29 15:00:00,TICKER_0665.JP,2631.88,2635.14,0.324,0.024,535.17,True
2024-04-30,2024-04-30 08:30:00,2024-04-30 09:00:00,2024-04-30 15:00:00,TICKER_0500.JP,2015.25,2075.05,3.173,2.867,64276.39,True
2024-04-30,2024-04-30 08:30:00,2024-04-30 09:00:00,2024-04-30 15:00:00,TICKER_0537.JP,2074.78,2144.75,3.579,3.272,73356.69,True
2024-04-30,2024-04-30 08:30:00,2024-04-30 09:00:00,2024-04-30 15:00:00,TICKER_0574.JP,2162.93,2190.39,1.472,1.169,26214.45,True
2024-04-30,2024-04-30 08:30:00,2024-04-30 09:00:00,2024-04-30 15:00:00,TICKER_0611.JP,2260.6,2326.95,3.141,2.835,63554.99,True
2024-04-30,2024-04-30 08:30:00,2024-04-30 09:00:00,2024-04-30 15:00:00,TICKER_0648.JP,2318.45,2328.05,0.615,0.314,7043.78,True
2024-04-30,2024-04-30 08:30:00,2024-04-30 09:00:00,2024-04-30 15:00:00,TICKER_0685.JP,2438.01,2379.56,-2.202,-2.497,-55982.2,False
2024-04-30,2024-04-30 08:30:00,2024-04-30 09:00:00,2024-04-30 15:00:00,TICKER_0722.JP,2524.57,2617.08,3.872,3.564,79899.98,True
2024-04-30,2024-04-30 08:30:00,2024-04-30 09:00:00,2024-04-30 15:00:00,TICKER_0759.JP,2612.77,2568.3,-1.505,-1.802,-40396.24,False
2024-04-30,2024-04-30 08:30:00,2024-04-30 09:00:00,2024-04-30 15:00:00,TICKER_0796.JP,2726.63,2790.92,2.562,2.258,50607.22,True
2024-04-30,2024-04-30 08:30:00,2024-04-30 09:00:00,2024-04-30 15:00:00,TICKER_0833.JP,2795.31,2839.43,1.782,1.478,33135.96,True
2024-05-01,2024-05-01 08:30:00,2024-05-01 09:00:00,2024-05-01 15:00:00,TICKER_0809.JP,1794.61,1829.39,2.142,1.838,41724.02,True
2024-05-01,2024-05-01 08:30:00,2024-05-01 09:00:00,2024-05-01 15:00:00,TICKER_0846.JP,1916.03,1960.61,2.531,2.226,50545.02,True
2024-05-01,2024-05-01 08:30:00,2024-05-01 09:00:00,2024-05-01 15:00:00,TICKER_0883.JP,1984.01,1958.08,-1.109,-1.407,-31944.69,False
2024-05-01,2024-05-01 08:30:00,2024-05-01 09:00:00,2024-05-01 15:00:00,TICKER_0920.JP,2070.36,2110.76,2.155,1.851,42030.5,True
2024-05-01,2024-05-01 08:30:00,2024-05-01 09:00:00,2024-05-01 15:00:00,TICKER_0957.JP,2145.6,2176.68,1.652,1.348,30613.9,True
2024-05-01,2024-05-01 08:30:00,2024-05-01 09:00:00,2024-05-01 15:00:00,TICKER_0994.JP,2250.62,2285.06,1.734,1.43,32475.59,True
2024-05-01,2024-05-01 08:30:00,2024-05-01 09:00:00,2024-05-01 15:00:00,TICKER_1031.JP,2332.22,2380.25,2.264,1.959,44482.6,True
2024-05-01,2024-05-01 08:30:00,2024-05-01 09:00:00,2024-05-01 15:00:00,TICKER_1068.JP,2424.12,2395.13,-0.998,-1.296,-29420.39,False
2024-05-01,2024-05-01 08:30:00,2024-05-01 09:00:00,2024-05-01 15:00:00,TICKER_1105.JP,2520.08,2539.67,0.979,0.677,15378.43,True
2024-05-01,2024-05-01 08:30:00,2024-05-01 09:00:00,2024-05-01 15:00:00,TICKER_1142.JP,2571.31,2645.89,3.107,2.801,63582.21,True
2024-05-02,2024-05-02 08:30:00,2024-05-02 09:00:00,2024-05-02 15:00:00,TICKER_0756.JP,1785.91,1771.11,-0.631,-0.929,-21322.62,False
2024-05-02,2024-05-02 08:30:00,2024-05-02 09:00:00,2024-05-02 15:00:00,TICKER_0793.JP,1846.66,1900.31,3.111,2.805,64370.82,True
2024-05-02,2024-05-02 08:30:00,2024-05-02 09:00:00,2024-05-02 15:00:00,TICKER_0830.JP,1934.31,1940.07,0.498,0.198,4533.8,True
2024-05-02,2024-05-02 08:30:00,2024-05-02 09:00:00,2024-05-02 15:00:00,TICKER_0867.JP,1991.22,2019.7,1.633,1.33,30528.51,True
2024-05-02,2024-05-02 08:30:00,2024-05-02 09:00:00,2024-05-02 15:00:00,TICKER_0904.JP,2114.21,2128.65,0.884,0.583,13376.51,True
2024-05-02,2024-05-02 08:30:00,2024-05-02 09:00:00,2024-05-02 15:00:00,TICKER_0941.JP,2186.11,2203.01,0.975,0.673,15447.49,True
2024-05-02,2024-05-02 08:30:00,2024-05-02 09:00:00,2024-05-02 15:00:00,TICKER_0978.JP,2292.93,2286.21,-0.093,-0.393,-9020.11,False
2024-05-02,2024-05-02 08:30:00,2024-05-02 09:00:00,2024-05-02 15:00:00,TICKER_1015.JP,2389.83,2468.37,3.493,3.187,73129.48,True
2024-05-02,2024-05-02 08:30:00,2024-05-02 09:00:00,2024-05-02 15:00:00,TICKER_1052.JP,2429.27,2444.1,0.812,0.511,11721.46,True
2024-05-02,2024-05-02 08:30:00,2024-05-02 09:00:00,2024-05-02 15:00:00,TICKER_1089.JP,2480.4,2556.54,3.276,2.97,68155.97,True
2024-05-03,2024-05-03 08:30:00,2024-05-03 09:00:00,2024-05-03 15:00:00,TICKER_0175.JP,1692.37,1706.58,1.042,0.74,17152.53,True
2024-05-03,2024-05-03 08:30:00,2024-05-03 09:00:00,2024-05-03 15:00:00,TICKER_0212.JP,1748.49,1683.23,-3.54,-3.832,-88867.74,False
2024-05-03,2024-05-03 08:30:00,2024-05-03 09:00:00,2024-05-03 15:00:00,TICKER_0249.JP,1876.07,1945.26,3.896,3.588,83197.79,True
2024-05-03,2024-05-03 08:30:00,2024-05-03 09:00:00,2024-05-03 15:00:00,TICKER_0286.JP,1947.54,1996.45,2.717,2.412,55922.5,True
2024-05-03,2024-05-03 08:30:00,2024-05-03 09:00:00,2024-05-03 15:00:00,TICKER_0323.JP,2016.75,2036.98,1.205,0.903,20936.81,True
2024-05-03,2024-05-03 08:30:00,2024-05-03 09:00:00,2024-05-03 15:00:00,TICKER_0360.JP,2122.85,2112.2,-0.303,-0.602,-13957.44,False
2024-05-03,2024-05-03 08:30:00,2024-05-03 09:00:00,2024-05-03 15:00:00,TICKER_0397.JP,2193.93,2226.39,1.683,1.38,31988.49,True
2024-05-03,2024-05-03 08:30:00,2024-05-03 09:00:00,2024-05-03 15:00:00,TICKER_0434.JP,2265.33,2351.56,4.014,3.706,85939.81,True
2024-05-03,2024-05-03 08:30:00,2024-05-03 09:00:00,2024-05-03 15:00:00,TICKER_0471.JP,2379.23,2398.62,1.017,0.715,16580.92,True
2024-05-03,2024-05-03 08:30:00,2024-05-03 09:00:00,2024-05-03 15:00:00,TICKER_0508.JP,2416.98,2465.87,2.227,1.923,44582.64,True
2024-05-06,2024-05-06 08:30:00,2024-05-06 09:00:00,2024-05-06 15:00:00,TICKER_0728.JP,1730.75,1757.91,1.773,1.469,34425.05,True
2024-05-06,2024-05-06 08:30:00,2024-05-06 09:00:00,2024-05-06 15:00:00,TICKER_0765.JP,1811.27,1900.75,5.15,4.84,113397.62,True
2024-05-06,2024-05-06 08:30:00,2024-05-06 09:00:00,2024-05-06 15:00:00,TICKER_0802.JP,1872.26,1912.19,2.337,2.032,47618.78,True
2024-05-06,2024-05-06 08:30:00,2024-05-06 09:00:00,2024-05-06 15:00:00,TICKER_0839.JP,1997.95,2013.5,0.98,0.679,15901.84,True
2024-05-06,2024-05-06 08:30:00,2024-05-06 09:00:00,2024-05-06 15:00:00,TICKER_0876.JP,2102.67,2092.84,-0.268,-0.568,-13302.07,False
2024-05-06,2024-05-06 08:30:00,2024-05-06 09:00:00,2024-05-06 15:00:00,TICKER_0913.JP,2127.67,2221.71,4.629,4.32,101210.53,True
2024-05-06,2024-05-06 08:30:00,2024-05-06 09:00:00,2024-05-06 15:00:00,TICKER_0950.JP,2252.8,2303.37,2.45,2.145,50253.42,True
2024-05-06,2024-05-06 08:30:00,2024-05-06 09:00:00,2024-05-06 15:00:00,TICKER_0987.JP,2358.8,2313.39,-1.728,-2.025,-47438.97,False
2024-05-06,2024-05-06 08:30:00,2024-05-06 09:00:00,2024-05-06 15:00:00,TICKER_1024.JP,2391.43,2414.0,1.146,0.844,19773.49,True
2024-05-06,2024-05-06 08:30:00,2024-05-06 09:00:00,2024-05-06 15:00:00,TICKER_1061.JP,2517.96,2506.54,-0.254,-0.553,-12963.79,False
2024-05-07,2024-05-07 08:30:00,2024-05-07 09:00:00,2024-05-07 15:00:00,TICKER_0126.JP,1610.37,1558.33,-3.038,-3.331,-79030.49,False
2024-05-07,2024-05-07 08:30:00,2024-05-07 09:00:00,2024-05-07 15:00:00,TICKER_0163.JP,1697.73,1687.29,-0.416,-0.715,-16953.11,False
2024-05-07,2024-05-07 08:30:00,2024-05-07 09:00:00,2024-05-07 15:00:00,TICKER_0200.JP,1825.32,1771.43,-2.758,-3.053,-72417.79,False
2024-05-07,2024-05-07 08:30:00,2024-05-07 09:00:00,2024-05-07 15:00:00,TICKER_0237.JP,1881.59,1823.3,-2.904,-3.198,-75855.58,False
2024-05-07,2024-05-07 08:30:00,2024-05-07 09:00:00,2024-05-07 15:00:00,TICKER_0274.JP,1972.64,2026.98,2.96,2.655,62975.78,True
2024-05-07,2024-05-07 08:30:00,2024-05-07 09:00:00,2024-05-07 15:00:00,TICKER_0311.JP,2062.07,2118.94,2.964,2.658,63050.67,True
2024-05-07,2024-05-07 08:30:00,2024-05-07 09:00:00,2024-05-07 15:00:00,TICKER_0348.JP,2129.17,2133.95,0.425,0.125,2961.11,True
2024-05-07,2024-05-07 08:30:00,2024-05-07 09:00:00,2024-05-07 15:00:00,TICKER_0385.JP,2251.89,2320.9,3.271,2.964,70322.86,True
2024-05-07,2024-05-07 08:30:00,2024-05-07 09:00:00,2024-05-07 15:00:00,TICKER_0422.JP,2289.48,2319.21,1.501,1.199,28433.78,True
2024-05-07,2024-05-07 08:30:00,2024-05-07 09:00:00,2024-05-07 15:00:00,TICKER_0459.JP,2411.41,2508.34,4.228,3.92,92983.37,True
2024-05-08,2024-05-08 08:30:00,2024-05-08 09:00:00,2024-05-08 15:00:00,TICKER_0799.JP,1818.34,1808.21,-0.358,-0.657,-15631.25,False
2024-05-08,2024-05-08 08:30:00,2024-05-08 09:00:00,2024-05-08 15:00:00,TICKER_0836.JP,1919.32,1879.88,-1.859,-2.155,-51274.79,False
2024-05-08,2024-05-08 08:30:00,2024-05-08 09:00:00,2024-05-08 15:00:00,TICKER_0873.JP,1994.19,2020.67,1.53,1.228,29211.03,True
2024-05-08,2024-05-08 08:30:00,2024-05-08 09:00:00,2024-05-08 15:00:00,TICKER_0910.JP,2083.61,2116.21,1.768,1.465,34850.14,True
2024-05-08,2024-05-08 08:30:00,2024-05-08 09:00:00,2024-05-08 15:00:00,TICKER_0947.JP,2175.53,2184.03,0.592,0.291,6917.88,True
2024-05-08,2024-05-08 08:30:00,2024-05-08 09:00:00,2024-05-08 15:00:00,TICKER_0984.JP,2257.75,2178.45,-3.319,-3.612,-85951.95,False
2024-05-08,2024-05-08 08:30:00,2024-05-08 09:00:00,2024-05-08 15:00:00,TICKER_1021.JP,2281.01,2347.5,3.121,2.815,66983.01,True
2024-05-08,2024-05-08 08:30:00,2024-05-08 09:00:00,2024-05-08 15:00:00,TICKER_1058.JP,2409.71,2357.87,-1.955,-2.251,-53567.27,False
2024-05-08,2024-05-08 08:30:00,2024-05-08 09:00:00,2024-05-08 15:00:00,TICKER_1095.JP,2521.61,2545.61,1.154,0.852,20270.56,True
2024-05-08,2024-05-08 08:30:00,2024-05-08 09:00:00,2024-05-08 15:00:00,TICKER_1132.JP,2540.6,2483.52,-2.051,-2.346,-55834.59,False
2024-05-09,2024-05-09 08:30:00,2024-05-09 09:00:00,2024-05-09 15:00:00,TICKER_0345.JP,1852.71,1775.34,-3.984,-4.276,-101323.38,False
2024-05-09,2024-05-09 08:30:00,2024-05-09 09:00:00,2024-05-09 15:00:00,TICKER_0382.JP,1951.48,1976.99,1.51,1.207,28608.19,True
2024-05-09,2024-05-09 08:30:00,2024-05-09 09:00:00,2024-05-09 15:00:00,TICKER_0419.JP,2021.94,2060.67,2.119,1.815,43017.04,True
2024-05-09,2024-05-09 08:30:00,2024-05-09 09:00:00,2024-05-09 15:00:00,TICKER_0456.JP,2095.58,2186.67,4.556,4.247,100629.43,True
2024-05-09,2024-05-09 08:30:00,2024-05-09 09:00:00,2024-05-09 15:00:00,TICKER_0493.JP,2252.75,2239.02,-0.411,-0.71,-16813.76,False
2024-05-09,2024-05-09 08:30:00,2024-05-09 09:00:00,2024-05-09 15:00:00,TICKER_0530.JP,2297.21,2373.24,3.516,3.21,76056.18,True
2024-05-09,2024-05-09 08:30:00,2024-05-09 09:00:00,2024-05-09 15:00:00,TICKER_0567.JP,2385.58,2382.02,0.05,-0.25,-5913.35,False
2024-05-09,2024-05-09 08:30:00,2024-05-09 09:00:00,2024-05-09 15:00:00,TICKER_0604.JP,2469.69,2502.47,1.53,1.227,29080.09,True
2024-05-09,2024-05-09 08:30:00,2024-05-09 09:00:00,2024-05-09 15:00:00,TICKER_0641.JP,2521.5,2546.01,1.174,0.872,20666.37,True
2024-05-09,2024-05-09 08:30:00,2024-05-09 09:00:00,2024-05-09 15:00:00,TICKER_0678.JP,2640.37,2610.42,-0.936,-1.234,-29249.18,False
2024-05-10,2024-05-10 08:30:00,2024-05-10 09:00:00,2024-05-10 15:00:00,TICKER_0376.JP,1887.18,1900.81,0.924,0.622,14832.9,True
2024-05-10,2024-05-10 08:30:00,2024-05-10 09:00:00,2024-05-10 15:00:00,TICKER_0413.JP,1997.1,1936.91,-2.819,-3.114,-74208.06,False
2024-05-10,2024-05-10 08:30:00,2024-05-10 09:00:00,2024-05-10 15:00:00,TICKER_0450.JP,2067.36,2073.39,0.493,0.192,4579.03,True
2024-05-10,2024-05-10 08:30:00,2024-05-10 09:00:00,2024-05-10 15:00:00,TICKER_0487.JP,2147.16,2168.69,1.205,0.903,21519.81,True
2024-05-10,2024-05-10 08:30:00,2024-05-10 09:00:00,2024-05-10 15:00:00,TICKER_0524.JP,2267.89,2350.19,3.836,3.529,84109.48,True
2024-05-10,2024-05-10 08:30:00,2024-05-10 09:00:00,2024-05-10 15:00:00,TICKER_0561.JP,2297.14,2338.62,2.009,1.705,40647.62,True
2024-05-10,2024-05-10 08:30:00,2024-05-10 09:00:00,2024-05-10 15:00:00,TICKER_0598.JP,2391.49,2431.08,1.859,1.555,37069.65,True
2024-05-10,2024-05-10 08:30:00,2024-05-10 09:00:00,2024-05-10 15:00:00,TICKER_0635.JP,2467.52,2438.1,-0.994,-1.292,-30795.88,False
2024-05-10,2024-05-10 08:30:00,2024-05-10 09:00:00,2024-05-10 15:00:00,TICKER_0672.JP,2586.81,2609.95,1.096,0.794,18930.51,True
2024-05-10,2024-05-10 08:30:00,2024-05-10 09:00:00,2024-05-10 15:00:00,TICKER_0709.JP,2636.22,2692.3,2.331,2.027,48309.99,True
2024-05-13,2024-05-13 08:30:00,2024-05-13 09:00:00,2024-05-13 15:00:00,TICKER_0933.JP,1956.72,1934.8,-0.922,-1.22,-29275.96,False
2024-05-13,2024-05-13 08:30:00,2024-05-13 09:00:00,2024-05-13 15:00:00,TICKER_0970.JP,2036.65,2138.18,5.195,4.885,117190.86,True
2024-05-13,2024-05-13 08:30:00,2024-05-13 09:00:00,2024-05-13 15:00:00,TICKER_1007.JP,2122.05,2153.21,1.672,1.369,32833.66,True
2024-05-13,2024-05-13 08:30:00,2024-05-13 09:00:00,2024-05-13 15:00:00,TICKER_1044.JP,2196.34,2150.83,-1.876,-2.172,-52116.99,False
2024-05-13,2024-05-13 08:30:00,2024-05-13 09:00:00,2024-05-13 15:00:00,TICKER_1081.JP,2255.06,2282.83,1.434,1.132,27146.24,True
2024-05-13,2024-05-13 08:30:00,2024-05-13 09:00:00,2024-05-13 15:00:00,TICKER_1118.JP,2386.79,2420.45,1.613,1.31,31426.42,True
2024-05-13,2024-05-13 08:30:00,2024-05-13 09:00:00,2024-05-13 15:00:00,TICKER_1155.JP,2420.39,2418.71,0.131,-0.169,-4063.34,False
2024-05-13,2024-05-13 08:30:00,2024-05-13 09:00:00,2024-05-13 15:00:00,TICKER_1192.JP,2517.92,2484.24,-1.14,-1.437,-34481.54,False
2024-05-13,2024-05-13 08:30:00,2024-05-13 09:00:00,2024-05-13 15:00:00,TICKER_1229.JP,2632.99,2669.92,1.605,1.302,31247.0,True
2024-05-13,2024-05-13 08:30:00,2024-05-13 09:00:00,2024-05-13 15:00:00,TICKER_1266.JP,2718.53,2766.95,1.985,1.681,40334.61,True
2024-05-14,2024-05-14 08:30:00,2024-05-14 09:00:00,2024-05-14 15:00:00,TICKER_0579.JP,1574.74,1578.13,0.416,0.115,2778.59,True
2024-05-14,2024-05-14 08:30:00,2024-05-14 09:00:00,2024-05-14 15:00:00,TICKER_0616.JP,1662.37,1665.89,0.412,0.112,2700.36,True
2024-05-14,2024-05-14 08:30:00,2024-05-14 09:00:00,2024-05-14 15:00:00,TICKER_0653.JP,1737.98,1798.47,3.688,3.381,81618.86,True
2024-05-14,2024-05-14 08:30:00,2024-05-14 09:00:00,2024-05-14 15:00:00,TICKER_0690.JP,1836.63,1885.85,2.885,2.58,62282.43,True
2024-05-14,2024-05-14 08:30:00,2024-05-14 09:00:00,2024-05-14 15:00:00,TICKER_0727.JP,1952.82,1968.86,1.023,0.721,17413.86,True
2024-05-14,2024-05-14 08:30:00,2024-05-14 09:00:00,2024-05-14 15:00:00,TICKER_0764.JP,2005.55,2056.51,2.746,2.441,58928.42,True
2024-05-14,2024-05-14 08:30:00,2024-05-14 09:00:00,2024-05-14 15:00:00,TICKER_0801.JP,2140.93,2196.59,2.805,2.5,60354.78,True
2024-05-14,2024-05-14 08:30:00,2024-05-14 09:00:00,2024-05-14 15:00:00,TICKER_0838.JP,2182.05,2147.57,-1.383,-1.68,-40563.27,False
2024-05-14,2024-05-14 08:30:00,2024-05-14 09:00:00,2024-05-14 15:00:00,TICKER_0875.JP,2267.95,2337.08,3.255,2.948,71181.09,True
2024-05-14,2024-05-14 08:30:00,2024-05-14 09:00:00,2024-05-14 15:00:00,TICKER_0912.JP,2385.22,2479.92,4.178,3.87,93433.65,True
2024-05-15,2024-05-15 08:30:00,2024-05-15 09:00:00,2024-05-15 15:00:00,TICKER_0193.JP,1701.9,1701.37,0.169,-0.131,-3221.92,False
2024-05-15,2024-05-15 08:30:00,2024-05-15 09:00:00,2024-05-15 15:00:00,TICKER_0230.JP,1812.07,1816.0,0.418,0.117,2869.91,True
2024-05-15,2024-05-15 08:30:00,2024-05-15 09:00:00,2024-05-15 15:00:00,TICKER_0267.JP,1881.49,1920.08,2.255,1.951,47861.29,True
2024-05-15,2024-05-15 08:30:00,2024-05-15 09:00:00,2024-05-15 15:00:00,TICKER_0304.JP,1948.2,1968.54,1.246,0.944,23163.63,True
2024-05-15,2024-05-15 08:30:00,2024-05-15 09:00:00,2024-05-15 15:00:00,TICKER_0341.JP,2060.93,2049.16,-0.372,-0.671,-16463.77,False
2024-05-15,2024-05-15 08:30:00,2024-05-15 09:00:00,2024-05-15 15:00:00,TICKER_0378.JP,2136.21,2083.28,-2.282,-2.578,-63237.49,False
2024-05-15,2024-05-15 08:30:00,2024-05-15 09:00:00,2024-05-15 15:00:00,TICKER_0415.JP,2210.49,2215.15,0.412,0.111,2723.33,True
2024-05-15,2024-05-15 08:30:00,2024-05-15 09:00:00,2024-05-15 15:00:00,TICKER_0452.JP,2317.0,2282.74,-1.281,-1.579,-38727.23,False
2024-05-15,2024-05-15 08:30:00,2024-05-15 09:00:00,2024-05-15 15:00:00,TICKER_0489.JP,2396.21,2490.66,4.149,3.841,94237.06,True
2024-05-15,2024-05-15 08:30:00,2024-05-15 09:00:00,2024-05-15 15:00:00,TICKER_0526.JP,2482.01,2486.37,0.376,0.076,1857.81,True
2024-05-16,2024-05-16 08:30:00,2024-05-16 09:00:00,2024-05-16 15:00:00,TICKER_0881.JP,1865.01,1860.61,-0.036,-0.336,-8264.68,False
2024-05-16,2024-05-16 08:30:00,2024-05-16 09:00:00,2024-05-16 15:00:00,TICKER_0918.JP,1973.19,1957.13,-0.615,-0.914,-22465.05,False
2024-05-16,2024-05-16 08:30:00,2024-05-16 09:00:00,2024-05-16 15:00:00,TICKER_0955.JP,2044.17,2079.52,1.933,1.629,40045.21,True
2024-05-16,2024-05-16 08:30:00,2024-05-16 09:00:00,2024-05-16 15:00:00,TICKER_0992.JP,2129.21,2190.75,3.096,2.79,68587.31,True
2024-05-16,2024-05-16 08:30:00,2024-05-16 09:00:00,2024-05-16 15:00:00,TICKER_1029.JP,2246.9,2218.98,-1.045,-1.343,-33008.59,False
2024-05-16,2024-05-16 08:30:00,2024-05-16 09:00:00,2024-05-16 15:00:00,TICKER_1066.JP,2341.91,2394.94,2.469,2.165,53205.77,True
2024-05-16,2024-05-16 08:30:00,2024-05-16 09:00:00,2024-05-16 15:00:00,TICKER_1103.JP,2398.04,2415.65,0.936,0.635,15599.32,True
2024-05-16,2024-05-16 08:30:00,2024-05-16 09:00:00,2024-05-16 15:00:00,TICKER_1140.JP,2484.18,2526.57,1.91,1.606,39485.77,True
2024-05-16,2024-05-16 08:30:00,2024-05-16 09:00:00,2024-05-16 15:00:00,TICKER_1177.JP,2507.42,2638.28,5.429,5.119,125821.06,True
2024-05-16,2024-05-16 08:30:00,2024-05-16 09:00:00,2024-05-16 15:00:00,TICKER_1214.JP,2639.53,2751.09,4.435,4.126,101432.46,True
2024-05-17,2024-05-17 08:30:00,2024-05-17 09:00:00,2024-05-17 15:00:00,TICKER_0169.JP,1670.85,1658.84,-0.52,-0.819,-20422.13,False
2024-05-17,2024-05-17 08:30:00,2024-05-17 09:00:00,2024-05-17 15:00:00,TICKER_0206.JP,1770.0,1787.04,1.165,0.863,21522.13,True
2024-05-17,2024-05-17 08:30:00,2024-05-17 09:00:00,2024-05-17 15:00:00,TICKER_0243.JP,1851.21,1851.9,0.237,-0.063,-1568.74,False
2024-05-17,2024-05-17 08:30:00,2024-05-17 09:00:00,2024-05-17 15:00:00,TICKER_0280.JP,1904.61,1884.98,-0.832,-1.131,-28200.54,False
2024-05-17,2024-05-17 08:30:00,2024-05-17 09:00:00,2024-05-17 15:00:00,TICKER_0317.JP,2020.64,2016.92,0.016,-0.284,-7083.08,False
2024-05-17,2024-05-17 08:30:00,2024-05-17 09:00:00,2024-05-17 15:00:00,TICKER_0354.JP,2140.33,2211.95,3.553,3.246,80965.16,True
2024-05-17,2024-05-17 08:30:00,2024-05-17 09:00:00,2024-05-17 15:00:00,TICKER_0391.JP,2212.66,2234.42,1.186,0.884,22038.02,True
2024-05-17,2024-05-17 08:30:00,2024-05-17 09:00:00,2024-05-17 15:00:00,TICKER_0428.JP,2259.08,2376.09,5.39,5.08,126700.55,True
2024-05-17,2024-05-17 08:30:00,2024-05-17 09:00:00,2024-05-17 15:00:00,TICKER_0465.JP,2365.86,2340.75,-0.864,-1.162,-28973.52,False
2024-05-17,2024-05-17 08:30:00,2024-05-17 09:00:00,2024-05-17 15:00:00,TICKER_0502.JP,2485.11,2482.79,0.107,-0.193,-4820.63,False
2024-05-20,2024-05-20 08:30:00,2024-05-20 09:00:00,2024-05-20 15:00:00,TICKER_0617.JP,1628.47,1657.74,2.001,1.698,42600.92,True
2024-05-20,2024-05-20 08:30:00,2024-05-20 09:00:00,2024-05-20 15:00:00,TICKER_0654.JP,1712.63,1785.73,4.477,4.168,104602.91,True
2024-05-20,2024-05-20 08:30:00,2024-05-20 09:00:00,2024-05-20 15:00:00,TICKER_0691.JP,1819.77,1866.51,2.774,2.469,61949.55,True
2024-05-20,2024-05-20 08:30:00,2024-05-20 09:00:00,2024-05-20 15:00:00,TICKER_0728.JP,1876.78,1919.25,2.467,2.163,54268.84,True
2024-05-20,2024-05-20 08:30:00,2024-05-20 09:00:00,2024-05-20 15:00:00,TICKER_0765.JP,1943.83,2013.62,3.798,3.49,87590.92,True
2024-05-20,2024-05-20 08:30:00,2024-05-20 09:00:00,2024-05-20 15:00:00,TICKER_0802.JP,2048.58,2075.86,1.535,1.232,30914.44,True
2024-05-20,2024-05-20 08:30:00,2024-05-20 09:00:00,2024-05-20 15:00:00,TICKER_0839.JP,2148.04,2143.56,-0.008,-0.308,-7733.38,False
2024-05-20,2024-05-20 08:30:00,2024-05-20 09:00:00,2024-05-20 15:00:00,TICKER_0876.JP,2259.72,2249.25,-0.264,-0.563,-14135.33,False
2024-05-20,2024-05-20 08:30:00,2024-05-20 09:00:00,2024-05-20 15:00:00,TICKER_0913.JP,2302.03,2321.84,1.062,0.76,19081.17,True
2024-05-20,2024-05-20 08:30:00,2024-05-20 09:00:00,2024-05-20 15:00:00,TICKER_0950.JP,2346.07,2397.02,2.376,2.072,51985.02,True
2024-05-21,2024-05-21 08:30:00,2024-05-21 09:00:00,2024-05-21 15:00:00,TICKER_0859.JP,1891.61,1972.15,4.466,4.158,106033.89,True
2024-05-21,2024-05-21 08:30:00,2024-05-21 09:00:00,2024-05-21 15:00:00,TICKER_0896.JP,1952.0,1898.55,-2.544,-2.838,-72386.43,False
2024-05-21,2024-05-21 08:30:00,2024-05-21 09:00:00,2024-05-21 15:00:00,TICKER_0933.JP,2049.91,1993.2,-2.571,-2.866,-73097.59,False
2024-05-21,2024-05-21 08:30:00,2024-05-21 09:00:00,2024-05-21 15:00:00,TICKER_0970.JP,2138.27,2129.81,-0.196,-0.496,-12638.68,False
2024-05-21,2024-05-21 08:30:00,2024-05-21 09:00:00,2024-05-21 15:00:00,TICKER_1007.JP,2179.01,2224.75,2.304,1.999,50992.76,True
2024-05-21,2024-05-21 08:30:00,2024-05-21 09:00:00,2024-05-21 15:00:00,TICKER_1044.JP,2315.64,2445.95,5.839,5.527,140968.12,True
2024-05-21,2024-05-21 08:30:00,2024-05-21 09:00:00,2024-05-21 15:00:00,TICKER_1081.JP,2418.99,2405.86,-0.343,-0.643,-16388.23,False
2024-05-21,2024-05-21 08:30:00,2024-05-21 09:00:00,2024-05-21 15:00:00,TICKER_1118.JP,2475.55,2491.27,0.836,0.535,13637.82,True
2024-05-21,2024-05-21 08:30:00,2024-05-21 09:00:00,2024-05-21 15:00:00,TICKER_1155.JP,2590.48,2583.48,-0.07,-0.37,-9436.14,False
2024-05-21,2024-05-21 08:30:00,2024-05-21 09:00:00,2024-05-21 15:00:00,TICKER_1192.JP,2620.89,2630.17,0.555,0.254,6478.96,True
2024-05-22,2024-05-22 08:30:00,2024-05-22 09:00:00,2024-05-22 15:00:00,TICKER_0293.JP,1833.48,1855.27,1.391,1.089,27900.2,True
2024-05-22,2024-05-22 08:30:00,2024-05-22 09:00:00,2024-05-22 15:00:00,TICKER_0330.JP,1894.88,1912.47,1.13,0.828,21220.26,True
2024-05-22,2024-05-22 08:30:00,2024-05-22 09:00:00,2024-05-22 15:00:00,TICKER_0367.JP,1977.25,2016.96,2.213,1.909,48921.16,True
2024-05-22,2024-05-22 08:30:00,2024-05-22 09:00:00,2024-05-22 15:00:00,TICKER_0404.JP,2052.91,2133.46,4.132,3.824,98011.19,True
2024-05-22,2024-05-22 08:30:00,2024-05-22 09:00:00,2024-05-22 15:00:00,TICKER_0441.JP,2125.16,2135.67,0.696,0.395,10111.86,True
2024-05-22,2024-05-22 08:30:00,2024-05-22 09:00:00,2024-05-22 15:00:00,TICKER_0478.JP,2253.42,2284.56,1.585,1.282,32859.13,True
2024-05-22,2024-05-22 08:30:00,2024-05-22 09:00:00,2024-05-22 15:00:00,TICKER_0515.JP,2323.16,2311.5,-0.303,-0.602,-15432.74,False
2024-05-22,2024-05-22 08:30:00,2024-05-22 09:00:00,2024-05-22 15:00:00,TICKER_0552.JP,2389.15,2493.69,4.585,4.276,109597.78,True
2024-05-22,2024-05-22 08:30:00,2024-05-22 09:00:00,2024-05-22 15:00:00,TICKER_0589.JP,2482.6,2436.02,-1.68,-1.976,-50652.84,False
2024-05-22,2024-05-22 08:30:00,2024-05-22 09:00:00,2024-05-22 15:00:00,TICKER_0626.JP,2564.88,2532.69,-1.057,-1.355,-34728.85,False
2024-05-23,2024-05-23 08:30:00,2024-05-23 09:00:00,2024-05-23 15:00:00,TICKER_0269.JP,1788.79,1788.01,0.157,-0.143,-3709.98,False
2024-05-23,2024-05-23 08:30:00,2024-05-23 09:00:00,2024-05-23 15:00:00,TICKER_0306.JP,1842.37,1843.22,0.247,-0.054,-1387.11,False
2024-05-23,2024-05-23 08:30:00,2024-05-23 09:00:00,2024-05-23 15:00:00,TICKER_0343.JP,1936.17,2082.13,7.753,7.438,192401.16,True
2024-05-23,2024-05-23 08:30:00,2024-05-23 09:00:00,2024-05-23 15:00:00,TICKER_0380.JP,2060.18,1948.55,-5.229,-5.518,-142743.44,False
2024-05-23,2024-05-23 08:30:00,2024-05-23 09:00:00,2024-05-23 15:00:00,TICKER_0417.JP,2150.99,2212.24,3.053,2.747,71065.88,True
2024-05-23,2024-05-23 08:30:00,2024-05-23 09:00:00,2024-05-23 15:00:00,TICKER_0454.JP,2207.85,2275.95,3.291,2.985,77205.57,True
2024-05-23,2024-05-23 08:30:00,2024-05-23 09:00:00,2024-05-23 15:00:00,TICKER_0491.JP,2278.78,2336.84,2.753,2.448,63323.25,True
2024-05-23,2024-05-23 08:30:00,2024-05-23 09:00:00,2024-05-23 15:00:00,TICKER_0528.JP,2391.44,2381.76,-0.206,-0.505,-13060.44,False
2024-05-23,2024-05-23 08:30:00,2024-05-23 09:00:00,2024-05-23 15:00:00,TICKER_0565.JP,2430.61,2488.39,2.582,2.277,58904.51,True
2024-05-23,2024-05-23 08:30:00,2024-05-23 09:00:00,2024-05-23 15:00:00,TICKER_0602.JP,2548.6,2708.22,6.476,6.163,159421.81,True
2024-05-24,2024-05-24 08:30:00,2024-05-24 09:00:00,2024-05-24 15:00:00,TICKER_0957.JP,1922.96,1913.12,-0.312,-0.612,-16085.8,False
2024-05-24,2024-05-24 08:30:00,2024-05-24 09:00:00,2024-05-24 15:00:00,TICKER_0994.JP,2056.68,2151.88,4.838,4.528,119120.07,True
2024-05-24,2024-05-24 08:30:00,2024-05-24 09:00:00,2024-05-24 15:00:00,TICKER_1031.JP,2118.56,2200.04,4.054,3.746,98541.25,True
2024-05-24,2024-05-24 08:30:00,2024-05-24 09:00:00,2024-05-24 15:00:00,TICKER_1068.JP,2239.23,2239.53,0.214,-0.087,-2276.64,False
2024-05-24,2024-05-24 08:30:00,2024-05-24 09:00:00,2024-05-24 15:00:00,TICKER_1105.JP,2312.0,2278.39,-1.256,-1.554,-40871.3,False
2024-05-24,2024-05-24 08:30:00,2024-05-24 09:00:00,2024-05-24 15:00:00,TICKER_1142.JP,2428.4,2472.88,2.036,1.732,45561.07,True
2024-05-24,2024-05-24 08:30:00,2024-05-24 09:00:00,2024-05-24 15:00:00,TICKER_1179.JP,2447.39,2476.29,1.383,1.081,28427.89,True
2024-05-24,2024-05-24 08:30:00,2024-05-24 09:00:00,2024-05-24 15:00:00,TICKER_1216.JP,2591.08,2622.04,1.397,1.095,28797.54,True
2024-05-24,2024-05-24 08:30:00,2024-05-24 09:00:00,2024-05-24 15:00:00,TICKER_1253.JP,2640.65,2616.45,-0.718,-1.016,-26734.78,False
2024-05-24,2024-05-24 08:30:00,2024-05-24 09:00:00,2024-05-24 15:00:00,TICKER_1290.JP,2754.06,2815.08,2.42,2.116,55652.97,True
2024-05-27,2024-05-27 08:30:00,2024-05-27 09:00:00,2024-05-27 15:00:00,TICKER_0386.JP,1893.24,1924.61,1.861,1.557,41387.86,True
2024-05-27,2024-05-27 08:30:00,2024-05-27 09:00:00,2024-05-27 15:00:00,TICKER_0423.JP,1990.11,1972.39,-0.692,-0.991,-26329.05,False
2024-05-27,2024-05-27 08:30:00,2024-05-27 09:00:00,2024-05-27 15:00:00,TICKER_0460.JP,2080.29,2092.39,0.783,0.482,12799.21,True
2024-05-27,2024-05-27 08:30:00,2024-05-27 09:00:00,2024-05-27 15:00:00,TICKER_0497.JP,2178.12,2126.38,-2.18,-2.475,-65792.62,False
2024-05-27,2024-05-27 08:30:00,2024-05-27 09:00:00,2024-05-27 15:00:00,TICKER_0534.JP,2225.58,2335.46,5.147,4.837,128573.51,True
2024-05-27,2024-05-27 08:30:00,2024-05-27 09:00:00,2024-05-27 15:00:00,TICKER_0571.JP,2320.28,2316.49,0.037,-0.263,-6996.16,False
2024-05-27,2024-05-27 08:30:00,2024-05-27 09:00:00,2024-05-27 15:00:00,TICKER_0608.JP,2400.87,2460.87,2.704,2.399,63767.91,True
2024-05-27,2024-05-27 08:30:00,2024-05-27 09:00:00,2024-05-27 15:00:00,TICKER_0645.JP,2473.84,2458.73,-0.412,-0.711,-18896.15,False
2024-05-27,2024-05-27 08:30:00,2024-05-27 09:00:00,2024-05-27 15:00:00,TICKER_0682.JP,2587.44,2598.66,0.634,0.333,8861.93,True
2024-05-27,2024-05-27 08:30:00,2024-05-27 09:00:00,2024-05-27 15:00:00,TICKER_0719.JP,2668.34,2726.57,2.387,2.082,55353.14,True
2024-05-28,2024-05-28 08:30:00,2024-05-28 09:00:00,2024-05-28 15:00:00,TICKER_0730.JP,1730.92,1791.92,3.731,3.424,91638.84,True
2024-05-28,2024-05-28 08:30:00,2024-05-28 09:00:00,2024-05-28 15:00:00,TICKER_0767.JP,1822.08,1767.61,-2.795,-3.089,-82684.95,False
2024-05-28,2024-05-28 08:30:00,2024-05-28 09:00:00,2024-05-28 15:00:00,TICKER_0804.JP,1891.85,1901.04,0.687,0.386,10320.55,True
2024-05-28,2024-05-28 08:30:00,2024-05-28 09:00:00,2024-05-28 15:00:00,TICKER_0841.JP,2011.97,2086.92,3.933,3.625,97025.99,True
2024-05-28,2024-05-28 08:30:00,2024-05-28 09:00:00,2024-05-28 15:00:00,TICKER_0878.JP,2075.02,2096.02,1.214,0.912,24408.29,True
2024-05-28,2024-05-28 08:30:00,2024-05-28 09:00:00,2024-05-28 15:00:00,TICKER_0915.JP,2167.79,2203.93,1.871,1.568,41952.93,True
2024-05-28,2024-05-28 08:30:00,2024-05-28 09:00:00,2024-05-28 15:00:00,TICKER_0952.JP,2227.03,2265.62,1.936,1.633,43696.78,True
2024-05-28,2024-05-28 08:30:00,2024-05-28 09:00:00,2024-05-28 15:00:00,TICKER_0989.JP,2322.37,2390.2,3.127,2.821,75490.52,True
2024-05-28,2024-05-28 08:30:00,2024-05-28 09:00:00,2024-05-28 15:00:00,TICKER_1026.JP,2373.0,2438.32,2.958,2.653,70993.24,True
2024-05-28,2024-05-28 08:30:00,2024-05-28 09:00:00,2024-05-28 15:00:00,TICKER_1063.JP,2511.92,2567.84,2.431,2.126,56905.23,True
2024-05-29,2024-05-29 08:30:00,2024-05-29 09:00:00,2024-05-29 15:00:00,TICKER_0085.JP,1599.16,1616.54,1.289,0.987,26821.37,True
2024-05-29,2024-05-29 08:30:00,2024-05-29 09:00:00,2024-05-29 15:00:00,TICKER_0122.JP,1670.61,1744.42,4.627,4.318,117341.41,True
2024-05-29,2024-05-29 08:30:00,2024-05-29 09:00:00,2024-05-29 15:00:00,TICKER_0159.JP,1787.02,1806.74,1.306,1.004,27277.16,True
2024-05-29,2024-05-29 08:30:00,2024-05-29 09:00:00,2024-05-29 15:00:00,TICKER_0196.JP,1847.81,1847.31,0.173,-0.127,-3445.29,False
2024-05-29,2024-05-29 08:30:00,2024-05-29 09:00:00,2024-05-29 15:00:00,TICKER_0233.JP,1905.11,1937.92,1.926,1.622,44074.5,True
2024-05-29,2024-05-29 08:30:00,2024-05-29 09:00:00,2024-05-29 15:00:00,TICKER_0270.JP,2068.75,2088.91,1.177,0.875,23765.19,True
2024-05-29,2024-05-29 08:30:00,2024-05-29 09:00:00,2024-05-29 15:00:00,TICKER_0307.JP,2121.0,2140.76,1.134,0.832,22595.08,True
2024-05-29,2024-05-29 08:30:00,2024-05-29 09:00:00,2024-05-29 15:00:00,TICKER_0344.JP,2140.51,2214.12,3.646,3.339,90731.92,True
2024-05-29,2024-05-29 08:30:00,2024-05-29 09:00:00,2024-05-29 15:00:00,TICKER_0381.JP,2250.72,2255.69,0.422,0.121,3287.22,True
2024-05-29,2024-05-29 08:30:00,2024-05-29 09:00:00,2024-05-29 15:00:00,TICKER_0418.JP,2370.69,2340.33,-1.083,-1.381,-37516.13,False
2024-05-30,2024-05-30 08:30:00,2024-05-30 09:00:00,2024-05-30 15:00:00,TICKER_0779.JP,1768.44,1804.31,2.233,1.929,52985.44,True
2024-05-30,2024-05-30 08:30:00,2024-05-30 09:00:00,2024-05-30 15:00:00,TICKER_0816.JP,1843.15,1882.74,2.352,2.048,56251.16,True
2024-05-30,2024-05-30 08:30:00,2024-05-30 09:00:00,2024-05-30 15:00:00,TICKER_0853.JP,1970.22,1976.22,0.506,0.205,5623.8,True
2024-05-30,2024-05-30 08:30:00,2024-05-30 09:00:00,2024-05-30 15:00:00,TICKER_0890.JP,2036.36,2091.54,2.915,2.609,71682.1,True
2024-05-30,2024-05-30 08:30:00,2024-05-30 09:00:00,2024-05-30 15:00:00,TICKER_0927.JP,2142.34,2212.59,3.486,3.179,87328.42,True
2024-05-30,2024-05-30 08:30:00,2024-05-30 09:00:00,2024-05-30 15:00:00,TICKER_0964.JP,2211.31,2223.31,0.744,0.443,12167.26,True
2024-05-30,2024-05-30 08:30:00,2024-05-30 09:00:00,2024-05-30 15:00:00,TICKER_1001.JP,2323.59,2403.32,3.639,3.331,91519.57,True
2024-05-30,2024-05-30 08:30:00,2024-05-30 09:00:00,2024-05-30 15:00:00,TICKER_1038.JP,2375.14,2426.01,2.346,2.042,56088.66,True
2024-05-30,2024-05-30 08:30:00,2024-05-30 09:00:00,2024-05-30 15:00:00,TICKER_1075.JP,2455.26,2456.74,0.261,-0.04,-1093.45,False
2024-05-30,2024-05-30 08:30:00,2024-05-30 09:00:00,2024-05-30 15:00:00,TICKER_1112.JP,2530.13,2663.74,5.492,5.181,142329.0,True
2024-05-31,2024-05-31 08:30:00,2024-05-31 09:00:00,2024-05-31 15:00:00,TICKER_0179.JP,1681.86,1770.19,5.463,5.152,144340.36,True
2024-05-31,2024-05-31 08:30:00,2024-05-31 09:00:00,2024-05-31 15:00:00,TICKER_0216.JP,1796.33,1772.64,-1.122,-1.419,-39765.07,False
2024-05-31,2024-05-31 08:30:00,2024-05-31 09:00:00,2024-05-31 15:00:00,TICKER_0253.JP,1843.89,1899.01,3.195,2.889,80947.24,True
2024-05-31,2024-05-31 08:30:00,2024-05-31 09:00:00,2024-05-31 15:00:00,TICKER_0290.JP,1972.09,2014.16,2.338,2.033,56972.36,True
2024-05-31,2024-05-31 08:30:00,2024-05-31 09:00:00,2024-05-31 15:00:00,TICKER_0327.JP,2052.44,2115.52,3.28,2.974,83310.29,True
2024-05-31,2024-05-31 08:30:00,2024-05-31 09:00:00,2024-05-31 15:00:00,TICKER_0364.JP,2105.67,2132.26,1.465,1.162,32567.55,True
2024-05-31,2024-05-31 08:30:00,2024-05-31 09:00:00,2024-05-31 15:00:00,TICKER_0401.JP,2205.58,2132.84,-3.105,-3.398,-95213.85,False
2024-05-31,2024-05-31 08:30:00,2024-05-31 09:00:00,2024-05-31 15:00:00,TICKER_0438.JP,2267.5,2285.9,1.014,0.712,19941.68,True
2024-05-31,2024-05-31 08:30:00,2024-05-31 09:00:00,2024-05-31 15:00:00,TICKER_0475.JP,2406.49,2456.69,2.29,1.986,55639.58,True
2024-05-31,2024-05-31 08:30:00,2024-05-31 09:00:00,2024-05-31 15:00:00,TICKER_0512.JP,2505.99,2602.78,4.07,3.762,105412.57,True
2024-06-03,2024-06-03 08:30:00,2024-06-03 09:00:00,2024-06-03 15:00:00,TICKER_0066.JP,1586.15,1600.02,1.076,0.774,22013.59,True
2024-06-03,2024-06-03 08:30:00,2024-06-03 09:00:00,2024-06-03 15:00:00,TICKER_0103.JP,1649.82,1663.29,1.018,0.716,20370.15,True
2024-06-03,2024-06-03 08:30:00,2024-06-03 09:00:00,2024-06-03 15:00:00,TICKER_0140.JP,1779.79,1824.54,2.72,2.415,68671.56,True
2024-06-03,2024-06-03 08:30:00,2024-06-03 09:00:00,2024-06-03 15:00:00,TICKER_0177.JP,1836.19,1855.49,1.253,0.951,27045.72,True
2024-06-03,2024-06-03 08:30:00,2024-06-03 09:00:00,2024-06-03 15:00:00,TICKER_0214.JP,1936.52,2023.66,4.709,4.4,125127.79,True
2024-06-03,2024-06-03 08:30:00,2024-06-03 09:00:00,2024-06-03 15:00:00,TICKER_0251.JP,1991.26,2081.46,4.739,4.43,125976.89,True
2024-06-03,2024-06-03 08:30:00,2024-06-03 09:00:00,2024-06-03 15:00:00,TICKER_0288.JP,2105.26,2040.2,-2.897,-3.191,-90739.03,False
2024-06-03,2024-06-03 08:30:00,2024-06-03 09:00:00,2024-06-03 15:00:00,TICKER_0325.JP,2137.05,2138.94,0.289,-0.012,-336.76,False
2024-06-03,2024-06-03 08:30:00,2024-06-03 09:00:00,2024-06-03 15:00:00,TICKER_0362.JP,2253.2,2289.53,1.816,1.512,43007.53,True
2024-06-03,2024-06-03 08:30:00,2024-06-03 09:00:00,2024-06-03 15:00:00,TICKER_0399.JP,2361.44,2410.49,2.281,1.977,56225.87,True
2024-06-04,2024-06-04 08:30:00,2024-06-04 09:00:00,2024-06-04 15:00:00,TICKER_0619.JP,1648.95,1717.27,4.352,4.043,116520.5,True
2024-06-04,2024-06-04 08:30:00,2024-06-04 09:00:00,2024-06-04 15:00:00,TICKER_0656.JP,1726.77,1712.9,-0.605,-0.903,-26027.9,False
2024-06-04,2024-06-04 08:30:00,2024-06-04 09:00:00,2024-06-04 15:00:00,TICKER_0693.JP,1782.31,1792.12,0.751,0.45,12972.23,True
2024-06-04,2024-06-04 08:30:00,2024-06-04 09:00:00,2024-06-04 15:00:00,TICKER_0730.JP,1845.25,1883.7,2.288,1.984,57166.41,True
2024-06-04,2024-06-04 08:30:00,2024-06-04 09:00:00,2024-06-04 15:00:00,TICKER_0767.JP,1920.05,1981.59,3.412,3.105,89477.69,True
2024-06-04,2024-06-04 08:30:00,2024-06-04 09:00:00,2024-06-04 15:00:00,TICKER_0804.JP,2029.21,1960.58,-3.189,-3.482,-100343.28,False
2024-06-04,2024-06-04 08:30:00,2024-06-04 09:00:00,2024-06-04 15:00:00,TICKER_0841.JP,2109.91,2112.55,0.325,0.025,720.64,True
2024-06-04,2024-06-04 08:30:00,2024-06-04 09:00:00,2024-06-04 15:00:00,TICKER_0878.JP,2228.38,2285.41,2.765,2.46,70876.34,True
2024-06-04,2024-06-04 08:30:00,2024-06-04 09:00:00,2024-06-04 15:00:00,TICKER_0915.JP,2297.18,2255.31,-1.626,-1.923,-55408.4,False
2024-06-04,2024-06-04 08:30:00,2024-06-04 09:00:00,2024-06-04 15:00:00,TICKER_0952.JP,2419.81,2402.58,-0.513,-0.812,-23403.32,False
2024-06-05,2024-06-05 08:30:00,2024-06-05 09:00:00,2024-06-05 15:00:00,TICKER_0457.JP,1956.99,1980.64,1.411,1.109,32096.91,True
2024-06-05,2024-06-05 08:30:00,2024-06-05 09:00:00,2024-06-05 15:00:00,TICKER_0494.JP,2041.87,2076.8,1.914,1.611,46635.0,True
2024-06-05,2024-06-05 08:30:00,2024-06-05 09:00:00,2024-06-05 15:00:00,TICKER_0531.JP,2183.5,2196.28,0.787,0.485,14050.8,True
2024-06-05,2024-06-05 08:30:00,2024-06-05 09:00:00,2024-06-05 15:00:00,TICKER_0568.JP,2195.73,2333.63,6.493,6.18,178936.63,True
2024-06-05,2024-06-05 08:30:00,2024-06-05 09:00:00,2024-06-05 15:00:00,TICKER_0605.JP,2332.51,2359.35,1.353,1.051,30417.65,True
2024-06-05,2024-06-05 08:30:00,2024-06-05 09:00:00,2024-06-05 15:00:00,TICKER_0642.JP,2398.45,2388.45,-0.217,-0.517,-14962.78,False
2024-06-05,2024-06-05 08:30:00,2024-06-05 09:00:00,2024-06-05 15:00:00,TICKER_0679.JP,2464.08,2524.49,2.657,2.352,68086.62,True
2024-06-05,2024-06-05 08:30:00,2024-06-05 09:00:00,2024-06-05 15:00:00,TICKER_0716.JP,2555.09,2548.53,-0.057,-0.357,-10332.63,False
2024-06-05,2024-06-05 08:30:00,2024-06-05 09:00:00,2024-06-05 15:00:00,TICKER_0753.JP,2649.24,2674.23,1.146,0.844,24422.35,True
2024-06-05,2024-06-05 08:30:00,2024-06-05 09:00:00,2024-06-05 15:00:00,TICKER_0790.JP,2710.09,2765.15,2.236,1.932,55931.37,True
2024-06-06,2024-06-06 08:30:00,2024-06-06 09:00:00,2024-06-06 15:00:00,TICKER_0110.JP,1620.78,1641.39,1.474,1.171,34390.26,True
2024-06-06,2024-06-06 08:30:00,2024-06-06 09:00:00,2024-06-06 15:00:00,TICKER_0147.JP,1692.78,1709.98,1.218,0.916,26887.94,True
2024-06-06,2024-06-06 08:30:00,2024-06-06 09:00:00,2024-06-06 15:00:00,TICKER_0184.JP,1774.86,1843.18,4.057,3.749,110069.26,True
2024-06-06,2024-06-06 08:30:00,2024-06-06 09:00:00,2024-06-06 15:00:00,TICKER_0221.JP,1892.16,1886.8,-0.084,-0.383,-11249.92,False
2024-06-06,2024-06-06 08:30:00,2024-06-06 09:00:00,2024-06-06 15:00:00,TICKER_0258.JP,1957.11,1987.61,1.762,1.459,42821.91,True
2024-06-06,2024-06-06 08:30:00,2024-06-06 09:00:00,2024-06-06 15:00:00,TICKER_0295.JP,2061.4,2054.79,-0.121,-0.42,-12343.51,False
2024-06-06,2024-06-06 08:30:00,2024-06-06 09:00:00,2024-06-06 15:00:00,TICKER_0332.JP,2134.88,2153.89,1.092,0.791,23206.3,True
2024-06-06,2024-06-06 08:30:00,2024-06-06 09:00:00,2024-06-06 15:00:00,TICKER_0369.JP,2217.9,2246.04,1.472,1.169,34318.83,True
2024-06-06,2024-06-06 08:30:00,2024-06-06 09:00:00,2024-06-06 15:00:00,TICKER_0406.JP,2371.07,2376.31,0.422,0.121,3555.28,True
2024-06-06,2024-06-06 08:30:00,2024-06-06 09:00:00,2024-06-06 15:00:00,TICKER_0443.JP,2396.86,2449.62,2.406,2.101,61675.86,True
2024-06-07,2024-06-07 08:30:00,2024-06-07 09:00:00,2024-06-07 15:00:00,TICKER_0694.JP,1694.46,1734.44,2.564,2.26,67003.64,True
2024-06-07,2024-06-07 08:30:00,2024-06-07 09:00:00,2024-06-07 15:00:00,TICKER_0731.JP,1777.69,1734.31,-2.244,-2.54,-75315.28,False
2024-06-07,2024-06-07 08:30:00,2024-06-07 09:00:00,2024-06-07 15:00:00,TICKER_0768.JP,1902.63,1951.74,2.786,2.481,73569.6,True
2024-06-07,2024-06-07 08:30:00,2024-06-07 09:00:00,2024-06-07 15:00:00,TICKER_0805.JP,1963.93,1977.08,0.871,0.57,16888.64,True
2024-06-07,2024-06-07 08:30:00,2024-06-07 09:00:00,2024-06-07 15:00:00,TICKER_0842.JP,2061.56,2147.06,4.356,4.047,120021.98,True
2024-06-07,2024-06-07 08:30:00,2024-06-07 09:00:00,2024-06-07 15:00:00,TICKER_0879.JP,2144.19,2153.05,0.614,0.313,9291.71,True
2024-06-07,2024-06-07 08:30:00,2024-06-07 09:00:00,2024-06-07 15:00:00,TICKER_0916.JP,2221.44,2260.6,1.966,1.663,49306.58,True
2024-06-07,2024-06-07 08:30:00,2024-06-07 09:00:00,2024-06-07 15:00:00,TICKER_0953.JP,2279.69,2276.19,0.047,-0.253,-7512.82,False
2024-06-07,2024-06-07 08:30:00,2024-06-07 09:00:00,2024-06-07 15:00:00,TICKER_0990.JP,2373.91,2453.01,3.539,3.232,95847.15,True
2024-06-07,2024-06-07 08:30:00,2024-06-07 09:00:00,2024-06-07 15:00:00,TICKER_1027.JP,2469.57,2503.59,1.581,1.278,37893.25,True
2024-06-10,2024-06-10 08:30:00,2024-06-10 09:00:00,2024-06-10 15:00:00,TICKER_0077.JP,1590.42,1611.79,1.546,1.244,37332.89,True
2024-06-10,2024-06-10 08:30:00,2024-06-10 09:00:00,2024-06-10 15:00:00,TICKER_0114.JP,1647.65,1648.88,0.275,-0.025,-754.67,False
2024-06-10,2024-06-10 08:30:00,2024-06-10 09:00:00,2024-06-10 15:00:00,TICKER_0151.JP,1758.86,1771.8,0.937,0.636,19083.79,True
2024-06-10,2024-06-10 08:30:00,2024-06-10 09:00:00,2024-06-10 15:00:00,TICKER_0188.JP,1843.91,1847.79,0.411,0.11,3312.27,True
2024-06-10,2024-06-10 08:30:00,2024-06-10 09:00:00,2024-06-10 15:00:00,TICKER_0225.JP,1928.16,1974.1,2.588,2.283,68539.06,True
2024-06-10,2024-06-10 08:30:00,2024-06-10 09:00:00,2024-06-10 15:00:00,TICKER_0262.JP,2009.78,2088.89,4.144,3.836,115172.71,True
2024-06-10,2024-06-10 08:30:00,2024-06-10 09:00:00,2024-06-10 15:00:00,TICKER_0299.JP,2093.71,2122.98,1.601,1.298,38972.7,True
2024-06-10,2024-06-10 08:30:00,2024-06-10 09:00:00,2024-06-10 15:00:00,TICKER_0336.JP,2158.27,2155.67,0.08,-0.22,-6610.36,False
2024-06-10,2024-06-10 08:30:00,2024-06-10 09:00:00,2024-06-10 15:00:00,TICKER_0373.JP,2258.18,2196.22,-2.549,-2.844,-85368.35,False
2024-06-10,2024-06-10 08:30:00,2024-06-10 09:00:00,2024-06-10 15:00:00,TICKER_0410.JP,2296.54,2391.19,4.33,4.021,120719.23,True
2024-06-11,2024-06-11 08:30:00,2024-06-11 09:00:00,2024-06-11 15:00:00,TICKER_0931.JP,1929.33,1917.34,-0.422,-0.721,-21866.94,False
2024-06-11,2024-06-11 08:30:00,2024-06-11 09:00:00,2024-06-11 15:00:00,TICKER_0968.JP,2018.4,2056.4,2.087,1.783,54052.55,True
2024-06-11,2024-06-11 08:30:00,2024-06-11 09:00:00,2024-06-11 15:00:00,TICKER_1005.JP,2111.06,2108.13,0.061,-0.239,-7238.22,False
2024-06-11,2024-06-11 08:30:00,2024-06-11 09:00:00,2024-06-11 15:00:00,TICKER_1042.JP,2203.35,2209.77,0.492,0.191,5797.5,True
2024-06-11,2024-06-11 08:30:00,2024-06-11 09:00:00,2024-06-11 15:00:00,TICKER_1079.JP,2246.64,2303.35,2.729,2.424,73493.59,True
2024-06-11,2024-06-11 08:30:00,2024-06-11 09:00:00,2024-06-11 15:00:00,TICKER_1116.JP,2358.97,2359.04,0.203,-0.097,-2939.14,False
2024-06-11,2024-06-11 08:30:00,2024-06-11 09:00:00,2024-06-11 15:00:00,TICKER_1153.JP,2464.68,2574.97,4.684,4.375,132629.65,True
2024-06-11,2024-06-11 08:30:00,2024-06-11 09:00:00,2024-06-11 15:00:00,TICKER_1190.JP,2588.34,2601.28,0.701,0.4,12125.09,True
2024-06-11,2024-06-11 08:30:00,2024-06-11 09:00:00,2024-06-11 15:00:00,TICKER_1227.JP,2624.29,2664.7,1.743,1.44,43652.22,True
2024-06-11,2024-06-11 08:30:00,2024-06-11 09:00:00,2024-06-11 15:00:00,TICKER_1264.JP,2719.89,2771.33,2.095,1.791,54303.27,True
2024-06-12,2024-06-12 08:30:00,2024-06-12 09:00:00,2024-06-12 15:00:00,TICKER_0066.JP,1562.34,1565.24,0.386,0.086,2628.38,True
2024-06-12,2024-06-12 08:30:00,2024-06-12 09:00:00,2024-06-12 15:00:00,TICKER_0103.JP,1665.79,1701.98,2.377,2.072,63495.15,True
2024-06-12,2024-06-12 08:30:00,2024-06-12 09:00:00,2024-06-12 15:00:00,TICKER_0140.JP,1741.65,1737.81,-0.021,-0.32,-9819.65,False
2024-06-12,2024-06-12 08:30:00,2024-06-12 09:00:00,2024-06-12 15:00:00,TICKER_0177.JP,1818.87,1827.34,0.667,0.366,11211.87,True
2024-06-12,2024-06-12 08:30:00,2024-06-12 09:00:00,2024-06-12 15:00:00,TICKER_0214.JP,1922.87,1975.16,2.925,2.619,80269.4,True
2024-06-12,2024-06-12 08:30:00,2024-06-12 09:00:00,2024-06-12 15:00:00,TICKER_0251.JP,2015.19,1983.9,-1.356,-1.653,-50643.02,False
2024-06-12,2024-06-12 08:30:00,2024-06-12 09:00:00,2024-06-12 15:00:00,TICKER_0288.JP,2076.36,2146.07,3.564,3.257,99811.26,True
2024-06-12,2024-06-12 08:30:00,2024-06-12 09:00:00,2024-06-12 15:00:00,TICKER_0325.JP,2196.69,2263.07,3.228,2.922,89534.41,True
2024-06-12,2024-06-12 08:30:00,2024-06-12 09:00:00,2024-06-12 15:00:00,TICKER_0362.JP,2269.34,2286.54,0.96,0.658,20166.74,True
2024-06-12,2024-06-12 08:30:00,2024-06-12 09:00:00,2024-06-12 15:00:00,TICKER_0399.JP,2375.43,2405.56,1.471,1.168,35802.39,True
2024-06-13,2024-06-13 08:30:00,2024-06-13 09:00:00,2024-06-13 15:00:00,TICKER_0597.JP,1603.87,1577.94,-1.42,-1.717,-53167.8,False
2024-06-13,2024-06-13 08:30:00,2024-06-13 09:00:00,2024-06-13 15:00:00,TICKER_0634.JP,1692.66,1718.38,1.723,1.419,43958.14,True
2024-06-13,2024-06-13 08:30:00,2024-06-13 09:00:00,2024-06-13 15:00:00,TICKER_0671.JP,1764.62,1798.51,2.124,1.82,56373.69,True
2024-06-13,2024-06-13 08:30:00,2024-06-13 09:00:00,2024-06-13 15:00:00,TICKER_0708.JP,1847.94,1904.7,3.278,2.972,92036.8,True
2024-06-13,2024-06-13 08:30:00,2024-06-13 09:00:00,2024-06-13 15:00:00,TICKER_0745.JP,1943.82,1922.2,-0.915,-1.213,-37551.11,False
2024-06-13,2024-06-13 08:30:00,2024-06-13 09:00:00,2024-06-13 15:00:00,TICKER_0782.JP,2046.29,2051.36,0.448,0.147,4564.5,True
2024-06-13,2024-06-13 08:30:00,2024-06-13 09:00:00,2024-06-13 15:00:00,TICKER_0819.JP,2117.72,2114.6,0.053,-0.247,-7648.21,False
2024-06-13,2024-06-13 08:30:00,2024-06-13 09:00:00,2024-06-13 15:00:00,TICKER_0856.JP,2242.91,2206.51,-1.426,-1.723,-53354.86,False
2024-06-13,2024-06-13 08:30:00,2024-06-13 09:00:00,2024-06-13 15:00:00,TICKER_0893.JP,2314.34,2337.44,1.2,0.898,27811.31,True
2024-06-13,2024-06-13 08:30:00,2024-06-13 09:00:00,2024-06-13 15:00:00,TICKER_0930.JP,2376.19,2407.64,1.526,1.223,37886.56,True
2024-06-14,2024-06-14 08:30:00,2024-06-14 09:00:00,2024-06-14 15:00:00,TICKER_0475.JP,2000.61,2055.08,2.929,2.623,81503.66,True
2024-06-14,2024-06-14 08:30:00,2024-06-14 09:00:00,2024-06-14 15:00:00,TICKER_0512.JP,2103.09,2061.87,-1.764,-2.06,-64018.98,False
2024-06-14,2024-06-14 08:30:00,2024-06-14 09:00:00,2024-06-14 15:00:00,TICKER_0549.JP,2138.84,2133.76,-0.037,-0.337,-10477.13,False
2024-06-14,2024-06-14 08:30:00,2024-06-14 09:00:00,2024-06-14 15:00:00,TICKER_0586.JP,2256.2,2290.12,1.706,1.403,43600.9,True
2024-06-14,2024-06-14 08:30:00,2024-06-14 09:00:00,2024-06-14 15:00:00,TICKER_0623.JP,2307.34,2364.2,2.67,2.365,73480.18,True
2024-06-14,2024-06-14 08:30:00,2024-06-14 09:00:00,2024-06-14 15:00:00,TICKER_0660.JP,2417.18,2448.24,1.488,1.185,36814.69,True
2024-06-14,2024-06-14 08:30:00,2024-06-14 09:00:00,2024-06-14 15:00:00,TICKER_0697.JP,2518.53,2642.17,5.119,4.809,149441.02,True
2024-06-14,2024-06-14 08:30:00,2024-06-14 09:00:00,2024-06-14 15:00:00,TICKER_0734.JP,2558.33,2670.09,4.577,4.269,132640.86,True
2024-06-14,2024-06-14 08:30:00,2024-06-14 09:00:00,2024-06-14 15:00:00,TICKER_0771.JP,2671.94,2587.08,-2.982,-3.276,-101796.48,False
2024-06-14,2024-06-14 08:30:00,2024-06-14 09:00:00,2024-06-14 15:00:00,TICKER_0808.JP,2716.82,2767.37,2.064,1.76,54705.02,True
2024-06-17,2024-06-17 08:30:00,2024-06-17 09:00:00,2024-06-17 15:00:00,TICKER_0218.JP,1756.8,1828.44,4.287,3.978,125113.38,True
2024-06-17,2024-06-17 08:30:00,2024-06-17 09:00:00,2024-06-17 15:00:00,TICKER_0255.JP,1808.62,1854.02,2.716,2.411,75814.07,True
2024-06-17,2024-06-17 08:30:00,2024-06-17 09:00:00,2024-06-17 15:00:00,TICKER_0292.JP,1915.52,1927.52,0.828,0.526,16552.25,True
2024-06-17,2024-06-17 08:30:00,2024-06-17 09:00:00,2024-06-17 15:00:00,TICKER_0329.JP,2007.11,2107.49,5.212,4.901,154152.87,True
2024-06-17,2024-06-17 08:30:00,2024-06-17 09:00:00,2024-06-17 15:00:00,TICKER_0366.JP,2087.78,2199.74,5.574,5.263,165514.61,True
2024-06-17,2024-06-17 08:30:00,2024-06-17 09:00:00,2024-06-17 15:00:00,TICKER_0403.JP,2197.89,2191.16,-0.107,-0.406,-12773.79,False
2024-06-17,2024-06-17 08:30:00,2024-06-17 09:00:00,2024-06-17 15:00:00,TICKER_0440.JP,2249.35,2281.69,1.641,1.338,42070.98,True
2024-06-17,2024-06-17 08:30:00,2024-06-17 09:00:00,2024-06-17 15:00:00,TICKER_0477.JP,2348.22,2509.39,7.078,6.764,212716.43,True
2024-06-17,2024-06-17 08:30:00,2024-06-17 09:00:00,2024-06-17 15:00:00,TICKER_0514.JP,2396.81,2349.0,-1.799,-2.095,-65887.2,False
2024-06-17,2024-06-17 08:30:00,2024-06-17 09:00:00,2024-06-17 15:00:00,TICKER_0551.JP,2525.44,2500.35,-0.796,-1.094,-34397.6,False
2024-06-18,2024-06-18 08:30:00,2024-06-18 09:00:00,2024-06-18 15:00:00,TICKER_0955.JP,1965.95,1998.0,1.834,1.53,49107.06,True
2024-06-18,2024-06-18 08:30:00,2024-06-18 09:00:00,2024-06-18 15:00:00,TICKER_0992.JP,2071.89,2078.29,0.51,0.209,6704.27,True
2024-06-18,2024-06-18 08:30:00,2024-06-18 09:00:00,2024-06-18 15:00:00,TICKER_1029.JP,2110.07,2135.46,1.406,1.103,35416.59,True
2024-06-18,2024-06-18 08:30:00,2024-06-18 09:00:00,2024-06-18 15:00:00,TICKER_1066.JP,2236.79,2240.7,0.375,0.074,2390.07,True
2024-06-18,2024-06-18 08:30:00,2024-06-18 09:00:00,2024-06-18 15:00:00,TICKER_1103.JP,2333.3,2325.19,-0.148,-0.448,-14362.93,False
2024-06-18,2024-06-18 08:30:00,2024-06-18 09:00:00,2024-06-18 15:00:00,TICKER_1140.JP,2411.14,2418.82,0.519,0.219,7013.51,True
2024-06-18,2024-06-18 08:30:00,2024-06-18 09:00:00,2024-06-18 15:00:00,TICKER_1177.JP,2485.72,2485.24,0.181,-0.119,-3830.53,False
2024-06-18,2024-06-18 08:30:00,2024-06-18 09:00:00,2024-06-18 15:00:00,TICKER_1214.JP,2535.88,2496.67,-1.349,-1.646,-52838.35,False
2024-06-18,2024-06-18 08:30:00,2024-06-18 09:00:00,2024-06-18 15:00:00,TICKER_1251.JP,2649.38,2692.82,1.843,1.54,49423.99,True
2024-06-18,2024-06-18 08:30:00,2024-06-18 09:00:00,2024-06-18 15:00:00,TICKER_1288.JP,2767.0,2912.08,5.454,5.143,165061.29,True
2024-06-19,2024-06-19 08:30:00,2024-06-19 09:00:00,2024-06-19 15:00:00,TICKER_0024.JP,1508.44,1491.63,-0.916,-1.214,-39257.94,False
2024-06-19,2024-06-19 08:30:00,2024-06-19 09:00:00,2024-06-19 15:00:00,TICKER_0061.JP,1625.83,1614.72,-0.485,-0.783,-25324.16,False
2024-06-19,2024-06-19 08:30:00,2024-06-19 09:00:00,2024-06-19 15:00:00,TICKER_0098.JP,1691.03,1659.99,-1.639,-1.936,-62572.96,False
2024-06-19,2024-06-19 08:30:00,2024-06-19 09:00:00,2024-06-19 15:00:00,TICKER_0135.JP,1790.98,1876.87,5.006,4.696,151801.52,True
2024-06-19,2024-06-19 08:30:00,2024-06-19 09:00:00,2024-06-19 15:00:00,TICKER_0172.JP,1889.61,1927.91,2.231,1.927,62294.24,True
2024-06-19,2024-06-19 08:30:00,2024-06-19 09:00:00,2024-06-19 15:00:00,TICKER_0209.JP,1937.51,1932.43,-0.063,-0.362,-11708.48,False
2024-06-19,2024-06-19 08:30:00,2024-06-19 09:00:00,2024-06-19 15:00:00,TICKER_0246.JP,2037.1,2078.48,2.236,1.932,62440.81,True
2024-06-19,2024-06-19 08:30:00,2024-06-19 09:00:00,2024-06-19 15:00:00,TICKER_0283.JP,2129.06,2100.51,-1.143,-1.441,-46581.48,False
2024-06-19,2024-06-19 08:30:00,2024-06-19 09:00:00,2024-06-19 15:00:00,TICKER_0320.JP,2202.13,2270.43,3.308,3.001,97026.94,True
2024-06-19,2024-06-19 08:30:00,2024-06-19 09:00:00,2024-06-19 15:00:00,TICKER_0357.JP,2297.43,2310.17,0.756,0.455,14697.07,True
2024-06-20,2024-06-20 08:30:00,2024-06-20 09:00:00,2024-06-20 15:00:00,TICKER_0934.JP,1942.96,1910.96,-1.45,-1.747,-56817.39,False
2024-06-20,2024-06-20 08:30:00,2024-06-20 09:00:00,2024-06-20 15:00:00,TICKER_0971.JP,2047.49,2129.43,4.21,3.902,126895.86,True
2024-06-20,2024-06-20 08:30:00,2024-06-20 09:00:00,2024-06-20 15:00:00,TICKER_1008.JP,2148.43,2248.34,4.86,4.551,147981.52,True
2024-06-20,2024-06-20 08:30:00,2024-06-20 09:00:00,2024-06-20 15:00:00,TICKER_1045.JP,2245.19,2315.69,3.346,3.04,98859.71,True
2024-06-20,2024-06-20 08:30:00,2024-06-20 09:00:00,2024-06-20 15:00:00,TICKER_1082.JP,2270.48,2286.27,0.897,0.596,19368.39,True
2024-06-20,2024-06-20 08:30:00,2024-06-20 09:00:00,2024-06-20 15:00:00,TICKER_1119.JP,2356.57,2299.44,-2.229,-2.525,-82096.99,False
2024-06-20,2024-06-20 08:30:00,2024-06-20 09:00:00,2024-06-20 15:00:00,TICKER_1156.JP,2466.37,2554.83,3.794,3.487,113382.66,True
2024-06-20,2024-06-20 08:30:00,2024-06-20 09:00:00,2024-06-20 15:00:00,TICKER_1193.JP,2538.6,2540.53,0.276,-0.024,-778.5,False
2024-06-20,2024-06-20 08:30:00,2024-06-20 09:00:00,2024-06-20 15:00:00,TICKER_1230.JP,2603.02,2659.98,2.393,2.088,67904.59,True
2024-06-20,2024-06-20 08:30:00,2024-06-20 09:00:00,2024-06-20 15:00:00,TICKER_1267.JP,2741.42,2800.99,2.377,2.073,67409.09,True
2024-06-21,2024-06-21 08:30:00,2024-06-21 09:00:00,2024-06-21 15:00:00,TICKER_0728.JP,1712.61,1725.44,0.951,0.649,21423.45,True
2024-06-21,2024-06-21 08:30:00,2024-06-21 09:00:00,2024-06-21 15:00:00,TICKER_0765.JP,1817.74,1895.41,4.482,4.173,137703.96,True
2024-06-21,2024-06-21 08:30:00,2024-06-21 09:00:00,2024-06-21 15:00:00,TICKER_0802.JP,1911.96,1890.75,-0.911,-1.209,-39908.58,False
2024-06-21,2024-06-21 08:30:00,2024-06-21 09:00:00,2024-06-21 15:00:00,TICKER_0839.JP,2004.04,2040.95,2.045,1.742,57464.55,True
2024-06-21,2024-06-21 08:30:00,2024-06-21 09:00:00,2024-06-21 15:00:00,TICKER_0876.JP,2096.91,2190.57,4.675,4.366,144070.01,True
2024-06-21,2024-06-21 08:30:00,2024-06-21 09:00:00,2024-06-21 15:00:00,TICKER_0913.JP,2128.32,2131.83,0.365,0.065,2141.88,True
2024-06-21,2024-06-21 08:30:00,2024-06-21 09:00:00,2024-06-21 15:00:00,TICKER_0950.JP,2258.45,2305.86,2.304,1.999,65976.17,True
2024-06-21,2024-06-21 08:30:00,2024-06-21 09:00:00,2024-06-21 15:00:00,TICKER_0987.JP,2376.59,2463.61,3.869,3.562,117518.56,True
2024-06-21,2024-06-21 08:30:00,2024-06-21 09:00:00,2024-06-21 15:00:00,TICKER_1024.JP,2436.69,2463.78,1.314,1.012,33383.74,True
2024-06-21,2024-06-21 08:30:00,2024-06-21 09:00:00,2024-06-21 15:00:00,TICKER_1061.JP,2506.78,2499.79,-0.079,-0.379,-12509.21,False
2024-06-24,2024-06-24 08:30:00,2024-06-24 09:00:00,2024-06-24 15:00:00,TICKER_0139.JP,1628.18,1661.34,2.241,1.937,64873.44,True
2024-06-24,2024-06-24 08:30:00,2024-06-24 09:00:00,2024-06-24 15:00:00,TICKER_0176.JP,1748.27,1729.07,-0.9,-1.198,-40132.66,False
2024-06-24,2024-06-24 08:30:00,2024-06-24 09:00:00,2024-06-24 15:00:00,TICKER_0213.JP,1813.87,1852.86,2.354,2.049,68642.25,True
2024-06-24,2024-06-24 08:30:00,2024-06-24 09:00:00,2024-06-24 15:00:00,TICKER_0250.JP,1912.71,1983.44,3.906,3.598,120527.22,True
2024-06-24,2024-06-24 08:30:00,2024-06-24 09:00:00,2024-06-24 15:00:00,TICKER_0287.JP,1989.49,2089.34,5.229,4.919,164772.27,True
2024-06-24,2024-06-24 08:30:00,2024-06-24 09:00:00,2024-06-24 15:00:00,TICKER_0324.JP,2059.88,2087.65,1.551,1.248,41813.55,True
2024-06-24,2024-06-24 08:30:00,2024-06-24 09:00:00,2024-06-24 15:00:00,TICKER_0361.JP,2117.52,2053.95,-2.808,-3.102,-103899.29,False
2024-06-24,2024-06-24 08:30:00,2024-06-24 09:00:00,2024-06-24 15:00:00,TICKER_0398.JP,2278.32,2276.07,0.101,-0.199,-6649.63,False
2024-06-24,2024-06-24 08:30:00,2024-06-24 09:00:00,2024-06-24 15:00:00,TICKER_0435.JP,2344.92,2352.72,0.534,0.233,7796.0,True
2024-06-24,2024-06-24 08:30:00,2024-06-24 09:00:00,2024-06-24 15:00:00,TICKER_0472.JP,2393.87,2417.98,1.209,0.907,30384.85,True
2024-06-25,2024-06-25 08:30:00,2024-06-25 09:00:00,2024-06-25 15:00:00,TICKER_0258.JP,1753.35,1750.83,0.056,-0.244,-8252.85,False
2024-06-25,2024-06-25 08:30:00,2024-06-25 09:00:00,2024-06-25 15:00:00,TICKER_0295.JP,1853.92,1871.59,1.155,0.853,28849.3,True
2024-06-25,2024-06-25 08:30:00,2024-06-25 09:00:00,2024-06-25 15:00:00,TICKER_0332.JP,1953.41,1951.65,0.11,-0.19,-6439.48,False
2024-06-25,2024-06-25 08:30:00,2024-06-25 09:00:00,2024-06-25 15:00:00,TICKER_0369.JP,2050.11,2140.19,4.603,4.294,145255.09,True
2024-06-25,2024-06-25 08:30:00,2024-06-25 09:00:00,2024-06-25 15:00:00,TICKER_0406.JP,2124.71,2134.28,0.652,0.35,11855.47,True
2024-06-25,2024-06-25 08:30:00,2024-06-25 09:00:00,2024-06-25 15:00:00,TICKER_0443.JP,2161.24,2177.13,0.937,0.635,21491.13,True
2024-06-25,2024-06-25 08:30:00,2024-06-25 09:00:00,2024-06-25 15:00:00,TICKER_0480.JP,2296.49,2259.55,-1.412,-1.709,-57805.78,False
2024-06-25,2024-06-25 08:30:00,2024-06-25 09:00:00,2024-06-25 15:00:00,TICKER_0517.JP,2335.43,2377.56,2.008,1.704,57637.22,True
2024-06-25,2024-06-25 08:30:00,2024-06-25 09:00:00,2024-06-25 15:00:00,TICKER_0554.JP,2438.19,2446.99,0.562,0.261,8833.29,True
2024-06-25,2024-06-25 08:30:00,2024-06-25 09:00:00,2024-06-25 15:00:00,TICKER_0591.JP,2533.35,2537.31,0.357,0.056,1904.13,True
2024-06-26,2024-06-26 08:30:00,2024-06-26 09:00:00,2024-06-26 15:00:00,TICKER_0425.JP,1954.63,1885.47,-3.345,-3.638,-123778.93,False
2024-06-26,2024-06-26 08:30:00,2024-06-26 09:00:00,2024-06-26 15:00:00,TICKER_0462.JP,2014.08,2107.11,4.828,4.519,153739.94,True
2024-06-26,2024-06-26 08:30:00,2024-06-26 09:00:00,2024-06-26 15:00:00,TICKER_0499.JP,2128.31,2187.64,2.994,2.688,91444.53,True
2024-06-26,2024-06-26 08:30:00,2024-06-26 09:00:00,2024-06-26 15:00:00,TICKER_0536.JP,2195.48,2131.81,-2.706,-3.0,-102077.04,False
2024-06-26,2024-06-26 08:30:00,2024-06-26 09:00:00,2024-06-26 15:00:00,TICKER_0573.JP,2277.99,2384.57,4.889,4.579,155784.73,True
2024-06-26,2024-06-26 08:30:00,2024-06-26 09:00:00,2024-06-26 15:00:00,TICKER_0610.JP,2341.1,2377.91,1.776,1.472,50092.46,True
2024-06-26,2024-06-26 08:30:00,2024-06-26 09:00:00,2024-06-26 15:00:00,TICKER_0647.JP,2450.98,2435.67,-0.426,-0.725,-24648.92,False
2024-06-26,2024-06-26 08:30:00,2024-06-26 09:00:00,2024-06-26 15:00:00,TICKER_0684.JP,2505.76,2623.58,4.912,4.602,156566.03,True
2024-06-26,2024-06-26 08:30:00,2024-06-26 09:00:00,2024-06-26 15:00:00,TICKER_0721.JP,2593.69,2577.53,-0.424,-0.723,-24600.8,False
2024-06-26,2024-06-26 08:30:00,2024-06-26 09:00:00,2024-06-26 15:00:00,TICKER_0758.JP,2732.68,2836.92,4.022,3.715,126375.39,True
2024-06-27,2024-06-27 08:30:00,2024-06-27 09:00:00,2024-06-27 15:00:00,TICKER_0128.JP,1608.22,1634.24,1.822,1.518,52320.38,True
2024-06-27,2024-06-27 08:30:00,2024-06-27 09:00:00,2024-06-27 15:00:00,TICKER_0165.JP,1697.54,1682.19,-0.706,-1.004,-34603.31,False
2024-06-27,2024-06-27 08:30:00,2024-06-27 09:00:00,2024-06-27 15:00:00,TICKER_0202.JP,1822.31,1847.51,1.586,1.283,44204.29,True
2024-06-27,2024-06-27 08:30:00,2024-06-27 09:00:00,2024-06-27 15:00:00,TICKER_0239.JP,1875.82,1887.26,0.811,0.51,17562.93,True
2024-06-27,2024-06-27 08:30:00,2024-06-27 09:00:00,2024-06-27 15:00:00,TICKER_0276.JP,1975.58,1966.34,-0.269,-0.568,-19565.15,False
2024-06-27,2024-06-27 08:30:00,2024-06-27 09:00:00,2024-06-27 15:00:00,TICKER_0313.JP,2041.3,2087.23,2.455,2.15,74087.08,True
2024-06-27,2024-06-27 08:30:00,2024-06-27 09:00:00,2024-06-27 15:00:00,TICKER_0350.JP,2149.21,2066.06,-3.676,-3.969,-136749.15,False
2024-06-27,2024-06-27 08:30:00,2024-06-27 09:00:00,2024-06-27 15:00:00,TICKER_0387.JP,2253.68,2246.85,-0.103,-0.403,-13889.2,False
2024-06-27,2024-06-27 08:30:00,2024-06-27 09:00:00,2024-06-27 15:00:00,TICKER_0424.JP,2316.14,2426.55,4.977,4.667,160807.6,True
2024-06-27,2024-06-27 08:30:00,2024-06-27 09:00:00,2024-06-27 15:00:00,TICKER_0461.JP,2397.21,2429.9,1.566,1.263,43532.35,True
2024-06-28,2024-06-28 08:30:00,2024-06-28 09:00:00,2024-06-28 15:00:00,TICKER_0744.JP,1755.45,1729.23,-1.297,-1.594,-55205.74,False
2024-06-28,2024-06-28 08:30:00,2024-06-28 09:00:00,2024-06-28 15:00:00,TICKER_0781.JP,1843.83,1897.03,3.091,2.785,96468.96,True
2024-06-28,2024-06-28 08:30:00,2024-06-28 09:00:00,2024-06-28 15:00:00,TICKER_0818.JP,1935.63,1984.13,2.711,2.406,83321.36,True
2024-06-28,2024-06-28 08:30:00,2024-06-28 09:00:00,2024-06-28 15:00:00,TICKER_0855.JP,2016.8,2140.44,6.343,6.03,208857.63,True
2024-06-28,2024-06-28 08:30:00,2024-06-28 09:00:00,2024-06-28 15:00:00,TICKER_0892.JP,2080.53,2112.04,1.718,1.414,48988.55,True
2024-06-28,2024-06-28 08:30:00,2024-06-28 09:00:00,2024-06-28 15:00:00,TICKER_0929.JP,2208.68,2195.1,-0.416,-0.715,-24749.5,False
2024-06-28,2024-06-28 08:30:00,2024-06-28 09:00:00,2024-06-28 15:00:00,TICKER_0966.JP,2215.43,2281.55,3.19,2.884,99896.31,True
2024-06-28,2024-06-28 08:30:00,2024-06-28 09:00:00,2024-06-28 15:00:00,TICKER_1003.JP,2303.66,2299.2,0.006,-0.294,-10173.51,False
2024-06-28,2024-06-28 08:30:00,2024-06-28 09:00:00,2024-06-28 15:00:00,TICKER_1040.JP,2462.72,2435.22,-0.919,-1.217,-42136.66,False
2024-06-28,2024-06-28 08:30:00,2024-06-28 09:00:00,2024-06-28 15:00:00,TICKER_1077.JP,2492.39,2534.3,1.885,1.582,54781.55,True
2024-07-01,2024-07-01 08:30:00,2024-07-01 09:00:00,2024-07-01 15:00:00,TICKER_0201.JP,1700.44,1736.25,2.311,2.006,70360.14,True
2024-07-01,2024-07-01 08:30:00,2024-07-01 09:00:00,2024-07-01 15:00:00,TICKER_0238.JP,1772.8,1785.31,0.907,0.606,21245.97,True
2024-07-01,2024-07-01 08:30:00,2024-07-01 09:00:00,2024-07-01 15:00:00,TICKER_0275.JP,1904.7,1883.93,-0.892,-1.19,-41750.13,False
2024-07-01,2024-07-01 08:30:00,2024-07-01 09:00:00,2024-07-01 15:00:00,TICKER_0312.JP,1950.46,1990.13,2.238,1.934,67825.4,True
2024-07-01,2024-07-01 08:30:00,2024-07-01 09:00:00,2024-07-01 15:00:00,TICKER_0349.JP,2021.31,2059.73,2.105,1.801,63155.33,True
2024-07-01,2024-07-01 08:30:00,2024-07-01 09:00:00,2024-07-01 15:00:00,TICKER_0386.JP,2141.23,2130.4,-0.307,-0.606,-21249.18,False
2024-07-01,2024-07-01 08:30:00,2024-07-01 09:00:00,2024-07-01 15:00:00,TICKER_0423.JP,2219.82,2293.36,3.52,3.213,112695.38,True
2024-07-01,2024-07-01 08:30:00,2024-07-01 09:00:00,2024-07-01 15:00:00,TICKER_0460.JP,2328.64,2302.34,-0.932,-1.229,-43120.46,False
2024-07-01,2024-07-01 08:30:00,2024-07-01 09:00:00,2024-07-01 15:00:00,TICKER_0497.JP,2366.9,2435.39,3.1,2.794,97977.6,True
2024-07-01,2024-07-01 08:30:00,2024-07-01 09:00:00,2024-07-01 15:00:00,TICKER_0534.JP,2500.73,2546.36,2.029,1.725,60492.89,True
2024-07-02,2024-07-02 08:30:00,2024-07-02 09:00:00,2024-07-02 15:00:00,TICKER_0694.JP,1719.79,1710.62,-0.334,-0.633,-22442.26,False
2024-07-02,2024-07-02 08:30:00,2024-07-02 09:00:00,2024-07-02 15:00:00,TICKER_0731.JP,1784.97,1850.81,3.896,3.588,127170.96,True
2024-07-02,2024-07-02 08:30:00,2024-07-02 09:00:00,2024-07-02 15:00:00,TICKER_0768.JP,1911.1,1997.33,4.721,4.412,156370.72,True
2024-07-02,2024-07-02 08:30:00,2024-07-02 09:00:00,2024-07-02 15:00:00,TICKER_0805.JP,1955.53,2022.93,3.653,3.346,118592.48,True
2024-07-02,2024-07-02 08:30:00,2024-07-02 09:00:00,2024-07-02 15:00:00,TICKER_0842.JP,2015.77,1972.91,-1.931,-2.227,-78915.06,False
2024-07-02,2024-07-02 08:30:00,2024-07-02 09:00:00,2024-07-02 15:00:00,TICKER_0879.JP,2144.13,2178.43,1.803,1.5,53147.12,True
2024-07-02,2024-07-02 08:30:00,2024-07-02 09:00:00,2024-07-02 15:00:00,TICKER_0916.JP,2195.75,2148.6,-1.952,-2.248,-79654.48,False
2024-07-02,2024-07-02 08:30:00,2024-07-02 09:00:00,2024-07-02 15:00:00,TICKER_0953.JP,2293.12,2344.35,2.439,2.134,75637.53,True
2024-07-02,2024-07-02 08:30:00,2024-07-02 09:00:00,2024-07-02 15:00:00,TICKER_0990.JP,2407.12,2363.49,-1.616,-1.913,-67783.06,False
2024-07-02,2024-07-02 08:30:00,2024-07-02 09:00:00,2024-07-02 15:00:00,TICKER_1027.JP,2473.75,2444.95,-0.966,-1.264,-44803.48,False
2024-07-03,2024-07-03 08:30:00,2024-07-03 09:00:00,2024-07-03 15:00:00,TICKER_0425.JP,1943.68,1973.7,1.748,1.445,51524.64,True
2024-07-03,2024-07-03 08:30:00,2024-07-03 09:00:00,2024-07-03 15:00:00,TICKER_0462.JP,2034.03,2029.18,-0.039,-0.339,-12076.68,False
2024-07-03,2024-07-03 08:30:00,2024-07-03 09:00:00,2024-07-03 15:00:00,TICKER_0499.JP,2112.98,2104.48,-0.203,-0.502,-17910.1,False
2024-07-03,2024-07-03 08:30:00,2024-07-03 09:00:00,2024-07-03 15:00:00,TICKER_0536.JP,2197.01,2286.24,4.27,3.961,141284.41,True
2024-07-03,2024-07-03 08:30:00,2024-07-03 09:00:00,2024-07-03 15:00:00,TICKER_0573.JP,2265.12,2337.94,3.421,3.115,111090.27,True
2024-07-03,2024-07-03 08:30:00,2024-07-03 09:00:00,2024-07-03 15:00:00,TICKER_0610.JP,2354.23,2360.34,0.46,0.159,5683.03,True
2024-07-03,2024-07-03 08:30:00,2024-07-03 09:00:00,2024-07-03 15:00:00,TICKER_0647.JP,2422.52,2509.46,3.796,3.489,124431.0,True
2024-07-03,2024-07-03 08:30:00,2024-07-03 09:00:00,2024-07-03 15:00:00,TICKER_0684.JP,2535.96,2580.78,1.971,1.667,59459.85,True
2024-07-03,2024-07-03 08:30:00,2024-07-03 09:00:00,2024-07-03 15:00:00,TICKER_0721.JP,2642.65,2733.94,3.662,3.355,119647.16,True
2024-07-03,2024-07-03 08:30:00,2024-07-03 09:00:00,2024-07-03 15:00:00,TICKER_0758.JP,2710.13,2628.59,-2.814,-3.109,-110875.07,False
2024-07-04,2024-07-04 08:30:00,2024-07-04 09:00:00,2024-07-04 15:00:00,TICKER_0261.JP,1771.54,1782.18,0.802,0.5,18071.89,True
2024-07-04,2024-07-04 08:30:00,2024-07-04 09:00:00,2024-07-04 15:00:00,TICKER_0298.JP,1858.66,1935.09,4.321,4.012,144909.76,True
2024-07-04,2024-07-04 08:30:00,2024-07-04 09:00:00,2024-07-04 15:00:00,TICKER_0335.JP,1924.05,1923.84,0.189,-0.111,-4001.75,False
2024-07-04,2024-07-04 08:30:00,2024-07-04 09:00:00,2024-07-04 15:00:00,TICKER_0372.JP,2003.56,2012.46,0.645,0.344,12420.28,True
2024-07-04,2024-07-04 08:30:00,2024-07-04 09:00:00,2024-07-04 15:00:00,TICKER_0409.JP,2114.43,2157.0,2.217,1.913,69096.74,True
2024-07-04,2024-07-04 08:30:00,2024-07-04 09:00:00,2024-07-04 15:00:00,TICKER_0446.JP,2195.65,2198.76,0.342,0.041,1496.69,True
2024-07-04,2024-07-04 08:30:00,2024-07-04 09:00:00,2024-07-04 15:00:00,TICKER_0483.JP,2270.8,2197.04,-3.054,-3.348,-120916.94,False
2024-07-04,2024-07-04 08:30:00,2024-07-04 09:00:00,2024-07-04 15:00:00,TICKER_0520.JP,2379.84,2403.12,1.181,0.879,31727.58,True
2024-07-04,2024-07-04 08:30:00,2024-07-04 09:00:00,2024-07-04 15:00:00,TICKER_0557.JP,2457.67,2415.93,-1.501,-1.798,-64938.5,False
2024-07-04,2024-07-04 08:30:00,2024-07-04 09:00:00,2024-07-04 15:00:00,TICKER_0594.JP,2538.15,2521.7,-0.449,-0.748,-27017.87,False
2024-07-05,2024-07-05 08:30:00,2024-07-05 09:00:00,2024-07-05 15:00:00,TICKER_0023.JP,1532.48,1550.96,1.408,1.106,39995.02,True
2024-07-05,2024-07-05 08:30:00,2024-07-05 09:00:00,2024-07-05 15:00:00,TICKER_0060.JP,1625.48,1654.07,1.963,1.659,60006.75,True
2024-07-05,2024-07-05 08:30:00,2024-07-05 09:00:00,2024-07-05 15:00:00,TICKER_0097.JP,1718.67,1727.63,0.723,0.422,15248.66,True
2024-07-05,2024-07-05 08:30:00,2024-07-05 09:00:00,2024-07-05 15:00:00,TICKER_0134.JP,1765.77,1818.71,3.204,2.898,104824.1,True
2024-07-05,2024-07-05 08:30:00,2024-07-05 09:00:00,2024-07-05 15:00:00,TICKER_0171.JP,1868.11,1821.61,-2.294,-2.589,-93656.53,False
2024-07-05,2024-07-05 08:30:00,2024-07-05 09:00:00,2024-07-05 15:00:00,TICKER_0208.JP,1980.59,2042.55,3.335,3.028,109538.87,True
2024-07-05,2024-07-05 08:30:00,2024-07-05 09:00:00,2024-07-05 15:00:00,TICKER_0245.JP,2031.93,2051.78,1.179,0.877,31713.53,True
2024-07-05,2024-07-05 08:30:00,2024-07-05 09:00:00,2024-07-05 15:00:00,TICKER_0282.JP,2157.7,2167.22,0.643,0.341,12351.11,True
2024-07-05,2024-07-05 08:30:00,2024-07-05 09:00:00,2024-07-05 15:00:00,TICKER_0319.JP,2209.56,2224.08,0.859,0.557,20163.95,True
2024-07-05,2024-07-05 08:30:00,2024-07-05 09:00:00,2024-07-05 15:00:00,TICKER_0356.JP,2317.89,2248.55,-2.797,-3.091,-111823.61,False
2024-07-08,2024-07-08 08:30:00,2024-07-08 09:00:00,2024-07-08 15:00:00,TICKER_0785.JP,1809.22,1843.5,2.099,1.795,65256.75,True
2024-07-08,2024-07-08 08:30:00,2024-07-08 09:00:00,2024-07-08 15:00:00,TICKER_0822.JP,1835.49,1904.38,3.961,3.653,132801.21,True
2024-07-08,2024-07-08 08:30:00,2024-07-08 09:00:00,2024-07-08 15:00:00,TICKER_0859.JP,1954.49,1977.6,1.385,1.082,39343.46,True
2024-07-08,2024-07-08 08:30:00,2024-07-08 09:00:00,2024-07-08 15:00:00,TICKER_0896.JP,2048.42,2074.92,1.497,1.194,43404.34,True
2024-07-08,2024-07-08 08:30:00,2024-07-08 09:00:00,2024-07-08 15:00:00,TICKER_0933.JP,2138.19,2257.2,5.777,5.466,198704.46,True
2024-07-08,2024-07-08 08:30:00,2024-07-08 09:00:00,2024-07-08 15:00:00,TICKER_0970.JP,2209.18,2190.54,-0.645,-0.944,-34306.69,False
2024-07-08,2024-07-08 08:30:00,2024-07-08 09:00:00,2024-07-08 15:00:00,TICKER_1007.JP,2316.02,2368.48,2.47,2.165,78697.86,True
2024-07-08,2024-07-08 08:30:00,2024-07-08 09:00:00,2024-07-08 15:00:00,TICKER_1044.JP,2454.95,2447.9,-0.088,-0.387,-14078.74,False
2024-07-08,2024-07-08 08:30:00,2024-07-08 09:00:00,2024-07-08 15:00:00,TICKER_1081.JP,2472.8,2496.5,1.161,0.858,31206.42,True
2024-07-08,2024-07-08 08:30:00,2024-07-08 09:00:00,2024-07-08 15:00:00,TICKER_1118.JP,2573.17,2674.17,4.133,3.825,139053.78,True
2024-07-09,2024-07-09 08:30:00,2024-07-09 09:00:00,2024-07-09 15:00:00,TICKER_0664.JP,1716.07,1727.59,0.873,0.571,21128.97,True
2024-07-09,2024-07-09 08:30:00,2024-07-09 09:00:00,2024-07-09 15:00:00,TICKER_0701.JP,1740.59,1772.49,2.036,1.733,64100.2,True
2024-07-09,2024-07-09 08:30:00,2024-07-09 09:00:00,2024-07-09 15:00:00,TICKER_0738.JP,1850.7,1884.61,2.036,1.733,64100.11,True
2024-07-09,2024-07-09 08:30:00,2024-07-09 09:00:00,2024-07-09 15:00:00,TICKER_0775.JP,1927.8,1985.34,3.191,2.885,106743.07,True
2024-07-09,2024-07-09 08:30:00,2024-07-09 09:00:00,2024-07-09 15:00:00,TICKER_0812.JP,1992.63,2008.64,1.005,0.703,26024.19,True
2024-07-09,2024-07-09 08:30:00,2024-07-09 09:00:00,2024-07-09 15:00:00,TICKER_0849.JP,2101.1,2128.83,1.523,1.22,45129.62,True
2024-07-09,2024-07-09 08:30:00,2024-07-09 09:00:00,2024-07-09 15:00:00,TICKER_0886.JP,2177.66,2225.73,2.412,2.108,77981.34,True
2024-07-09,2024-07-09 08:30:00,2024-07-09 09:00:00,2024-07-09 15:00:00,TICKER_0923.JP,2275.23,2372.69,4.492,4.184,154784.72,True
2024-07-09,2024-07-09 08:30:00,2024-07-09 09:00:00,2024-07-09 15:00:00,TICKER_0960.JP,2372.31,2352.39,-0.641,-0.94,-34773.81,False
2024-07-09,2024-07-09 08:30:00,2024-07-09 09:00:00,2024-07-09 15:00:00,TICKER_0997.JP,2415.84,2462.28,2.126,1.822,67409.2,True
2024-07-10,2024-07-10 08:30:00,2024-07-10 09:00:00,2024-07-10 15:00:00,TICKER_0725.JP,1751.57,1722.62,-1.456,-1.753,-65845.84,False
2024-07-10,2024-07-10 08:30:00,2024-07-10 09:00:00,2024-07-10 15:00:00,TICKER_0762.JP,1831.47,1862.95,1.922,1.619,60795.95,True
2024-07-10,2024-07-10 08:30:00,2024-07-10 09:00:00,2024-07-10 15:00:00,TICKER_0799.JP,1917.23,1879.82,-1.755,-2.051,-77041.29,False
2024-07-10,2024-07-10 08:30:00,2024-07-10 09:00:00,2024-07-10 15:00:00,TICKER_0836.JP,1964.46,1983.72,1.183,0.881,33072.85,True
2024-07-10,2024-07-10 08:30:00,2024-07-10 09:00:00,2024-07-10 15:00:00,TICKER_0873.JP,2068.0,2075.45,0.561,0.261,9787.19,True
2024-07-10,2024-07-10 08:30:00,2024-07-10 09:00:00,2024-07-10 15:00:00,TICKER_0910.JP,2139.67,2131.78,-0.169,-0.469,-17609.17,False
2024-07-10,2024-07-10 08:30:00,2024-07-10 09:00:00,2024-07-10 15:00:00,TICKER_0947.JP,2254.39,2308.77,2.617,2.312,86842.28,True
2024-07-10,2024-07-10 08:30:00,2024-07-10 09:00:00,2024-07-10 15:00:00,TICKER_0984.JP,2328.97,2361.17,1.586,1.283,48174.91,True
2024-07-10,2024-07-10 08:30:00,2024-07-10 09:00:00,2024-07-10 15:00:00,TICKER_1021.JP,2452.19,2547.61,4.099,3.791,142401.77,True
2024-07-10,2024-07-10 08:30:00,2024-07-10 09:00:00,2024-07-10 15:00:00,TICKER_1058.JP,2496.35,2487.29,-0.164,-0.463,-17393.53,False
2024-07-11,2024-07-11 08:30:00,2024-07-11 09:00:00,2024-07-11 15:00:00,TICKER_0179.JP,1700.92,1715.02,1.031,0.729,27530.23,True
2024-07-11,2024-07-11 08:30:00,2024-07-11 09:00:00,2024-07-11 15:00:00,TICKER_0216.JP,1775.25,1847.72,4.29,3.982,150338.62,True
2024-07-11,2024-07-11 08:30:00,2024-07-11 09:00:00,2024-07-11 15:00:00,TICKER_0253.JP,1847.06,1930.87,4.747,4.438,167537.0,True
2024-07-11,2024-07-11 08:30:00,2024-07-11 09:00:00,2024-07-11 15:00:00,TICKER_0290.JP,1928.61,1977.51,2.741,2.436,91957.62,True
2024-07-11,2024-07-11 08:30:00,2024-07-11 09:00:00,2024-07-11 15:00:00,TICKER_0327.JP,2036.37,2047.74,0.759,0.458,17296.69,True
2024-07-11,2024-07-11 08:30:00,2024-07-11 09:00:00,2024-07-11 15:00:00,TICKER_0364.JP,2143.19,2218.51,3.722,3.414,128903.45,True
2024-07-11,2024-07-11 08:30:00,2024-07-11 09:00:00,2024-07-11 15:00:00,TICKER_0401.JP,2232.18,2347.54,5.379,5.068,191338.93,True
2024-07-11,2024-07-11 08:30:00,2024-07-11 09:00:00,2024-07-11 15:00:00,TICKER_0438.JP,2250.7,2178.64,-3.008,-3.302,-124650.0,False
2024-07-11,2024-07-11 08:30:00,2024-07-11 09:00:00,2024-07-11 15:00:00,TICKER_0475.JP,2363.59,2362.29,0.145,-0.155,-5861.3,False
2024-07-11,2024-07-11 08:30:00,2024-07-11 09:00:00,2024-07-11 15:00:00,TICKER_0512.JP,2420.9,2391.85,-1.002,-1.3,-49083.17,False
2024-07-12,2024-07-12 08:30:00,2024-07-12 09:00:00,2024-07-12 15:00:00,TICKER_0210.JP,1709.93,1781.89,4.417,4.108,157426.22,True
2024-07-12,2024-07-12 08:30:00,2024-07-12 09:00:00,2024-07-12 15:00:00,TICKER_0247.JP,1797.81,1820.12,1.444,1.141,43725.28,True
2024-07-12,2024-07-12 08:30:00,2024-07-12 09:00:00,2024-07-12 15:00:00,TICKER_0284.JP,1862.47,1865.93,0.386,0.086,3290.12,True
2024-07-12,2024-07-12 08:30:00,2024-07-12 09:00:00,2024-07-12 15:00:00,TICKER_0321.JP,1981.88,2047.18,3.502,3.195,122426.81,True
2024-07-12,2024-07-12 08:30:00,2024-07-12 09:00:00,2024-07-12 15:00:00,TICKER_0358.JP,2077.07,2063.54,-0.453,-0.751,-28794.28,False
2024-07-12,2024-07-12 08:30:00,2024-07-12 09:00:00,2024-07-12 15:00:00,TICKER_0395.JP,2120.41,2142.65,1.251,0.949,36354.07,True
2024-07-12,2024-07-12 08:30:00,2024-07-12 09:00:00,2024-07-12 15:00:00,TICKER_0432.JP,2214.9,2212.5,0.091,-0.209,-7996.94,False
2024-07-12,2024-07-12 08:30:00,2024-07-12 09:00:00,2024-07-12 15:00:00,TICKER_0469.JP,2331.85,2355.09,1.199,0.897,34363.54,True
2024-07-12,2024-07-12 08:30:00,2024-07-12 09:00:00,2024-07-12 15:00:00,TICKER_0506.JP,2414.93,2487.3,3.203,2.897,110999.16,True
2024-07-12,2024-07-12 08:30:00,2024-07-12 09:00:00,2024-07-12 15:00:00,TICKER_0543.JP,2525.76,2542.59,0.868,0.566,21704.07,True
2024-07-15,2024-07-15 08:30:00,2024-07-15 09:00:00,2024-07-15 15:00:00,TICKER_0999.JP,1992.78,2044.22,2.787,2.481,96251.88,True
2024-07-15,2024-07-15 08:30:00,2024-07-15 09:00:00,2024-07-15 15:00:00,TICKER_1036.JP,2040.62,2013.2,-1.146,-1.443,-55987.32,False
2024-07-15,2024-07-15 08:30:00,2024-07-15 09:00:00,2024-07-15 15:00:00,TICKER_1073.JP,2197.06,2211.8,0.872,0.57,22128.39,True
2024-07-15,2024-07-15 08:30:00,2024-07-15 09:00:00,2024-07-15 15:00:00,TICKER_1110.JP,2291.28,2335.47,2.133,1.829,70934.42,True
2024-07-15,2024-07-15 08:30:00,2024-07-15 09:00:00,2024-07-15 15:00:00,TICKER_1147.JP,2346.86,2449.45,4.58,4.271,165668.47,True
2024-07-15,2024-07-15 08:30:00,2024-07-15 09:00:00,2024-07-15 15:00:00,TICKER_1184.JP,2433.51,2457.83,1.202,0.899,34883.22,True
2024-07-15,2024-07-15 08:30:00,2024-07-15 09:00:00,2024-07-15 15:00:00,TICKER_1221.JP,2533.38,2545.02,0.661,0.36,13945.47,True
2024-07-15,2024-07-15 08:30:00,2024-07-15 09:00:00,2024-07-15 15:00:00,TICKER_1258.JP,2614.06,2572.79,-1.382,-1.679,-65111.93,False
2024-07-15,2024-07-15 08:30:00,2024-07-15 09:00:00,2024-07-15 15:00:00,TICKER_1295.JP,2707.99,2724.29,0.804,0.502,19479.8,True
2024-07-15,2024-07-15 08:30:00,2024-07-15 09:00:00,2024-07-15 15:00:00,TICKER_1332.JP,2788.82,2834.18,1.83,1.527,59219.92,True
2024-07-16,2024-07-16 08:30:00,2024-07-16 09:00:00,2024-07-16 15:00:00,TICKER_0602.JP,1618.32,1670.76,3.447,3.14,122891.35,True
2024-07-16,2024-07-16 08:30:00,2024-07-16 09:00:00,2024-07-16 15:00:00,TICKER_0639.JP,1710.79,1711.76,0.257,-0.043,-1700.27,False
2024-07-16,2024-07-16 08:30:00,2024-07-16 09:00:00,2024-07-16 15:00:00,TICKER_0676.JP,1759.09,1745.98,-0.546,-0.845,-33065.95,False
2024-07-16,2024-07-16 08:30:00,2024-07-16 09:00:00,2024-07-16 15:00:00,TICKER_0713.JP,1873.14,1859.25,-0.543,-0.842,-32935.64,False
2024-07-16,2024-07-16 08:30:00,2024-07-16 09:00:00,2024-07-16 15:00:00,TICKER_0750.JP,1958.85,1939.39,-0.795,-1.093,-42784.64,False
2024-07-16,2024-07-16 08:30:00,2024-07-16 09:00:00,2024-07-16 15:00:00,TICKER_0787.JP,2075.66,2146.03,3.597,3.29,128749.29,True
2024-07-16,2024-07-16 08:30:00,2024-07-16 09:00:00,2024-07-16 15:00:00,TICKER_0824.JP,2100.4,2153.55,2.736,2.431,95119.6,True
2024-07-16,2024-07-16 08:30:00,2024-07-16 09:00:00,2024-07-16 15:00:00,TICKER_0861.JP,2199.35,2238.62,1.989,1.686,65961.14,True
2024-07-16,2024-07-16 08:30:00,2024-07-16 09:00:00,2024-07-16 15:00:00,TICKER_0898.JP,2259.14,2314.86,2.672,2.367,92612.59,True
2024-07-16,2024-07-16 08:30:00,2024-07-16 09:00:00,2024-07-16 15:00:00,TICKER_0935.JP,2325.62,2368.83,2.062,1.758,68785.76,True
2024-07-17,2024-07-17 08:30:00,2024-07-17 09:00:00,2024-07-17 15:00:00,TICKER_0414.JP,1932.02,1977.16,2.541,2.236,88501.24,True
2024-07-17,2024-07-17 08:30:00,2024-07-17 09:00:00,2024-07-17 15:00:00,TICKER_0451.JP,2030.61,2044.69,0.895,0.594,23490.75,True
2024-07-17,2024-07-17 08:30:00,2024-07-17 09:00:00,2024-07-17 15:00:00,TICKER_0488.JP,2105.65,2179.44,3.711,3.404,134708.62,True
2024-07-17,2024-07-17 08:30:00,2024-07-17 09:00:00,2024-07-17 15:00:00,TICKER_0525.JP,2205.93,2250.97,2.246,1.941,76827.32,True
2024-07-17,2024-07-17 08:30:00,2024-07-17 09:00:00,2024-07-17 15:00:00,TICKER_0562.JP,2271.77,2255.78,-0.505,-0.804,-31806.03,False
2024-07-17,2024-07-17 08:30:00,2024-07-17 09:00:00,2024-07-17 15:00:00,TICKER_0599.JP,2317.98,2368.88,2.401,2.096,82943.75,True
2024-07-17,2024-07-17 08:30:00,2024-07-17 09:00:00,2024-07-17 15:00:00,TICKER_0636.JP,2461.4,2490.19,1.372,1.07,42326.11,True
2024-07-17,2024-07-17 08:30:00,2024-07-17 09:00:00,2024-07-17 15:00:00,TICKER_0673.JP,2514.29,2495.71,-0.54,-0.839,-33200.02,False
2024-07-17,2024-07-17 08:30:00,2024-07-17 09:00:00,2024-07-17 15:00:00,TICKER_0710.JP,2638.03,2704.91,2.741,2.435,96377.68,True
2024-07-17,2024-07-17 08:30:00,2024-07-17 09:00:00,2024-07-17 15:00:00,TICKER_0747.JP,2686.69,2702.2,0.778,0.477,18874.23,True
2024-07-18,2024-07-18 08:30:00,2024-07-18 09:00:00,2024-07-18 15:00:00,TICKER_0956.JP,1958.53,2067.67,5.784,5.473,219162.7,True
2024-07-18,2024-07-18 08:30:00,2024-07-18 09:00:00,2024-07-18 15:00:00,TICKER_0993.JP,2035.38,2063.27,1.573,1.27,50871.59,True
2024-07-18,2024-07-18 08:30:00,2024-07-18 09:00:00,2024-07-18 15:00:00,TICKER_1030.JP,2172.55,2159.6,-0.397,-0.696,-27879.06,False
2024-07-18,2024-07-18 08:30:00,2024-07-18 09:00:00,2024-07-18 15:00:00,TICKER_1067.JP,2232.49,2233.14,0.23,-0.071,-2830.84,False
2024-07-18,2024-07-18 08:30:00,2024-07-18 09:00:00,2024-07-18 15:00:00,TICKER_1104.JP,2303.87,2408.43,4.748,4.438,177738.81,True
2024-07-18,2024-07-18 08:30:00,2024-07-18 09:00:00,2024-07-18 15:00:00,TICKER_1141.JP,2381.65,2493.38,4.901,4.591,183871.8,True
2024-07-18,2024-07-18 08:30:00,2024-07-18 09:00:00,2024-07-18 15:00:00,TICKER_1178.JP,2512.94,2534.51,1.06,0.758,30373.34,True
2024-07-18,2024-07-18 08:30:00,2024-07-18 09:00:00,2024-07-18 15:00:00,TICKER_1215.JP,2569.91,2609.08,1.727,1.424,57034.5,True
2024-07-18,2024-07-18 08:30:00,2024-07-18 09:00:00,2024-07-18 15:00:00,TICKER_1252.JP,2712.34,2726.87,0.737,0.436,17449.27,True
2024-07-18,2024-07-18 08:30:00,2024-07-18 09:00:00,2024-07-18 15:00:00,TICKER_1289.JP,2744.58,2703.83,-1.287,-1.585,-63460.61,False
2024-07-19,2024-07-19 08:30:00,2024-07-19 09:00:00,2024-07-19 15:00:00,TICKER_0755.JP,1764.2,1807.32,2.649,2.344,95301.71,True
2024-07-19,2024-07-19 08:30:00,2024-07-19 09:00:00,2024-07-19 15:00:00,TICKER_0792.JP,1851.9,1928.56,4.348,4.04,164231.76,True
2024-07-19,2024-07-19 08:30:00,2024-07-19 09:00:00,2024-07-19 15:00:00,TICKER_0829.JP,1946.08,1992.15,2.572,2.267,92163.75,True
2024-07-19,2024-07-19 08:30:00,2024-07-19 09:00:00,2024-07-19 15:00:00,TICKER_0866.JP,2009.06,2042.64,1.875,1.571,63885.26,True
2024-07-19,2024-07-19 08:30:00,2024-07-19 09:00:00,2024-07-19 15:00:00,TICKER_0903.JP,2123.75,2227.43,5.092,4.782,194413.58,True
2024-07-19,2024-07-19 08:30:00,2024-07-19 09:00:00,2024-07-19 15:00:00,TICKER_0940.JP,2190.99,2260.08,3.36,3.053,124137.03,True
2024-07-19,2024-07-19 08:30:00,2024-07-19 09:00:00,2024-07-19 15:00:00,TICKER_0977.JP,2256.73,2327.74,3.353,3.046,123854.94,True
2024-07-19,2024-07-19 08:30:00,2024-07-19 09:00:00,2024-07-19 15:00:00,TICKER_1014.JP,2315.9,2377.73,2.875,2.57,104472.4,True
2024-07-19,2024-07-19 08:30:00,2024-07-19 09:00:00,2024-07-19 15:00:00,TICKER_1051.JP,2500.72,2507.49,0.472,0.171,6943.85,True
2024-07-19,2024-07-19 08:30:00,2024-07-19 09:00:00,2024-07-19 15:00:00,TICKER_1088.JP,2542.86,2613.02,2.965,2.659,108115.87,True
2024-07-22,2024-07-22 08:30:00,2024-07-22 09:00:00,2024-07-22 15:00:00,TICKER_0007.JP,1521.84,1462.1,-3.733,-4.026,-167794.18,False
2024-07-22,2024-07-22 08:30:00,2024-07-22 09:00:00,2024-07-22 15:00:00,TICKER_0044.JP,1579.69,1572.53,-0.254,-0.553,-23065.5,False
2024-07-22,2024-07-22 08:30:00,2024-07-22 09:00:00,2024-07-22 15:00:00,TICKER_0081.JP,1674.75,1718.16,2.797,2.492,103860.36,True
2024-07-22,2024-07-22 08:30:00,2024-07-22 09:00:00,2024-07-22 15:00:00,TICKER_0118.JP,1772.09,1820.36,2.929,2.624,109358.53,True
2024-07-22,2024-07-22 08:30:00,2024-07-22 09:00:00,2024-07-22 15:00:00,TICKER_0155.JP,1850.97,1888.71,2.243,1.939,80815.45,True
2024-07-22,2024-07-22 08:30:00,2024-07-22 09:00:00,2024-07-22 15:00:00,TICKER_0192.JP,1956.49,2006.84,2.779,2.473,103087.61,True
2024-07-22,2024-07-22 08:30:00,2024-07-22 09:00:00,2024-07-22 15:00:00,TICKER_0229.JP,2001.87,2005.55,0.385,0.084,3499.31,True
2024-07-22,2024-07-22 08:30:00,2024-07-22 09:00:00,2024-07-22 15:00:00,TICKER_0266.JP,2099.05,2093.66,-0.057,-0.356,-14856.27,False
2024-07-22,2024-07-22 08:30:00,2024-07-22 09:00:00,2024-07-22 15:00:00,TICKER_0303.JP,2199.67,2184.22,-0.503,-0.802,-33431.61,False
2024-07-22,2024-07-22 08:30:00,2024-07-22 09:00:00,2024-07-22 15:00:00,TICKER_0340.JP,2267.47,2331.02,3.009,2.703,112650.94,True
2024-07-23,2024-07-23 08:30:00,2024-07-23 09:00:00,2024-07-23 15:00:00,TICKER_0183.JP,1693.98,1681.64,-0.53,-0.829,-34759.95,False
2024-07-23,2024-07-23 08:30:00,2024-07-23 09:00:00,2024-07-23 15:00:00,TICKER_0220.JP,1749.34,1854.12,6.202,5.89,247032.13,True
2024-07-23,2024-07-23 08:30:00,2024-07-23 09:00:00,2024-07-23 15:00:00,TICKER_0257.JP,1865.44,1915.51,2.89,2.584,108375.31,True
2024-07-23,2024-07-23 08:30:00,2024-07-23 09:00:00,2024-07-23 15:00:00,TICKER_0294.JP,1945.36,1995.53,2.784,2.479,103966.43,True
2024-07-23,2024-07-23 08:30:00,2024-07-23 09:00:00,2024-07-23 15:00:00,TICKER_0331.JP,2038.24,2015.3,-0.927,-1.225,-51384.02,False
2024-07-23,2024-07-23 08:30:00,2024-07-23 09:00:00,2024-07-23 15:00:00,TICKER_0368.JP,2114.48,2124.5,0.675,0.374,15682.48,True
2024-07-23,2024-07-23 08:30:00,2024-07-23 09:00:00,2024-07-23 15:00:00,TICKER_0405.JP,2191.8,2233.98,2.129,1.825,76526.14,True
2024-07-23,2024-07-23 08:30:00,2024-07-23 09:00:00,2024-07-23 15:00:00,TICKER_0442.JP,2266.85,2274.04,0.518,0.217,9106.93,True
2024-07-23,2024-07-23 08:30:00,2024-07-23 09:00:00,2024-07-23 15:00:00,TICKER_0479.JP,2392.6,2426.13,1.604,1.301,54583.68,True
2024-07-23,2024-07-23 08:30:00,2024-07-23 09:00:00,2024-07-23 15:00:00,TICKER_0516.JP,2447.53,2453.51,0.445,0.145,6068.54,True
2024-07-24,2024-07-24 08:30:00,2024-07-24 09:00:00,2024-07-24 15:00:00,TICKER_0724.JP,1749.39,1801.8,3.202,2.896,122925.07,True
2024-07-24,2024-07-24 08:30:00,2024-07-24 09:00:00,2024-07-24 15:00:00,TICKER_0761.JP,1812.13,1856.75,2.667,2.362,100279.41,True
2024-07-24,2024-07-24 08:30:00,2024-07-24 09:00:00,2024-07-24 15:00:00,TICKER_0798.JP,1895.51,1902.2,0.553,0.253,10719.69,True
2024-07-24,2024-07-24 08:30:00,2024-07-24 09:00:00,2024-07-24 15:00:00,TICKER_0835.JP,1972.11,1975.64,0.38,0.079,3358.12,True
2024-07-24,2024-07-24 08:30:00,2024-07-24 09:00:00,2024-07-24 15:00:00,TICKER_0872.JP,2065.6,2063.84,0.115,-0.185,-7860.63,False
2024-07-24,2024-07-24 08:30:00,2024-07-24 09:00:00,2024-07-24 15:00:00,TICKER_0909.JP,2161.09,2171.67,0.691,0.389,16531.3,True
2024-07-24,2024-07-24 08:30:00,2024-07-24 09:00:00,2024-07-24 15:00:00,TICKER_0946.JP,2289.4,2251.68,-1.451,-1.748,-74185.47,False
2024-07-24,2024-07-24 08:30:00,2024-07-24 09:00:00,2024-07-24 15:00:00,TICKER_0983.JP,2329.33,2439.68,4.947,4.637,196855.1,True
2024-07-24,2024-07-24 08:30:00,2024-07-24 09:00:00,2024-07-24 15:00:00,TICKER_1020.JP,2361.58,2338.23,-0.791,-1.089,-46215.69,False
2024-07-24,2024-07-24 08:30:00,2024-07-24 09:00:00,2024-07-24 15:00:00,TICKER_1057.JP,2500.64,2548.94,2.136,1.832,77746.13,True
2024-07-25,2024-07-25 08:30:00,2024-07-25 09:00:00,2024-07-25 15:00:00,TICKER_0500.JP,1995.1,1995.37,0.214,-0.086,-3704.33,False
2024-07-25,2024-07-25 08:30:00,2024-07-25 09:00:00,2024-07-25 15:00:00,TICKER_0537.JP,2095.82,2149.91,2.786,2.481,106240.53,True
2024-07-25,2024-07-25 08:30:00,2024-07-25 09:00:00,2024-07-25 15:00:00,TICKER_0574.JP,2146.1,2182.34,1.892,1.588,68023.11,True
2024-07-25,2024-07-25 08:30:00,2024-07-25 09:00:00,2024-07-25 15:00:00,TICKER_0611.JP,2261.15,2369.33,4.994,4.684,200622.83,True
2024-07-25,2024-07-25 08:30:00,2024-07-25 09:00:00,2024-07-25 15:00:00,TICKER_0648.JP,2327.63,2325.16,0.094,-0.206,-8814.52,False
2024-07-25,2024-07-25 08:30:00,2024-07-25 09:00:00,2024-07-25 15:00:00,TICKER_0685.JP,2466.02,2516.42,2.248,1.944,83245.78,True
2024-07-25,2024-07-25 08:30:00,2024-07-25 09:00:00,2024-07-25 15:00:00,TICKER_0722.JP,2524.1,2607.95,3.529,3.222,137990.53,True
2024-07-25,2024-07-25 08:30:00,2024-07-25 09:00:00,2024-07-25 15:00:00,TICKER_0759.JP,2620.64,2739.44,4.743,4.433,189871.54,True
2024-07-25,2024-07-25 08:30:00,2024-07-25 09:00:00,2024-07-25 15:00:00,TICKER_0796.JP,2687.34,2671.04,-0.408,-0.707,-30274.08,False
2024-07-25,2024-07-25 08:30:00,2024-07-25 09:00:00,2024-07-25 15:00:00,TICKER_0833.JP,2759.6,2889.28,4.909,4.599,196982.59,True
2024-07-26,2024-07-26 08:30:00,2024-07-26 09:00:00,2024-07-26 15:00:00,TICKER_0280.JP,1793.24,1828.99,2.198,1.893,82786.76,True
2024-07-26,2024-07-26 08:30:00,2024-07-26 09:00:00,2024-07-26 15:00:00,TICKER_0317.JP,1875.88,1904.86,1.748,1.445,63171.22,True
2024-07-26,2024-07-26 08:30:00,2024-07-26 09:00:00,2024-07-26 15:00:00,TICKER_0354.JP,1986.04,1965.39,-0.842,-1.14,-49835.79,False
2024-07-26,2024-07-26 08:30:00,2024-07-26 09:00:00,2024-07-26 15:00:00,TICKER_0391.JP,2045.3,2122.29,3.972,3.664,160192.14,True
2024-07-26,2024-07-26 08:30:00,2024-07-26 09:00:00,2024-07-26 15:00:00,TICKER_0428.JP,2159.98,2205.43,2.309,2.004,87636.8,True
2024-07-26,2024-07-26 08:30:00,2024-07-26 09:00:00,2024-07-26 15:00:00,TICKER_0465.JP,2229.5,2283.31,2.619,2.314,101167.52,True
2024-07-26,2024-07-26 08:30:00,2024-07-26 09:00:00,2024-07-26 15:00:00,TICKER_0502.JP,2325.73,2345.73,1.062,0.76,33223.65,True
2024-07-26,2024-07-26 08:30:00,2024-07-26 09:00:00,2024-07-26 15:00:00,TICKER_0539.JP,2361.1,2454.34,4.157,3.849,168295.58,True
2024-07-26,2024-07-26 08:30:00,2024-07-26 09:00:00,2024-07-26 15:00:00,TICKER_0576.JP,2492.88,2596.13,4.35,4.042,176717.91,True
2024-07-26,2024-07-26 08:30:00,2024-07-26 09:00:00,2024-07-26 15:00:00,TICKER_0613.JP,2588.84,2603.91,0.784,0.482,21091.35,True
2024-07-29,2024-07-29 08:30:00,2024-07-29 09:00:00,2024-07-29 15:00:00,TICKER_0796.JP,1795.5,1798.49,0.367,0.066,2952.16,True
2024-07-29,2024-07-29 08:30:00,2024-07-29 09:00:00,2024-07-29 15:00:00,TICKER_0833.JP,1926.05,1979.58,2.985,2.679,119279.36,True
2024-07-29,2024-07-29 08:30:00,2024-07-29 09:00:00,2024-07-29 15:00:00,TICKER_0870.JP,1956.37,2035.73,4.265,3.956,176155.34,True
2024-07-29,2024-07-29 08:30:00,2024-07-29 09:00:00,2024-07-29 15:00:00,TICKER_0907.JP,2072.12,2108.54,1.961,1.658,73803.16,True
2024-07-29,2024-07-29 08:30:00,2024-07-29 09:00:00,2024-07-29 15:00:00,TICKER_0944.JP,2134.93,2157.56,1.262,0.96,42737.64,True
2024-07-29,2024-07-29 08:30:00,2024-07-29 09:00:00,2024-07-29 15:00:00,TICKER_0981.JP,2240.45,2229.95,-0.269,-0.569,-25319.89,False
2024-07-29,2024-07-29 08:30:00,2024-07-29 09:00:00,2024-07-29 15:00:00,TICKER_1018.JP,2311.9,2297.99,-0.403,-0.702,-31241.24,False
2024-07-29,2024-07-29 08:30:00,2024-07-29 09:00:00,2024-07-29 15:00:00,TICKER_1055.JP,2391.21,2334.85,-2.161,-2.457,-109387.72,False
2024-07-29,2024-07-29 08:30:00,2024-07-29 09:00:00,2024-07-29 15:00:00,TICKER_1092.JP,2490.8,2565.07,3.188,2.882,128316.75,True
2024-07-29,2024-07-29 08:30:00,2024-07-29 09:00:00,2024-07-29 15:00:00,TICKER_1129.JP,2616.1,2548.84,-2.376,-2.671,-118933.13,False
2024-07-30,2024-07-30 08:30:00,2024-07-30 09:00:00,2024-07-30 15:00:00,TICKER_0894.JP,1901.04,1923.23,1.37,1.068,47794.4,True
2024-07-30,2024-07-30 08:30:00,2024-07-30 09:00:00,2024-07-30 15:00:00,TICKER_0931.JP,1959.09,1985.23,1.537,1.235,55272.19,True
2024-07-30,2024-07-30 08:30:00,2024-07-30 09:00:00,2024-07-30 15:00:00,TICKER_0968.JP,2059.73,2119.34,3.1,2.794,125092.25,True
2024-07-30,2024-07-30 08:30:00,2024-07-30 09:00:00,2024-07-30 15:00:00,TICKER_1005.JP,2150.42,2258.49,5.236,4.926,220517.78,True
2024-07-30,2024-07-30 08:30:00,2024-07-30 09:00:00,2024-07-30 15:00:00,TICKER_1042.JP,2244.25,2282.4,1.903,1.6,71613.96,True
2024-07-30,2024-07-30 08:30:00,2024-07-30 09:00:00,2024-07-30 15:00:00,TICKER_1079.JP,2315.31,2398.4,3.796,3.489,156182.16,True
2024-07-30,2024-07-30 08:30:00,2024-07-30 09:00:00,2024-07-30 15:00:00,TICKER_1116.JP,2414.88,2476.73,2.766,2.461,110184.66,True
2024-07-30,2024-07-30 08:30:00,2024-07-30 09:00:00,2024-07-30 15:00:00,TICKER_1153.JP,2479.69,2530.16,2.24,1.935,86645.07,True
2024-07-30,2024-07-30 08:30:00,2024-07-30 09:00:00,2024-07-30 15:00:00,TICKER_1190.JP,2601.04,2664.83,2.658,2.353,105327.41,True
2024-07-30,2024-07-30 08:30:00,2024-07-30 09:00:00,2024-07-30 15:00:00,TICKER_1227.JP,2648.85,2645.28,0.065,-0.235,-10500.97,False
2024-07-31,2024-07-31 08:30:00,2024-07-31 09:00:00,2024-07-31 15:00:00,TICKER_0686.JP,1678.38,1679.11,0.244,-0.056,-2574.89,False
2024-07-31,2024-07-31 08:30:00,2024-07-31 09:00:00,2024-07-31 15:00:00,TICKER_0723.JP,1784.19,1805.29,1.385,1.083,49465.22,True
2024-07-31,2024-07-31 08:30:00,2024-07-31 09:00:00,2024-07-31 15:00:00,TICKER_0760.JP,1843.73,1896.31,3.058,2.752,125729.62,True
2024-07-31,2024-07-31 08:30:00,2024-07-31 09:00:00,2024-07-31 15:00:00,TICKER_0797.JP,1952.75,1974.88,1.336,1.033,47215.35,True
2024-07-31,2024-07-31 08:30:00,2024-07-31 09:00:00,2024-07-31 15:00:00,TICKER_0834.JP,2027.69,2093.61,3.458,3.151,143987.36,True
2024-07-31,2024-07-31 08:30:00,2024-07-31 09:00:00,2024-07-31 15:00:00,TICKER_0871.JP,2135.97,2123.97,-0.363,-0.662,-30237.49,False
2024-07-31,2024-07-31 08:30:00,2024-07-31 09:00:00,2024-07-31 15:00:00,TICKER_0908.JP,2182.66,2236.91,2.691,2.386,108993.35,True
2024-07-31,2024-07-31 08:30:00,2024-07-31 09:00:00,2024-07-31 15:00:00,TICKER_0945.JP,2300.99,2302.05,0.246,-0.054,-2470.21,False
2024-07-31,2024-07-31 08:30:00,2024-07-31 09:00:00,2024-07-31 15:00:00,TICKER_0982.JP,2378.09,2414.4,1.73,1.427,65206.99,True
2024-07-31,2024-07-31 08:30:00,2024-07-31 09:00:00,2024-07-31 15:00:00,TICKER_1019.JP,2484.44,2488.41,0.36,0.06,2726.73,True
2024-08-01,2024-08-01 08:30:00,2024-08-01 09:00:00,2024-08-01 15:00:00,TICKER_0721.JP,1722.29,1776.42,3.349,3.043,140501.27,True
2024-08-01,2024-08-01 08:30:00,2024-08-01 09:00:00,2024-08-01 15:00:00,TICKER_0758.JP,1801.0,1819.95,1.254,0.952,43962.47,True
2024-08-01,2024-08-01 08:30:00,2024-08-01 09:00:00,2024-08-01 15:00:00,TICKER_0795.JP,1894.27,1929.53,2.065,1.761,81318.52,True
2024-08-01,2024-08-01 08:30:00,2024-08-01 09:00:00,2024-08-01 15:00:00,TICKER_0832.JP,1996.35,1970.76,-1.085,-1.382,-63818.94,False
2024-08-01,2024-08-01 08:30:00,2024-08-01 09:00:00,2024-08-01 15:00:00,TICKER_0869.JP,2077.47,2030.04,-2.087,-2.383,-110026.15,False
2024-08-01,2024-08-01 08:30:00,2024-08-01 09:00:00,2024-08-01 15:00:00,TICKER_0906.JP,2153.69,2141.52,-0.366,-0.665,-30719.23,False
2024-08-01,2024-08-01 08:30:00,2024-08-01 09:00:00,2024-08-01 15:00:00,TICKER_0943.JP,2238.09,2188.21,-2.033,-2.329,-107513.19,False
2024-08-01,2024-08-01 08:30:00,2024-08-01 09:00:00,2024-08-01 15:00:00,TICKER_0980.JP,2360.7,2379.93,1.016,0.715,32992.95,True
2024-08-01,2024-08-01 08:30:00,2024-08-01 09:00:00,2024-08-01 15:00:00,TICKER_1017.JP,2414.29,2404.19,-0.219,-0.518,-23930.13,False
2024-08-01,2024-08-01 08:30:00,2024-08-01 09:00:00,2024-08-01 15:00:00,TICKER_1054.JP,2494.81,2526.27,1.464,1.161,53604.71,True
2024-08-02,2024-08-02 08:30:00,2024-08-02 09:00:00,2024-08-02 15:00:00,TICKER_0656.JP,1677.45,1670.53,-0.213,-0.512,-23667.15,False
2024-08-02,2024-08-02 08:30:00,2024-08-02 09:00:00,2024-08-02 15:00:00,TICKER_0693.JP,1764.0,1741.56,-1.075,-1.372,-63389.16,False
2024-08-02,2024-08-02 08:30:00,2024-08-02 09:00:00,2024-08-02 15:00:00,TICKER_0730.JP,1854.16,1923.21,3.932,3.624,167393.53,True
2024-08-02,2024-08-02 08:30:00,2024-08-02 09:00:00,2024-08-02 15:00:00,TICKER_0767.JP,1915.63,1953.49,2.181,1.876,86667.44,True
2024-08-02,2024-08-02 08:30:00,2024-08-02 09:00:00,2024-08-02 15:00:00,TICKER_0804.JP,2011.92,2083.35,3.758,3.451,159374.4,True
2024-08-02,2024-08-02 08:30:00,2024-08-02 09:00:00,2024-08-02 15:00:00,TICKER_0841.JP,2120.39,2070.4,-2.162,-2.458,-113512.23,False
2024-08-02,2024-08-02 08:30:00,2024-08-02 09:00:00,2024-08-02 15:00:00,TICKER_0878.JP,2208.99,2236.55,1.451,1.148,53015.84,True
2024-08-02,2024-08-02 08:30:00,2024-08-02 09:00:00,2024-08-02 15:00:00,TICKER_0915.JP,2278.2,2292.34,0.822,0.521,24047.34,True
2024-08-02,2024-08-02 08:30:00,2024-08-02 09:00:00,2024-08-02 15:00:00,TICKER_0952.JP,2323.63,2335.01,0.691,0.39,18004.4,True
2024-08-02,2024-08-02 08:30:00,2024-08-02 09:00:00,2024-08-02 15:00:00,TICKER_0989.JP,2481.86,2505.87,1.17,0.868,40068.41,True
2024-08-05,2024-08-05 08:30:00,2024-08-05 09:00:00,2024-08-05 15:00:00,TICKER_0373.JP,1868.86,1905.06,2.141,1.837,85470.0,True
2024-08-05,2024-08-05 08:30:00,2024-08-05 09:00:00,2024-08-05 15:00:00,TICKER_0410.JP,1939.63,1992.93,2.954,2.648,123172.23,True
2024-08-05,2024-08-05 08:30:00,2024-08-05 09:00:00,2024-08-05 15:00:00,TICKER_0447.JP,2056.03,2068.19,0.793,0.491,22850.96,True
2024-08-05,2024-08-05 08:30:00,2024-08-05 09:00:00,2024-08-05 15:00:00,TICKER_0484.JP,2156.83,2236.44,3.898,3.591,167043.11,True
2024-08-05,2024-08-05 08:30:00,2024-08-05 09:00:00,2024-08-05 15:00:00,TICKER_0521.JP,2220.85,2249.85,1.509,1.206,56090.73,True
2024-08-05,2024-08-05 08:30:00,2024-08-05 09:00:00,2024-08-05 15:00:00,TICKER_0558.JP,2338.31,2332.8,-0.036,-0.335,-15595.79,False
2024-08-05,2024-08-05 08:30:00,2024-08-05 09:00:00,2024-08-05 15:00:00,TICKER_0595.JP,2378.1,2458.77,3.599,3.292,153154.42,True
2024-08-05,2024-08-05 08:30:00,2024-08-05 09:00:00,2024-08-05 15:00:00,TICKER_0632.JP,2507.7,2530.3,1.103,0.801,37275.45,True
2024-08-05,2024-08-05 08:30:00,2024-08-05 09:00:00,2024-08-05 15:00:00,TICKER_0669.JP,2553.14,2624.22,2.99,2.684,124861.17,True
2024-08-05,2024-08-05 08:30:00,2024-08-05 09:00:00,2024-08-05 15:00:00,TICKER_0706.JP,2619.23,2612.62,-0.052,-0.352,-16376.97,False
2024-08-06,2024-08-06 08:30:00,2024-08-06 09:00:00,2024-08-06 15:00:00,TICKER_0413.JP,1932.43,1943.8,0.79,0.489,23070.13,True
2024-08-06,2024-08-06 08:30:00,2024-08-06 09:00:00,2024-08-06 15:00:00,TICKER_0450.JP,2034.05,2139.6,5.4,5.089,240298.28,True
2024-08-06,2024-08-06 08:30:00,2024-08-06 09:00:00,2024-08-06 15:00:00,TICKER_0487.JP,2122.94,2090.46,-1.333,-1.63,-76973.04,False
2024-08-06,2024-08-06 08:30:00,2024-08-06 09:00:00,2024-08-06 15:00:00,TICKER_0524.JP,2164.44,2285.68,5.813,5.501,259774.74,True
2024-08-06,2024-08-06 08:30:00,2024-08-06 09:00:00,2024-08-06 15:00:00,TICKER_0561.JP,2270.01,2314.3,2.155,1.851,87419.46,True
2024-08-06,2024-08-06 08:30:00,2024-08-06 09:00:00,2024-08-06 15:00:00,TICKER_0598.JP,2353.96,2443.2,3.999,3.691,174295.24,True
2024-08-06,2024-08-06 08:30:00,2024-08-06 09:00:00,2024-08-06 15:00:00,TICKER_0635.JP,2464.19,2430.62,-1.165,-1.463,-69058.81,False
2024-08-06,2024-08-06 08:30:00,2024-08-06 09:00:00,2024-08-06 15:00:00,TICKER_0672.JP,2494.78,2589.66,4.011,3.703,174851.64,True
2024-08-06,2024-08-06 08:30:00,2024-08-06 09:00:00,2024-08-06 15:00:00,TICKER_0709.JP,2604.29,2603.99,0.189,-0.111,-5262.79,False
2024-08-06,2024-08-06 08:30:00,2024-08-06 09:00:00,2024-08-06 15:00:00,TICKER_0746.JP,2727.78,2787.28,2.386,2.081,98284.7,True
2024-08-07,2024-08-07 08:30:00,2024-08-07 09:00:00,2024-08-07 15:00:00,TICKER_0780.JP,1781.5,1799.65,1.221,0.919,44173.74,True
2024-08-07,2024-08-07 08:30:00,2024-08-07 09:00:00,2024-08-07 15:00:00,TICKER_0817.JP,1837.92,1842.78,0.465,0.164,7904.1,True
2024-08-07,2024-08-07 08:30:00,2024-08-07 09:00:00,2024-08-07 15:00:00,TICKER_0854.JP,1966.22,1999.67,1.905,1.601,76974.0,True
2024-08-07,2024-08-07 08:30:00,2024-08-07 09:00:00,2024-08-07 15:00:00,TICKER_0891.JP,2027.42,2103.16,3.944,3.636,174834.06,True
2024-08-07,2024-08-07 08:30:00,2024-08-07 09:00:00,2024-08-07 15:00:00,TICKER_0928.JP,2139.5,2172.5,1.746,1.442,69348.13,True
2024-08-07,2024-08-07 08:30:00,2024-08-07 09:00:00,2024-08-07 15:00:00,TICKER_0965.JP,2223.75,2210.51,-0.397,-0.696,-33444.14,False
2024-08-07,2024-08-07 08:30:00,2024-08-07 09:00:00,2024-08-07 15:00:00,TICKER_1002.JP,2304.43,2288.47,-0.494,-0.793,-38113.87,False
2024-08-07,2024-08-07 08:30:00,2024-08-07 09:00:00,2024-08-07 15:00:00,TICKER_1039.JP,2441.5,2473.2,1.501,1.199,57629.61,True
2024-08-07,2024-08-07 08:30:00,2024-08-07 09:00:00,2024-08-07 15:00:00,TICKER_1076.JP,2452.5,2489.09,1.695,1.392,66922.79,True
2024-08-07,2024-08-07 08:30:00,2024-08-07 09:00:00,2024-08-07 15:00:00,TICKER_1113.JP,2560.63,2620.35,2.537,2.232,107326.05,True
2024-08-08,2024-08-08 08:30:00,2024-08-08 09:00:00,2024-08-08 15:00:00,TICKER_0941.JP,1962.3,2030.01,3.658,3.35,162789.32,True
2024-08-08,2024-08-08 08:30:00,2024-08-08 09:00:00,2024-08-08 15:00:00,TICKER_0978.JP,1983.71,1980.44,0.035,-0.265,-12878.26,False
2024-08-08,2024-08-08 08:30:00,2024-08-08 09:00:00,2024-08-08 15:00:00,TICKER_1015.JP,2114.39,2129.57,0.919,0.618,30015.0,True
2024-08-08,2024-08-08 08:30:00,2024-08-08 09:00:00,2024-08-08 15:00:00,TICKER_1052.JP,2241.86,2194.24,-1.928,-2.224,-108056.85,False
2024-08-08,2024-08-08 08:30:00,2024-08-08 09:00:00,2024-08-08 15:00:00,TICKER_1089.JP,2300.08,2275.97,-0.85,-1.148,-55781.27,False
2024-08-08,2024-08-08 08:30:00,2024-08-08 09:00:00,2024-08-08 15:00:00,TICKER_1126.JP,2366.55,2407.72,1.943,1.639,79658.48,True
2024-08-08,2024-08-08 08:30:00,2024-08-08 09:00:00,2024-08-08 15:00:00,TICKER_1163.JP,2477.21,2515.15,1.735,1.431,69551.46,True
2024-08-08,2024-08-08 08:30:00,2024-08-08 09:00:00,2024-08-08 15:00:00,TICKER_1200.JP,2547.01,2486.98,-2.162,-2.457,-119381.58,False
2024-08-08,2024-08-08 08:30:00,2024-08-08 09:00:00,2024-08-08 15:00:00,TICKER_1237.JP,2663.3,2733.26,2.832,2.527,122778.35,True
2024-08-08,2024-08-08 08:30:00,2024-08-08 09:00:00,2024-08-08 15:00:00,TICKER_1274.JP,2737.16,2840.36,3.978,3.67,178319.2,True
2024-08-09,2024-08-09 08:30:00,2024-08-09 09:00:00,2024-08-09 15:00:00,TICKER_0925.JP,1909.64,1936.34,1.601,1.298,63513.35,True
2024-08-09,2024-08-09 08:30:00,2024-08-09 09:00:00,2024-08-09 15:00:00,TICKER_0962.JP,2022.22,2017.82,-0.018,-0.318,-15535.41,False
2024-08-09,2024-08-09 08:30:00,2024-08-09 09:00:00,2024-08-09 15:00:00,TICKER_0999.JP,2118.31,2082.76,-1.481,-1.778,-86988.63,False
2024-08-09,2024-08-09 08:30:00,2024-08-09 09:00:00,2024-08-09 15:00:00,TICKER_1036.JP,2204.89,2284.06,3.798,3.491,170755.65,True
2024-08-09,2024-08-09 08:30:00,2024-08-09 09:00:00,2024-08-09 15:00:00,TICKER_1073.JP,2293.62,2299.23,0.445,0.144,7066.93,True
2024-08-09,2024-08-09 08:30:00,2024-08-09 09:00:00,2024-08-09 15:00:00,TICKER_1110.JP,2360.01,2355.26,-0.001,-0.301,-14727.56,False
2024-08-09,2024-08-09 08:30:00,2024-08-09 09:00:00,2024-08-09 15:00:00,TICKER_1147.JP,2479.86,2528.0,2.145,1.841,90072.8,True
2024-08-09,2024-08-09 08:30:00,2024-08-09 09:00:00,2024-08-09 15:00:00,TICKER_1184.JP,2486.29,2449.27,-1.292,-1.589,-77738.81,False
2024-08-09,2024-08-09 08:30:00,2024-08-09 09:00:00,2024-08-09 15:00:00,TICKER_1221.JP,2623.76,2673.96,2.117,1.813,88705.25,True
2024-08-09,2024-08-09 08:30:00,2024-08-09 09:00:00,2024-08-09 15:00:00,TICKER_1258.JP,2692.09,2676.75,-0.371,-0.67,-32763.6,False
2024-08-12,2024-08-12 08:30:00,2024-08-12 09:00:00,2024-08-12 15:00:00,TICKER_0799.JP,1827.07,1816.15,-0.398,-0.697,-34237.92,False
2024-08-12,2024-08-12 08:30:00,2024-08-12 09:00:00,2024-08-12 15:00:00,TICKER_0836.JP,1855.15,1876.62,1.36,1.057,51909.62,True
2024-08-12,2024-08-12 08:30:00,2024-08-12 09:00:00,2024-08-12 15:00:00,TICKER_0873.JP,2028.41,2039.81,0.763,0.462,22689.41,True
2024-08-12,2024-08-12 08:30:00,2024-08-12 09:00:00,2024-08-12 15:00:00,TICKER_0910.JP,2059.14,2071.09,0.782,0.48,23584.19,True
2024-08-12,2024-08-12 08:30:00,2024-08-12 09:00:00,2024-08-12 15:00:00,TICKER_0947.JP,2127.24,2071.33,-2.433,-2.728,-133956.16,False
2024-08-12,2024-08-12 08:30:00,2024-08-12 09:00:00,2024-08-12 15:00:00,TICKER_0984.JP,2219.5,2186.54,-1.288,-1.585,-77815.91,False
2024-08-12,2024-08-12 08:30:00,2024-08-12 09:00:00,2024-08-12 15:00:00,TICKER_1021.JP,2368.15,2474.91,4.718,4.408,216455.8,True
2024-08-12,2024-08-12 08:30:00,2024-08-12 09:00:00,2024-08-12 15:00:00,TICKER_1058.JP,2443.95,2537.28,4.027,3.719,182591.65,True
2024-08-12,2024-08-12 08:30:00,2024-08-12 09:00:00,2024-08-12 15:00:00,TICKER_1095.JP,2445.53,2484.51,1.797,1.494,73351.8,True
2024-08-12,2024-08-12 08:30:00,2024-08-12 09:00:00,2024-08-12 15:00:00,TICKER_1132.JP,2573.82,2593.83,0.979,0.678,33266.98,True
2024-08-13,2024-08-13 08:30:00,2024-08-13 09:00:00,2024-08-13 15:00:00,TICKER_0038.JP,1539.45,1552.54,1.052,0.75,37088.71,True
2024-08-13,2024-08-13 08:30:00,2024-08-13 09:00:00,2024-08-13 15:00:00,TICKER_0075.JP,1645.35,1677.97,2.187,1.882,93063.44,True
2024-08-13,2024-08-13 08:30:00,2024-08-13 09:00:00,2024-08-13 15:00:00,TICKER_0112.JP,1714.63,1642.81,-3.997,-4.289,-212052.52,False
2024-08-13,2024-08-13 08:30:00,2024-08-13 09:00:00,2024-08-13 15:00:00,TICKER_0149.JP,1814.41,1881.92,3.928,3.62,178993.38,True
2024-08-13,2024-08-13 08:30:00,2024-08-13 09:00:00,2024-08-13 15:00:00,TICKER_0186.JP,1922.12,1882.87,-1.846,-2.142,-105914.16,False
2024-08-13,2024-08-13 08:30:00,2024-08-13 09:00:00,2024-08-13 15:00:00,TICKER_0223.JP,1976.45,1983.01,0.532,0.231,11441.83,True
2024-08-13,2024-08-13 08:30:00,2024-08-13 09:00:00,2024-08-13 15:00:00,TICKER_0260.JP,2010.55,2047.41,2.037,1.733,85700.91,True
2024-08-13,2024-08-13 08:30:00,2024-08-13 09:00:00,2024-08-13 15:00:00,TICKER_0297.JP,2140.66,2157.92,1.008,0.706,34922.46,True
2024-08-13,2024-08-13 08:30:00,2024-08-13 09:00:00,2024-08-13 15:00:00,TICKER_0334.JP,2251.92,2209.67,-1.68,-1.976,-97705.75,False
2024-08-13,2024-08-13 08:30:00,2024-08-13 09:00:00,2024-08-13 15:00:00,TICKER_0371.JP,2331.29,2390.55,2.747,2.442,120725.74,True
2024-08-14,2024-08-14 08:30:00,2024-08-14 09:00:00,2024-08-14 15:00:00,TICKER_0532.JP,1550.52,1547.68,0.017,-0.283,-14033.26,False
2024-08-14,2024-08-14 08:30:00,2024-08-14 09:00:00,2024-08-14 15:00:00,TICKER_0569.JP,1648.37,1699.83,3.328,3.022,149827.04,True
2024-08-14,2024-08-14 08:30:00,2024-08-14 09:00:00,2024-08-14 15:00:00,TICKER_0606.JP,1688.77,1707.99,1.341,1.038,51477.86,True
2024-08-14,2024-08-14 08:30:00,2024-08-14 09:00:00,2024-08-14 15:00:00,TICKER_0643.JP,1810.77,1865.08,3.206,2.9,143754.59,True
2024-08-14,2024-08-14 08:30:00,2024-08-14 09:00:00,2024-08-14 15:00:00,TICKER_0680.JP,1884.82,1830.38,-2.694,-2.989,-148172.29,False
2024-08-14,2024-08-14 08:30:00,2024-08-14 09:00:00,2024-08-14 15:00:00,TICKER_0717.JP,1990.59,1995.99,0.472,0.171,8500.22,True
2024-08-14,2024-08-14 08:30:00,2024-08-14 09:00:00,2024-08-14 15:00:00,TICKER_0754.JP,2098.6,2190.55,4.591,4.282,212274.39,True
2024-08-14,2024-08-14 08:30:00,2024-08-14 09:00:00,2024-08-14 15:00:00,TICKER_0791.JP,2138.21,2129.89,-0.19,-0.489,-24245.23,False
2024-08-14,2024-08-14 08:30:00,2024-08-14 09:00:00,2024-08-14 15:00:00,TICKER_0828.JP,2199.9,2198.68,0.145,-0.155,-7704.21,False
2024-08-14,2024-08-14 08:30:00,2024-08-14 09:00:00,2024-08-14 15:00:00,TICKER_0865.JP,2271.73,2426.36,7.021,6.707,332515.9,True
2024-08-15,2024-08-15 08:30:00,2024-08-15 09:00:00,2024-08-15 15:00:00,TICKER_0106.JP,1637.69,1657.13,1.39,1.087,54637.47,True
2024-08-15,2024-08-15 08:30:00,2024-08-15 09:00:00,2024-08-15 15:00:00,TICKER_0143.JP,1701.34,1753.38,3.265,2.959,148687.53,True
2024-08-15,2024-08-15 08:30:00,2024-08-15 09:00:00,2024-08-15 15:00:00,TICKER_0180.JP,1793.45,1862.06,4.033,3.725,187187.56,True
2024-08-15,2024-08-15 08:30:00,2024-08-15 09:00:00,2024-08-15 15:00:00,TICKER_0217.JP,1883.82,1867.76,-0.654,-0.953,-47866.53,False
2024-08-15,2024-08-15 08:30:00,2024-08-15 09:00:00,2024-08-15 15:00:00,TICKER_0254.JP,1946.71,1976.43,1.73,1.427,71679.36,True
2024-08-15,2024-08-15 08:30:00,2024-08-15 09:00:00,2024-08-15 15:00:00,TICKER_0291.JP,2085.12,2056.89,-1.156,-1.454,-73059.22,False
2024-08-15,2024-08-15 08:30:00,2024-08-15 09:00:00,2024-08-15 15:00:00,TICKER_0328.JP,2125.94,2194.6,3.436,3.13,157255.94,True
2024-08-15,2024-08-15 08:30:00,2024-08-15 09:00:00,2024-08-15 15:00:00,TICKER_0365.JP,2183.52,2188.25,0.417,0.117,5855.96,True
2024-08-15,2024-08-15 08:30:00,2024-08-15 09:00:00,2024-08-15 15:00:00,TICKER_0402.JP,2306.32,2240.05,-2.679,-2.974,-149421.37,False
2024-08-15,2024-08-15 08:30:00,2024-08-15 09:00:00,2024-08-15 15:00:00,TICKER_0439.JP,2421.58,2384.92,-1.317,-1.614,-81087.35,False
2024-08-16,2024-08-16 08:30:00,2024-08-16 09:00:00,2024-08-16 15:00:00,TICKER_0787.JP,1801.16,1769.04,-1.587,-1.883,-95122.34,False
2024-08-16,2024-08-16 08:30:00,2024-08-16 09:00:00,2024-08-16 15:00:00,TICKER_0824.JP,1887.19,1869.5,-0.739,-1.037,-52387.01,False
2024-08-16,2024-08-16 08:30:00,2024-08-16 09:00:00,2024-08-16 15:00:00,TICKER_0861.JP,1950.4,1991.88,2.331,2.027,102361.21,True
2024-08-16,2024-08-16 08:30:00,2024-08-16 09:00:00,2024-08-16 15:00:00,TICKER_0898.JP,2021.45,2031.64,0.705,0.404,20402.3,True
2024-08-16,2024-08-16 08:30:00,2024-08-16 09:00:00,2024-08-16 15:00:00,TICKER_0935.JP,2176.63,2203.98,1.459,1.156,58412.58,True
2024-08-16,2024-08-16 08:30:00,2024-08-16 09:00:00,2024-08-16 15:00:00,TICKER_0972.JP,2203.39,2249.5,2.297,1.993,100640.09,True
2024-08-16,2024-08-16 08:30:00,2024-08-16 09:00:00,2024-08-16 15:00:00,TICKER_1009.JP,2309.77,2346.22,1.782,1.478,74663.87,True
2024-08-16,2024-08-16 08:30:00,2024-08-16 09:00:00,2024-08-16 15:00:00,TICKER_1046.JP,2343.37,2395.73,2.439,2.134,107805.88,True
2024-08-16,2024-08-16 08:30:00,2024-08-16 09:00:00,2024-08-16 15:00:00,TICKER_1083.JP,2445.6,2397.13,-1.786,-2.082,-105159.77,False
2024-08-16,2024-08-16 08:30:00,2024-08-16 09:00:00,2024-08-16 15:00:00,TICKER_1120.JP,2617.69,2709.13,3.7,3.393,171388.47,True
2024-08-19,2024-08-19 08:30:00,2024-08-19 09:00:00,2024-08-19 15:00:00,TICKER_0064.JP,1574.85,1588.55,1.072,0.77,39156.47,True
2024-08-19,2024-08-19 08:30:00,2024-08-19 09:00:00,2024-08-19 15:00:00,TICKER_0101.JP,1677.46,1693.46,1.156,0.854,43463.32,True
2024-08-19,2024-08-19 08:30:00,2024-08-19 09:00:00,2024-08-19 15:00:00,TICKER_0138.JP,1766.57,1751.72,-0.643,-0.941,-47874.58,False
2024-08-19,2024-08-19 08:30:00,2024-08-19 09:00:00,2024-08-19 15:00:00,TICKER_0175.JP,1835.31,1810.55,-1.152,-1.449,-73734.27,False
2024-08-19,2024-08-19 08:30:00,2024-08-19 09:00:00,2024-08-19 15:00:00,TICKER_0212.JP,1891.97,1908.87,1.095,0.793,40351.87,True
2024-08-19,2024-08-19 08:30:00,2024-08-19 09:00:00,2024-08-19 15:00:00,TICKER_0249.JP,2003.75,2017.93,0.909,0.608,30909.23,True
2024-08-19,2024-08-19 08:30:00,2024-08-19 09:00:00,2024-08-19 15:00:00,TICKER_0286.JP,2123.16,2182.56,3.003,2.697,137224.44,True
2024-08-19,2024-08-19 08:30:00,2024-08-19 09:00:00,2024-08-19 15:00:00,TICKER_0323.JP,2184.58,2168.09,-0.556,-0.855,-43493.41,False
2024-08-19,2024-08-19 08:30:00,2024-08-19 09:00:00,2024-08-19 15:00:00,TICKER_0360.JP,2262.46,2262.18,0.188,-0.113,-5727.23,False
2024-08-19,2024-08-19 08:30:00,2024-08-19 09:00:00,2024-08-19 15:00:00,TICKER_0397.JP,2339.26,2497.59,6.982,6.669,339241.06,True
2024-08-20,2024-08-20 08:30:00,2024-08-20 09:00:00,2024-08-20 15:00:00,TICKER_0587.JP,1594.33,1628.06,2.32,2.015,103410.72,True
2024-08-20,2024-08-20 08:30:00,2024-08-20 09:00:00,2024-08-20 15:00:00,TICKER_0624.JP,1692.31,1698.24,0.551,0.25,12846.41,True
2024-08-20,2024-08-20 08:30:00,2024-08-20 09:00:00,2024-08-20 15:00:00,TICKER_0661.JP,1767.49,1765.3,0.076,-0.223,-11467.31,False
2024-08-20,2024-08-20 08:30:00,2024-08-20 09:00:00,2024-08-20 15:00:00,TICKER_0698.JP,1865.71,1882.36,1.094,0.792,40635.69,True
2024-08-20,2024-08-20 08:30:00,2024-08-20 09:00:00,2024-08-20 15:00:00,TICKER_0735.JP,1953.93,2005.58,2.849,2.543,130498.76,True
2024-08-20,2024-08-20 08:30:00,2024-08-20 09:00:00,2024-08-20 15:00:00,TICKER_0772.JP,1998.82,2073.62,3.95,3.643,186896.04,True
2024-08-20,2024-08-20 08:30:00,2024-08-20 09:00:00,2024-08-20 15:00:00,TICKER_0809.JP,2085.47,2059.87,-1.03,-1.328,-68127.24,False
2024-08-20,2024-08-20 08:30:00,2024-08-20 09:00:00,2024-08-20 15:00:00,TICKER_0846.JP,2184.19,2214.8,1.604,1.301,66776.99,True
2024-08-20,2024-08-20 08:30:00,2024-08-20 09:00:00,2024-08-20 15:00:00,TICKER_0883.JP,2295.24,2296.65,0.262,-0.039,-1983.15,False
2024-08-20,2024-08-20 08:30:00,2024-08-20 09:00:00,2024-08-20 15:00:00,TICKER_0920.JP,2357.66,2371.88,0.805,0.503,25816.46,True
2024-08-21,2024-08-21 08:30:00,2024-08-21 09:00:00,2024-08-21 15:00:00,TICKER_0269.JP,1788.18,1845.24,3.398,3.091,160036.73,True
2024-08-21,2024-08-21 08:30:00,2024-08-21 09:00:00,2024-08-21 15:00:00,TICKER_0306.JP,1864.42,1925.13,3.463,3.156,163398.21,True
2024-08-21,2024-08-21 08:30:00,2024-08-21 09:00:00,2024-08-21 15:00:00,TICKER_0343.JP,1950.13,1916.58,-1.523,-1.82,-94232.59,False
2024-08-21,2024-08-21 08:30:00,2024-08-21 09:00:00,2024-08-21 15:00:00,TICKER_0380.JP,2079.59,2146.96,3.446,3.14,162543.53,True
2024-08-21,2024-08-21 08:30:00,2024-08-21 09:00:00,2024-08-21 15:00:00,TICKER_0417.JP,2133.37,2165.51,1.71,1.407,72818.44,True
2024-08-21,2024-08-21 08:30:00,2024-08-21 09:00:00,2024-08-21 15:00:00,TICKER_0454.JP,2223.47,2200.29,-0.845,-1.143,-59156.23,False
2024-08-21,2024-08-21 08:30:00,2024-08-21 09:00:00,2024-08-21 15:00:00,TICKER_0491.JP,2299.23,2275.27,-0.844,-1.142,-59113.11,False
2024-08-21,2024-08-21 08:30:00,2024-08-21 09:00:00,2024-08-21 15:00:00,TICKER_0528.JP,2368.59,2407.43,1.843,1.54,79723.31,True
2024-08-21,2024-08-21 08:30:00,2024-08-21 09:00:00,2024-08-21 15:00:00,TICKER_0565.JP,2421.11,2450.95,1.435,1.132,58624.28,True
2024-08-21,2024-08-21 08:30:00,2024-08-21 09:00:00,2024-08-21 15:00:00,TICKER_0602.JP,2509.32,2518.04,0.549,0.248,12818.66,True
2024-08-22,2024-08-22 08:30:00,2024-08-22 09:00:00,2024-08-22 15:00:00,TICKER_0341.JP,1883.54,1883.86,0.217,-0.083,-4329.48,False
2024-08-22,2024-08-22 08:30:00,2024-08-22 09:00:00,2024-08-22 15:00:00,TICKER_0378.JP,1916.02,1945.42,1.738,1.434,74933.63,True
2024-08-22,2024-08-22 08:30:00,2024-08-22 09:00:00,2024-08-22 15:00:00,TICKER_0415.JP,2050.25,2079.23,1.617,1.314,68620.73,True
2024-08-22,2024-08-22 08:30:00,2024-08-22 09:00:00,2024-08-22 15:00:00,TICKER_0452.JP,2089.96,2121.37,1.706,1.403,73287.26,True
2024-08-22,2024-08-22 08:30:00,2024-08-22 09:00:00,2024-08-22 15:00:00,TICKER_0489.JP,2193.91,2236.7,2.154,1.85,96667.29,True
2024-08-22,2024-08-22 08:30:00,2024-08-22 09:00:00,2024-08-22 15:00:00,TICKER_0526.JP,2278.99,2408.62,5.9,5.588,291937.49,True
2024-08-22,2024-08-22 08:30:00,2024-08-22 09:00:00,2024-08-22 15:00:00,TICKER_0563.JP,2346.27,2447.52,4.524,4.215,220210.67,True
2024-08-22,2024-08-22 08:30:00,2024-08-22 09:00:00,2024-08-22 15:00:00,TICKER_0600.JP,2454.32,2488.53,1.597,1.294,67588.36,True
2024-08-22,2024-08-22 08:30:00,2024-08-22 09:00:00,2024-08-22 15:00:00,TICKER_0637.JP,2570.79,2651.66,3.352,3.046,159110.41,True
2024-08-22,2024-08-22 08:30:00,2024-08-22 09:00:00,2024-08-22 15:00:00,TICKER_0674.JP,2614.1,2636.54,1.06,0.758,39620.26,True
2024-08-23,2024-08-23 08:30:00,2024-08-23 09:00:00,2024-08-23 15:00:00,TICKER_0407.JP,1902.17,1920.83,1.183,0.881,46926.42,True
2024-08-23,2024-08-23 08:30:00,2024-08-23 09:00:00,2024-08-23 15:00:00,TICKER_0444.JP,2016.83,2095.23,4.095,3.787,201763.42,True
2024-08-23,2024-08-23 08:30:00,2024-08-23 09:00:00,2024-08-23 15:00:00,TICKER_0481.JP,2075.06,2081.15,0.494,0.193,10292.04,True
2024-08-23,2024-08-23 08:30:00,2024-08-23 09:00:00,2024-08-23 15:00:00,TICKER_0518.JP,2136.51,2179.15,2.2,1.896,100984.03,True
2024-08-23,2024-08-23 08:30:00,2024-08-23 09:00:00,2024-08-23 15:00:00,TICKER_0555.JP,2261.68,2301.77,1.976,1.672,89099.09,True
2024-08-23,2024-08-23 08:30:00,2024-08-23 09:00:00,2024-08-23 15:00:00,TICKER_0592.JP,2323.21,2293.6,-1.077,-1.374,-73221.33,False
2024-08-23,2024-08-23 08:30:00,2024-08-23 09:00:00,2024-08-23 15:00:00,TICKER_0629.JP,2399.81,2462.13,2.802,2.497,133017.76,True
2024-08-23,2024-08-23 08:30:00,2024-08-23 09:00:00,2024-08-23 15:00:00,TICKER_0666.JP,2520.26,2575.86,2.411,2.106,112212.81,True
2024-08-23,2024-08-23 08:30:00,2024-08-23 09:00:00,2024-08-23 15:00:00,TICKER_0703.JP,2582.68,2692.04,4.443,4.134,220250.08,True
2024-08-23,2024-08-23 08:30:00,2024-08-23 09:00:00,2024-08-23 15:00:00,TICKER_0740.JP,2717.66,2794.26,3.024,2.719,144830.56,True
2024-08-26,2024-08-26 08:30:00,2024-08-26 09:00:00,2024-08-26 15:00:00,TICKER_0564.JP,1560.61,1516.35,-2.641,-2.936,-159160.59,False
2024-08-26,2024-08-26 08:30:00,2024-08-26 09:00:00,2024-08-26 15:00:00,TICKER_0601.JP,1657.19,1660.13,0.378,0.078,4205.3,True
2024-08-26,2024-08-26 08:30:00,2024-08-26 09:00:00,2024-08-26 15:00:00,TICKER_0638.JP,1767.05,1845.9,4.672,4.363,236509.15,True
2024-08-26,2024-08-26 08:30:00,2024-08-26 09:00:00,2024-08-26 15:00:00,TICKER_0675.JP,1810.22,1828.14,1.192,0.89,48250.34,True
2024-08-26,2024-08-26 08:30:00,2024-08-26 09:00:00,2024-08-26 15:00:00,TICKER_0712.JP,1891.22,1925.81,2.033,1.729,93740.35,True
2024-08-26,2024-08-26 08:30:00,2024-08-26 09:00:00,2024-08-26 15:00:00,TICKER_0749.JP,2012.97,2120.46,5.551,5.24,284055.9,True
2024-08-26,2024-08-26 08:30:00,2024-08-26 09:00:00,2024-08-26 15:00:00,TICKER_0786.JP,2076.06,2115.22,2.09,1.786,96833.92,True
2024-08-26,2024-08-26 08:30:00,2024-08-26 09:00:00,2024-08-26 15:00:00,TICKER_0823.JP,2195.41,2176.71,-0.653,-0.952,-51603.19,False
2024-08-26,2024-08-26 08:30:00,2024-08-26 09:00:00,2024-08-26 15:00:00,TICKER_0860.JP,2285.24,2319.74,1.713,1.409,76410.46,True
2024-08-26,2024-08-26 08:30:00,2024-08-26 09:00:00,2024-08-26 15:00:00,TICKER_0897.JP,2356.21,2385.57,1.449,1.146,62126.76,True
2024-08-27,2024-08-27 08:30:00,2024-08-27 09:00:00,2024-08-27 15:00:00,TICKER_0530.JP,1526.35,1554.03,2.017,1.713,94015.13,True
2024-08-27,2024-08-27 08:30:00,2024-08-27 09:00:00,2024-08-27 15:00:00,TICKER_0567.JP,1614.8,1554.87,-3.518,-3.811,-209120.75,False
2024-08-27,2024-08-27 08:30:00,2024-08-27 09:00:00,2024-08-27 15:00:00,TICKER_0604.JP,1727.93,1714.18,-0.597,-0.895,-49124.02,False
2024-08-27,2024-08-27 08:30:00,2024-08-27 09:00:00,2024-08-27 15:00:00,TICKER_0641.JP,1791.91,1839.36,2.853,2.548,139803.15,True
2024-08-27,2024-08-27 08:30:00,2024-08-27 09:00:00,2024-08-27 15:00:00,TICKER_0678.JP,1871.9,1885.65,0.936,0.635,34824.2,True
2024-08-27,2024-08-27 08:30:00,2024-08-27 09:00:00,2024-08-27 15:00:00,TICKER_0715.JP,1980.09,1977.44,0.066,-0.234,-12823.34,False
2024-08-27,2024-08-27 08:30:00,2024-08-27 09:00:00,2024-08-27 15:00:00,TICKER_0752.JP,2015.42,2074.85,3.155,2.849,156308.04,True
2024-08-27,2024-08-27 08:30:00,2024-08-27 09:00:00,2024-08-27 15:00:00,TICKER_0789.JP,2168.02,2219.46,2.578,2.273,124706.01,True
2024-08-27,2024-08-27 08:30:00,2024-08-27 09:00:00,2024-08-27 15:00:00,TICKER_0826.JP,2233.8,2230.98,0.073,-0.226,-12425.45,False
2024-08-27,2024-08-27 08:30:00,2024-08-27 09:00:00,2024-08-27 15:00:00,TICKER_0863.JP,2293.19,2373.17,3.695,3.388,185889.53,True
2024-08-28,2024-08-28 08:30:00,2024-08-28 09:00:00,2024-08-28 15:00:00,TICKER_0807.JP,1809.71,1827.86,1.205,0.903,49937.79,True
2024-08-28,2024-08-28 08:30:00,2024-08-28 09:00:00,2024-08-28 15:00:00,TICKER_0844.JP,1899.76,1958.55,3.301,2.995,165602.12,True
2024-08-28,2024-08-28 08:30:00,2024-08-28 09:00:00,2024-08-28 15:00:00,TICKER_0881.JP,2017.24,2049.45,1.8,1.497,82776.57,True
2024-08-28,2024-08-28 08:30:00,2024-08-28 09:00:00,2024-08-28 15:00:00,TICKER_0918.JP,2028.14,2024.98,0.044,-0.255,-14127.06,False
2024-08-28,2024-08-28 08:30:00,2024-08-28 09:00:00,2024-08-28 15:00:00,TICKER_0955.JP,2182.13,2250.02,3.318,3.011,166508.35,True
2024-08-28,2024-08-28 08:30:00,2024-08-28 09:00:00,2024-08-28 15:00:00,TICKER_0992.JP,2271.18,2298.02,1.384,1.082,59821.94,True
2024-08-28,2024-08-28 08:30:00,2024-08-28 09:00:00,2024-08-28 15:00:00,TICKER_1029.JP,2349.35,2346.91,0.096,-0.204,-11264.29,False
2024-08-28,2024-08-28 08:30:00,2024-08-28 09:00:00,2024-08-28 15:00:00,TICKER_1066.JP,2411.08,2444.97,1.609,1.306,72206.5,True
2024-08-28,2024-08-28 08:30:00,2024-08-28 09:00:00,2024-08-28 15:00:00,TICKER_1103.JP,2512.84,2545.42,1.499,1.197,66170.74,True
2024-08-28,2024-08-28 08:30:00,2024-08-28 09:00:00,2024-08-28 15:00:00,TICKER_1140.JP,2540.97,2517.01,-0.745,-1.043,-57669.07,False
2024-08-29,2024-08-29 08:30:00,2024-08-29 09:00:00,2024-08-29 15:00:00,TICKER_0407.JP,1947.81,1983.09,2.016,1.712,95599.55,True
2024-08-29,2024-08-29 08:30:00,2024-08-29 09:00:00,2024-08-29 15:00:00,TICKER_0444.JP,1974.42,1958.02,-0.632,-0.931,-51981.72,False
2024-08-29,2024-08-29 08:30:00,2024-08-29 09:00:00,2024-08-29 15:00:00,TICKER_0481.JP,2067.45,2015.11,-2.336,-2.631,-146954.9,False
2024-08-29,2024-08-29 08:30:00,2024-08-29 09:00:00,2024-08-29 15:00:00,TICKER_0518.JP,2184.81,2103.94,-3.509,-3.801,-212306.5,False
2024-08-29,2024-08-29 08:30:00,2024-08-29 09:00:00,2024-08-29 15:00:00,TICKER_0555.JP,2251.63,2234.79,-0.549,-0.848,-47346.08,False
2024-08-29,2024-08-29 08:30:00,2024-08-29 09:00:00,2024-08-29 15:00:00,TICKER_0592.JP,2381.08,2444.33,2.862,2.557,142782.07,True
2024-08-29,2024-08-29 08:30:00,2024-08-29 09:00:00,2024-08-29 15:00:00,TICKER_0629.JP,2421.63,2355.05,-2.555,-2.849,-159129.25,False
2024-08-29,2024-08-29 08:30:00,2024-08-29 09:00:00,2024-08-29 15:00:00,TICKER_0666.JP,2501.07,2504.84,0.351,0.051,2842.67,True
2024-08-29,2024-08-29 08:30:00,2024-08-29 09:00:00,2024-08-29 15:00:00,TICKER_0703.JP,2585.73,2666.74,3.339,3.033,169383.92,True
2024-08-29,2024-08-29 08:30:00,2024-08-29 09:00:00,2024-08-29 15:00:00,TICKER_0740.JP,2637.1,2751.96,4.564,4.255,237650.2,True
2024-08-30,2024-08-30 08:30:00,2024-08-30 09:00:00,2024-08-30 15:00:00,TICKER_0940.JP,1958.13,1993.9,2.031,1.727,96510.72,True
2024-08-30,2024-08-30 08:30:00,2024-08-30 09:00:00,2024-08-30 15:00:00,TICKER_0977.JP,2041.72,2065.42,1.363,1.061,59282.94,True
2024-08-30,2024-08-30 08:30:00,2024-08-30 09:00:00,2024-08-30 15:00:00,TICKER_1014.JP,2092.06,2100.53,0.606,0.305,17028.42,True
2024-08-30,2024-08-30 08:30:00,2024-08-30 09:00:00,2024-08-30 15:00:00,TICKER_1051.JP,2234.91,2197.86,-1.461,-1.758,-98229.21,False
2024-08-30,2024-08-30 08:30:00,2024-08-30 09:00:00,2024-08-30 15:00:00,TICKER_1088.JP,2275.85,2265.41,-0.26,-0.559,-31224.06,False
2024-08-30,2024-08-30 08:30:00,2024-08-30 09:00:00,2024-08-30 15:00:00,TICKER_1125.JP,2363.84,2416.31,2.424,2.12,118444.82,True
2024-08-30,2024-08-30 08:30:00,2024-08-30 09:00:00,2024-08-30 15:00:00,TICKER_1162.JP,2434.06,2450.89,0.893,0.591,33037.23,True
2024-08-30,2024-08-30 08:30:00,2024-08-30 09:00:00,2024-08-30 15:00:00,TICKER_1199.JP,2537.86,2609.84,3.042,2.736,152902.77,True
2024-08-30,2024-08-30 08:30:00,2024-08-30 09:00:00,2024-08-30 15:00:00,TICKER_1236.JP,2605.8,2608.71,0.312,0.012,642.62,True
2024-08-30,2024-08-30 08:30:00,2024-08-30 09:00:00,2024-08-30 15:00:00,TICKER_1273.JP,2701.74,2639.57,-2.106,-2.401,-134173.16,False
2024-09-02,2024-09-02 08:30:00,2024-09-02 09:00:00,2024-09-02 15:00:00,TICKER_0008.JP,1546.95,1520.44,-1.517,-1.814,-101706.45,False
2024-09-02,2024-09-02 08:30:00,2024-09-02 09:00:00,2024-09-02 15:00:00,TICKER_0045.JP,1595.64,1633.32,2.566,2.261,126793.97,True
2024-09-02,2024-09-02 08:30:00,2024-09-02 09:00:00,2024-09-02 15:00:00,TICKER_0082.JP,1694.26,1698.17,0.431,0.131,7326.27,True
2024-09-02,2024-09-02 08:30:00,2024-09-02 09:00:00,2024-09-02 15:00:00,TICKER_0119.JP,1770.8,1806.79,2.237,1.933,108381.37,True
2024-09-02,2024-09-02 08:30:00,2024-09-02 09:00:00,2024-09-02 15:00:00,TICKER_0156.JP,1869.35,1907.75,2.259,1.954,109603.74,True
2024-09-02,2024-09-02 08:30:00,2024-09-02 09:00:00,2024-09-02 15:00:00,TICKER_0193.JP,1945.86,1992.27,2.59,2.285,128127.24,True
2024-09-02,2024-09-02 08:30:00,2024-09-02 09:00:00,2024-09-02 15:00:00,TICKER_0230.JP,2027.32,1941.08,-4.062,-4.354,-244171.11,False
2024-09-02,2024-09-02 08:30:00,2024-09-02 09:00:00,2024-09-02 15:00:00,TICKER_0267.JP,2103.0,2152.47,2.557,2.252,126301.87,True
2024-09-02,2024-09-02 08:30:00,2024-09-02 09:00:00,2024-09-02 15:00:00,TICKER_0304.JP,2182.05,2274.48,4.445,4.136,231959.88,True
2024-09-02,2024-09-02 08:30:00,2024-09-02 09:00:00,2024-09-02 15:00:00,TICKER_0341.JP,2233.73,2219.65,-0.432,-0.73,-40967.18,False
2024-09-03,2024-09-03 08:30:00,2024-09-03 09:00:00,2024-09-03 15:00:00,TICKER_0599.JP,1607.76,1647.27,2.663,2.358,133240.18,True
2024-09-03,2024-09-03 08:30:00,2024-09-03 09:00:00,2024-09-03 15:00:00,TICKER_0636.JP,1671.4,1747.48,4.761,4.452,251583.91,True
2024-09-03,2024-09-03 08:30:00,2024-09-03 09:00:00,2024-09-03 15:00:00,TICKER_0673.JP,1782.45,1787.92,0.508,0.207,11689.87,True
2024-09-03,2024-09-03 08:30:00,2024-09-03 09:00:00,2024-09-03 15:00:00,TICKER_0710.JP,1851.49,1922.46,4.041,3.733,210951.11,True
2024-09-03,2024-09-03 08:30:00,2024-09-03 09:00:00,2024-09-03 15:00:00,TICKER_0747.JP,1976.56,2064.8,4.673,4.364,246628.0,True
2024-09-03,2024-09-03 08:30:00,2024-09-03 09:00:00,2024-09-03 15:00:00,TICKER_0784.JP,2001.69,2143.24,7.286,6.972,393982.68,True
2024-09-03,2024-09-03 08:30:00,2024-09-03 09:00:00,2024-09-03 15:00:00,TICKER_0821.JP,2137.49,2130.55,-0.125,-0.425,-23993.97,False
2024-09-03,2024-09-03 08:30:00,2024-09-03 09:00:00,2024-09-03 15:00:00,TICKER_0858.JP,2194.8,2191.78,0.062,-0.238,-13443.86,False
2024-09-03,2024-09-03 08:30:00,2024-09-03 09:00:00,2024-09-03 15:00:00,TICKER_0895.JP,2314.82,2412.43,4.425,4.116,232623.57,True
2024-09-03,2024-09-03 08:30:00,2024-09-03 09:00:00,2024-09-03 15:00:00,TICKER_0932.JP,2378.71,2450.36,3.218,2.912,164570.45,True
2024-09-04,2024-09-04 08:30:00,2024-09-04 09:00:00,2024-09-04 15:00:00,TICKER_0533.JP,1556.99,1615.22,3.948,3.64,211284.53,True
2024-09-04,2024-09-04 08:30:00,2024-09-04 09:00:00,2024-09-04 15:00:00,TICKER_0570.JP,1598.99,1698.5,6.436,6.123,355397.11,True
2024-09-04,2024-09-04 08:30:00,2024-09-04 09:00:00,2024-09-04 15:00:00,TICKER_0607.JP,1690.81,1646.78,-2.409,-2.704,-156932.45,False
2024-09-04,2024-09-04 08:30:00,2024-09-04 09:00:00,2024-09-04 15:00:00,TICKER_0644.JP,1815.86,1846.48,1.89,1.586,92056.05,True
2024-09-04,2024-09-04 08:30:00,2024-09-04 09:00:00,2024-09-04 15:00:00,TICKER_0681.JP,1877.54,1952.3,4.19,3.882,225295.28,True
2024-09-04,2024-09-04 08:30:00,2024-09-04 09:00:00,2024-09-04 15:00:00,TICKER_0718.JP,1976.44,1950.57,-1.112,-1.409,-81792.0,False
2024-09-04,2024-09-04 08:30:00,2024-09-04 09:00:00,2024-09-04 15:00:00,TICKER_0755.JP,2061.92,2079.67,1.063,0.761,44154.01,True
2024-09-04,2024-09-04 08:30:00,2024-09-04 09:00:00,2024-09-04 15:00:00,TICKER_0792.JP,2120.68,2163.47,2.222,1.918,111319.36,True
2024-09-04,2024-09-04 08:30:00,2024-09-04 09:00:00,2024-09-04 15:00:00,TICKER_0829.JP,2204.8,2282.33,3.723,3.416,198264.84,True
2024-09-04,2024-09-04 08:30:00,2024-09-04 09:00:00,2024-09-04 15:00:00,TICKER_0866.JP,2320.63,2458.27,6.143,5.831,338434.14,True
2024-09-05,2024-09-05 08:30:00,2024-09-05 09:00:00,2024-09-05 15:00:00,TICKER_0250.JP,1749.78,1782.53,2.075,1.772,105068.12,True
2024-09-05,2024-09-05 08:30:00,2024-09-05 09:00:00,2024-09-05 15:00:00,TICKER_0287.JP,1864.65,1888.15,1.463,1.16,68806.74,True
2024-09-05,2024-09-05 08:30:00,2024-09-05 09:00:00,2024-09-05 15:00:00,TICKER_0324.JP,1918.76,1864.51,-2.632,-2.927,-173597.85,False
2024-09-05,2024-09-05 08:30:00,2024-09-05 09:00:00,2024-09-05 15:00:00,TICKER_0361.JP,2051.33,2037.59,-0.471,-0.77,-45653.62,False
2024-09-05,2024-09-05 08:30:00,2024-09-05 09:00:00,2024-09-05 15:00:00,TICKER_0398.JP,2079.77,2114.05,1.852,1.549,91843.6,True
2024-09-05,2024-09-05 08:30:00,2024-09-05 09:00:00,2024-09-05 15:00:00,TICKER_0435.JP,2178.58,2285.31,5.109,4.799,284645.27,True
2024-09-05,2024-09-05 08:30:00,2024-09-05 09:00:00,2024-09-05 15:00:00,TICKER_0472.JP,2272.08,2229.61,-1.673,-1.969,-116796.68,False
2024-09-05,2024-09-05 08:30:00,2024-09-05 09:00:00,2024-09-05 15:00:00,TICKER_0509.JP,2407.72,2462.03,2.46,2.156,127851.23,True
2024-09-05,2024-09-05 08:30:00,2024-09-05 09:00:00,2024-09-05 15:00:00,TICKER_0546.JP,2449.48,2507.56,2.576,2.271,134705.18,True
2024-09-05,2024-09-05 08:30:00,2024-09-05 09:00:00,2024-09-05 15:00:00,TICKER_0583.JP,2533.23,2557.52,1.161,0.859,50936.14,True
2024-09-06,2024-09-06 08:30:00,2024-09-06 09:00:00,2024-09-06 15:00:00,TICKER_0543.JP,1550.41,1583.98,2.37,2.066,123544.44,True
2024-09-06,2024-09-06 08:30:00,2024-09-06 09:00:00,2024-09-06 15:00:00,TICKER_0580.JP,1614.21,1593.64,-1.077,-1.374,-82190.03,False
2024-09-06,2024-09-06 08:30:00,2024-09-06 09:00:00,2024-09-06 15:00:00,TICKER_0617.JP,1755.85,1716.45,-2.048,-2.344,-140199.11,False
2024-09-06,2024-09-06 08:30:00,2024-09-06 09:00:00,2024-09-06 15:00:00,TICKER_0654.JP,1813.72,1826.23,0.891,0.59,35272.91,True
2024-09-06,2024-09-06 08:30:00,2024-09-06 09:00:00,2024-09-06 15:00:00,TICKER_0691.JP,1890.81,1875.45,-0.614,-0.912,-54556.38,False
2024-09-06,2024-09-06 08:30:00,2024-09-06 09:00:00,2024-09-06 15:00:00,TICKER_0728.JP,1988.39,1954.87,-1.489,-1.785,-106788.74,False
2024-09-06,2024-09-06 08:30:00,2024-09-06 09:00:00,2024-09-06 15:00:00,TICKER_0765.JP,2065.18,2090.23,1.415,1.113,66551.49,True
2024-09-06,2024-09-06 08:30:00,2024-09-06 09:00:00,2024-09-06 15:00:00,TICKER_0802.JP,2168.84,2225.24,2.806,2.501,149570.9,True
2024-09-06,2024-09-06 08:30:00,2024-09-06 09:00:00,2024-09-06 15:00:00,TICKER_0839.JP,2207.5,2197.12,-0.271,-0.57,-34090.36,False
2024-09-06,2024-09-06 08:30:00,2024-09-06 09:00:00,2024-09-06 15:00:00,TICKER_0876.JP,2295.63,2266.0,-1.093,-1.391,-83183.47,False
2024-09-09,2024-09-09 08:30:00,2024-09-09 09:00:00,2024-09-09 15:00:00,TICKER_0657.JP,1653.25,1639.28,-0.647,-0.945,-56417.02,False
2024-09-09,2024-09-09 08:30:00,2024-09-09 09:00:00,2024-09-09 15:00:00,TICKER_0694.JP,1753.53,1808.7,3.353,3.046,181823.71,True
2024-09-09,2024-09-09 08:30:00,2024-09-09 09:00:00,2024-09-09 15:00:00,TICKER_0731.JP,1869.28,1966.57,5.416,5.105,304715.81,True
2024-09-09,2024-09-09 08:30:00,2024-09-09 09:00:00,2024-09-09 15:00:00,TICKER_0768.JP,1932.24,1973.98,2.365,2.06,122985.78,True
2024-09-09,2024-09-09 08:30:00,2024-09-09 09:00:00,2024-09-09 15:00:00,TICKER_0805.JP,2045.31,2011.8,-1.442,-1.739,-103786.0,False
2024-09-09,2024-09-09 08:30:00,2024-09-09 09:00:00,2024-09-09 15:00:00,TICKER_0842.JP,2070.96,2041.19,-1.24,-1.538,-91780.66,False
2024-09-09,2024-09-09 08:30:00,2024-09-09 09:00:00,2024-09-09 15:00:00,TICKER_0879.JP,2159.93,2146.07,-0.443,-0.742,-44260.9,False
2024-09-09,2024-09-09 08:30:00,2024-09-09 09:00:00,2024-09-09 15:00:00,TICKER_0916.JP,2244.0,2287.81,2.156,1.852,110561.32,True
2024-09-09,2024-09-09 08:30:00,2024-09-09 09:00:00,2024-09-09 15:00:00,TICKER_0953.JP,2347.56,2352.04,0.391,0.091,5423.14,True
2024-09-09,2024-09-09 08:30:00,2024-09-09 09:00:00,2024-09-09 15:00:00,TICKER_0990.JP,2399.68,2431.04,1.51,1.207,72035.56,True
2024-09-10,2024-09-10 08:30:00,2024-09-10 09:00:00,2024-09-10 15:00:00,TICKER_0774.JP,1788.95,1863.97,4.403,4.094,246319.11,True
2024-09-10,2024-09-10 08:30:00,2024-09-10 09:00:00,2024-09-10 15:00:00,TICKER_0811.JP,1883.17,1895.42,0.852,0.551,33126.32,True
2024-09-10,2024-09-10 08:30:00,2024-09-10 09:00:00,2024-09-10 15:00:00,TICKER_0848.JP,1957.04,2031.3,4.002,3.695,222293.04,True
2024-09-10,2024-09-10 08:30:00,2024-09-10 09:00:00,2024-09-10 15:00:00,TICKER_0885.JP,2071.79,2019.23,-2.342,-2.637,-158659.58,False
2024-09-10,2024-09-10 08:30:00,2024-09-10 09:00:00,2024-09-10 15:00:00,TICKER_0922.JP,2135.84,2159.81,1.324,1.022,61491.17,True
2024-09-10,2024-09-10 08:30:00,2024-09-10 09:00:00,2024-09-10 15:00:00,TICKER_0959.JP,2193.06,2262.27,3.362,3.056,183847.5,True
2024-09-10,2024-09-10 08:30:00,2024-09-10 09:00:00,2024-09-10 15:00:00,TICKER_0996.JP,2300.26,2259.03,-1.596,-1.892,-113858.65,False
2024-09-10,2024-09-10 08:30:00,2024-09-10 09:00:00,2024-09-10 15:00:00,TICKER_1033.JP,2424.34,2469.63,2.072,1.768,106373.57,True
2024-09-10,2024-09-10 08:30:00,2024-09-10 09:00:00,2024-09-10 15:00:00,TICKER_1070.JP,2455.33,2497.81,1.934,1.63,98071.22,True
2024-09-10,2024-09-10 08:30:00,2024-09-10 09:00:00,2024-09-10 15:00:00,TICKER_1107.JP,2557.34,2637.04,3.323,3.016,181484.26,True
2024-09-11,2024-09-11 08:30:00,2024-09-11 09:00:00,2024-09-11 15:00:00,TICKER_0449.JP,1954.24,1928.61,-1.114,-1.412,-86088.84,False
2024-09-11,2024-09-11 08:30:00,2024-09-11 09:00:00,2024-09-11 15:00:00,TICKER_0486.JP,2056.81,2081.4,1.398,1.095,66786.43,True
2024-09-11,2024-09-11 08:30:00,2024-09-11 09:00:00,2024-09-11 15:00:00,TICKER_0523.JP,2130.03,2160.25,1.622,1.319,80423.12,True
2024-09-11,2024-09-11 08:30:00,2024-09-11 09:00:00,2024-09-11 15:00:00,TICKER_0560.JP,2224.8,2302.98,3.721,3.414,208208.22,True
2024-09-11,2024-09-11 08:30:00,2024-09-11 09:00:00,2024-09-11 15:00:00,TICKER_0597.JP,2282.92,2265.21,-0.577,-0.876,-53402.83,False
2024-09-11,2024-09-11 08:30:00,2024-09-11 09:00:00,2024-09-11 15:00:00,TICKER_0634.JP,2358.71,2406.31,2.223,1.918,116984.45,True
2024-09-11,2024-09-11 08:30:00,2024-09-11 09:00:00,2024-09-11 15:00:00,TICKER_0671.JP,2462.08,2463.93,0.276,-0.025,-1506.23,False
2024-09-11,2024-09-11 08:30:00,2024-09-11 09:00:00,2024-09-11 15:00:00,TICKER_0708.JP,2585.55,2591.97,0.449,0.148,9026.41,True
2024-09-11,2024-09-11 08:30:00,2024-09-11 09:00:00,2024-09-11 15:00:00,TICKER_0745.JP,2629.93,2679.13,2.075,1.771,107991.89,True
2024-09-11,2024-09-11 08:30:00,2024-09-11 09:00:00,2024-09-11 15:00:00,TICKER_0782.JP,2781.01,2795.86,0.735,0.434,26472.82,True
2024-09-12,2024-09-12 08:30:00,2024-09-12 09:00:00,2024-09-12 15:00:00,TICKER_0257.JP,1776.92,1854.08,4.552,4.243,260662.93,True
2024-09-12,2024-09-12 08:30:00,2024-09-12 09:00:00,2024-09-12 15:00:00,TICKER_0294.JP,1854.65,1892.77,2.259,1.955,120104.85,True
2024-09-12,2024-09-12 08:30:00,2024-09-12 09:00:00,2024-09-12 15:00:00,TICKER_0331.JP,1931.26,1964.7,1.935,1.632,100245.81,True
2024-09-12,2024-09-12 08:30:00,2024-09-12 09:00:00,2024-09-12 15:00:00,TICKER_0368.JP,2011.75,2014.48,0.336,0.036,2204.91,True
2024-09-12,2024-09-12 08:30:00,2024-09-12 09:00:00,2024-09-12 15:00:00,TICKER_0405.JP,2111.01,2112.13,0.253,-0.047,-2893.22,False
2024-09-12,2024-09-12 08:30:00,2024-09-12 09:00:00,2024-09-12 15:00:00,TICKER_0442.JP,2211.06,2309.82,4.676,4.367,268264.66,True
2024-09-12,2024-09-12 08:30:00,2024-09-12 09:00:00,2024-09-12 15:00:00,TICKER_0479.JP,2257.62,2345.94,4.12,3.812,234215.77,True
2024-09-12,2024-09-12 08:30:00,2024-09-12 09:00:00,2024-09-12 15:00:00,TICKER_0516.JP,2333.33,2356.79,1.208,0.905,55625.29,True
2024-09-12,2024-09-12 08:30:00,2024-09-12 09:00:00,2024-09-12 15:00:00,TICKER_0553.JP,2455.7,2443.74,-0.288,-0.587,-36063.16,False
2024-09-12,2024-09-12 08:30:00,2024-09-12 09:00:00,2024-09-12 15:00:00,TICKER_0590.JP,2592.44,2673.53,3.335,3.028,186032.98,True
2024-09-13,2024-09-13 08:30:00,2024-09-13 09:00:00,2024-09-13 15:00:00,TICKER_0564.JP,1584.27,1607.58,1.674,1.371,85789.85,True
2024-09-13,2024-09-13 08:30:00,2024-09-13 09:00:00,2024-09-13 15:00:00,TICKER_0601.JP,1621.84,1638.72,1.243,0.941,58858.16,True
2024-09-13,2024-09-13 08:30:00,2024-09-13 09:00:00,2024-09-13 15:00:00,TICKER_0638.JP,1754.99,1788.06,2.088,1.784,111625.47,True
2024-09-13,2024-09-13 08:30:00,2024-09-13 09:00:00,2024-09-13 15:00:00,TICKER_0675.JP,1836.69,1844.32,0.616,0.315,19730.64,True
2024-09-13,2024-09-13 08:30:00,2024-09-13 09:00:00,2024-09-13 15:00:00,TICKER_0712.JP,1859.33,1870.52,0.803,0.502,31397.33,True
2024-09-13,2024-09-13 08:30:00,2024-09-13 09:00:00,2024-09-13 15:00:00,TICKER_0749.JP,2042.9,2088.63,2.443,2.138,133788.66,True
2024-09-13,2024-09-13 08:30:00,2024-09-13 09:00:00,2024-09-13 15:00:00,TICKER_0786.JP,2113.44,2201.71,4.385,4.076,255035.61,True
2024-09-13,2024-09-13 08:30:00,2024-09-13 09:00:00,2024-09-13 15:00:00,TICKER_0823.JP,2174.7,2189.08,0.863,0.561,35102.85,True
2024-09-13,2024-09-13 08:30:00,2024-09-13 09:00:00,2024-09-13 15:00:00,TICKER_0860.JP,2264.05,2283.25,1.05,0.748,46808.07,True
2024-09-13,2024-09-13 08:30:00,2024-09-13 09:00:00,2024-09-13 15:00:00,TICKER_0897.JP,2385.58,2400.85,0.841,0.54,33773.95,True
2024-09-16,2024-09-16 08:30:00,2024-09-16 09:00:00,2024-09-16 15:00:00,TICKER_0015.JP,1566.7,1623.2,3.814,3.506,222076.24,True
2024-09-16,2024-09-16 08:30:00,2024-09-16 09:00:00,2024-09-16 15:00:00,TICKER_0052.JP,1641.8,1706.49,4.148,3.84,243228.33,True
2024-09-16,2024-09-16 08:30:00,2024-09-16 09:00:00,2024-09-16 15:00:00,TICKER_0089.JP,1712.23,1737.87,1.701,1.397,88509.13,True
2024-09-16,2024-09-16 08:30:00,2024-09-16 09:00:00,2024-09-16 15:00:00,TICKER_0126.JP,1735.13,1740.55,0.513,0.212,13429.76,True
2024-09-16,2024-09-16 08:30:00,2024-09-16 09:00:00,2024-09-16 15:00:00,TICKER_0163.JP,1864.91,1861.6,0.022,-0.278,-17597.09,False
2024-09-16,2024-09-16 08:30:00,2024-09-16 09:00:00,2024-09-16 15:00:00,TICKER_0200.JP,1946.15,1978.59,1.87,1.567,99224.14,True
2024-09-16,2024-09-16 08:30:00,2024-09-16 09:00:00,2024-09-16 15:00:00,TICKER_0237.JP,2099.49,2124.35,1.387,1.084,68680.93,True
2024-09-16,2024-09-16 08:30:00,2024-09-16 09:00:00,2024-09-16 15:00:00,TICKER_0274.JP,2109.43,2079.68,-1.213,-1.51,-95655.8,False
2024-09-16,2024-09-16 08:30:00,2024-09-16 09:00:00,2024-09-16 15:00:00,TICKER_0311.JP,2226.8,2231.15,0.396,0.095,6016.27,True
2024-09-16,2024-09-16 08:30:00,2024-09-16 09:00:00,2024-09-16 15:00:00,TICKER_0348.JP,2281.93,2296.77,0.852,0.55,34859.04,True
2024-09-17,2024-09-17 08:30:00,2024-09-17 09:00:00,2024-09-17 15:00:00,TICKER_0461.JP,1981.81,1892.84,-4.298,-4.59,-293574.05,False
2024-09-17,2024-09-17 08:30:00,2024-09-17 09:00:00,2024-09-17 15:00:00,TICKER_0498.JP,2061.62,2117.58,2.92,2.614,167232.11,True
2024-09-17,2024-09-17 08:30:00,2024-09-17 09:00:00,2024-09-17 15:00:00,TICKER_0535.JP,2133.56,2190.49,2.874,2.568,164271.09,True
2024-09-17,2024-09-17 08:30:00,2024-09-17 09:00:00,2024-09-17 15:00:00,TICKER_0572.JP,2186.23,2156.83,-1.147,-1.445,-92425.01,False
2024-09-17,2024-09-17 08:30:00,2024-09-17 09:00:00,2024-09-17 15:00:00,TICKER_0609.JP,2317.19,2343.47,1.337,1.034,66146.82,True
2024-09-17,2024-09-17 08:30:00,2024-09-17 09:00:00,2024-09-17 15:00:00,TICKER_0646.JP,2359.33,2295.68,-2.503,-2.798,-178949.49,False
2024-09-17,2024-09-17 08:30:00,2024-09-17 09:00:00,2024-09-17 15:00:00,TICKER_0683.JP,2469.27,2492.36,1.137,0.835,53413.11,True
2024-09-17,2024-09-17 08:30:00,2024-09-17 09:00:00,2024-09-17 15:00:00,TICKER_0720.JP,2535.08,2572.8,1.691,1.388,88784.37,True
2024-09-17,2024-09-17 08:30:00,2024-09-17 09:00:00,2024-09-17 15:00:00,TICKER_0757.JP,2656.83,2658.58,0.266,-0.034,-2196.33,False
2024-09-17,2024-09-17 08:30:00,2024-09-17 09:00:00,2024-09-17 15:00:00,TICKER_0794.JP,2775.72,2763.13,-0.254,-0.554,-35407.14,False
2024-09-18,2024-09-18 08:30:00,2024-09-18 09:00:00,2024-09-18 15:00:00,TICKER_0028.JP,1524.84,1568.38,3.061,2.755,176071.42,True
2024-09-18,2024-09-18 08:30:00,2024-09-18 09:00:00,2024-09-18 15:00:00,TICKER_0065.JP,1614.27,1614.56,0.218,-0.082,-5237.96,False
2024-09-18,2024-09-18 08:30:00,2024-09-18 09:00:00,2024-09-18 15:00:00,TICKER_0102.JP,1708.53,1728.91,1.396,1.093,69848.61,True
2024-09-18,2024-09-18 08:30:00,2024-09-18 09:00:00,2024-09-18 15:00:00,TICKER_0139.JP,1791.14,1811.82,1.357,1.054,67382.91,True
2024-09-18,2024-09-18 08:30:00,2024-09-18 09:00:00,2024-09-18 15:00:00,TICKER_0176.JP,1907.43,1919.26,0.822,0.52,33255.47,True
2024-09-18,2024-09-18 08:30:00,2024-09-18 09:00:00,2024-09-18 15:00:00,TICKER_0213.JP,1975.99,2055.56,4.235,3.927,250943.1,True
2024-09-18,2024-09-18 08:30:00,2024-09-18 09:00:00,2024-09-18 15:00:00,TICKER_0250.JP,2041.3,2040.8,0.176,-0.125,-7962.51,False
2024-09-18,2024-09-18 08:30:00,2024-09-18 09:00:00,2024-09-18 15:00:00,TICKER_0287.JP,2156.46,2223.36,3.309,3.002,191865.42,True
2024-09-18,2024-09-18 08:30:00,2024-09-18 09:00:00,2024-09-18 15:00:00,TICKER_0324.JP,2205.86,2258.46,2.589,2.284,145984.08,True
2024-09-18,2024-09-18 08:30:00,2024-09-18 09:00:00,2024-09-18 15:00:00,TICKER_0361.JP,2269.56,2258.75,-0.277,-0.576,-36824.54,False
2024-09-19,2024-09-19 08:30:00,2024-09-19 09:00:00,2024-09-19 15:00:00,TICKER_0810.JP,1849.97,1884.96,2.096,1.792,116004.52,True
2024-09-19,2024-09-19 08:30:00,2024-09-19 09:00:00,2024-09-19 15:00:00,TICKER_0847.JP,1924.98,1943.3,1.154,0.852,55150.57,True
2024-09-19,2024-09-19 08:30:00,2024-09-19 09:00:00,2024-09-19 15:00:00,TICKER_0884.JP,2012.09,2040.66,1.623,1.32,85451.82,True
2024-09-19,2024-09-19 08:30:00,2024-09-19 09:00:00,2024-09-19 15:00:00,TICKER_0921.JP,2095.66,2069.17,-1.067,-1.364,-88332.41,False
2024-09-19,2024-09-19 08:30:00,2024-09-19 09:00:00,2024-09-19 15:00:00,TICKER_0958.JP,2178.22,2186.41,0.577,0.276,17885.86,True
2024-09-19,2024-09-19 08:30:00,2024-09-19 09:00:00,2024-09-19 15:00:00,TICKER_0995.JP,2231.15,2184.48,-1.896,-2.192,-141896.49,False
2024-09-19,2024-09-19 08:30:00,2024-09-19 09:00:00,2024-09-19 15:00:00,TICKER_1032.JP,2334.96,2385.83,2.383,2.079,134582.36,True
2024-09-19,2024-09-19 08:30:00,2024-09-19 09:00:00,2024-09-19 15:00:00,TICKER_1069.JP,2459.82,2453.93,-0.039,-0.339,-21961.87,False
2024-09-19,2024-09-19 08:30:00,2024-09-19 09:00:00,2024-09-19 15:00:00,TICKER_1106.JP,2473.46,2493.2,1.0,0.698,45206.8,True
2024-09-19,2024-09-19 08:30:00,2024-09-19 09:00:00,2024-09-19 15:00:00,TICKER_1143.JP,2590.62,2587.55,0.082,-0.218,-14142.96,False
2024-09-20,2024-09-20 08:30:00,2024-09-20 09:00:00,2024-09-20 15:00:00,TICKER_0772.JP,1792.9,1807.22,1.0,0.699,45363.4,True
2024-09-20,2024-09-20 08:30:00,2024-09-20 09:00:00,2024-09-20 15:00:00,TICKER_0809.JP,1898.97,1896.54,0.072,-0.228,-14785.38,False
2024-09-20,2024-09-20 08:30:00,2024-09-20 09:00:00,2024-09-20 15:00:00,TICKER_0846.JP,1947.57,1930.9,-0.657,-0.956,-62059.88,False
2024-09-20,2024-09-20 08:30:00,2024-09-20 09:00:00,2024-09-20 15:00:00,TICKER_0883.JP,2037.35,2019.66,-0.67,-0.968,-62857.06,False
2024-09-20,2024-09-20 08:30:00,2024-09-20 09:00:00,2024-09-20 15:00:00,TICKER_0920.JP,2096.98,2049.59,-2.065,-2.36,-153238.99,False
2024-09-20,2024-09-20 08:30:00,2024-09-20 09:00:00,2024-09-20 15:00:00,TICKER_0957.JP,2174.97,2185.81,0.7,0.398,25863.8,True
2024-09-20,2024-09-20 08:30:00,2024-09-20 09:00:00,2024-09-20 15:00:00,TICKER_0994.JP,2302.87,2369.96,3.119,2.813,182648.48,True
2024-09-20,2024-09-20 08:30:00,2024-09-20 09:00:00,2024-09-20 15:00:00,TICKER_1031.JP,2415.94,2477.46,2.752,2.446,158825.89,True
2024-09-20,2024-09-20 08:30:00,2024-09-20 09:00:00,2024-09-20 15:00:00,TICKER_1068.JP,2479.47,2538.32,2.579,2.274,147613.7,True
2024-09-20,2024-09-20 08:30:00,2024-09-20 09:00:00,2024-09-20 15:00:00,TICKER_1105.JP,2550.64,2554.92,0.369,0.068,4413.31,True
2024-09-23,2024-09-23 08:30:00,2024-09-23 09:00:00,2024-09-23 15:00:00,TICKER_0607.JP,1584.75,1611.59,1.897,1.593,103853.33,True
2024-09-23,2024-09-23 08:30:00,2024-09-23 09:00:00,2024-09-23 15:00:00,TICKER_0644.JP,1662.43,1699.39,2.428,2.123,138394.34,True
2024-09-23,2024-09-23 08:30:00,2024-09-23 09:00:00,2024-09-23 15:00:00,TICKER_0681.JP,1786.18,1747.52,-1.969,-2.265,-147615.06,False
2024-09-23,2024-09-23 08:30:00,2024-09-23 09:00:00,2024-09-23 15:00:00,TICKER_0718.JP,1865.9,1887.01,1.334,1.031,67217.42,True
2024-09-23,2024-09-23 08:30:00,2024-09-23 09:00:00,2024-09-23 15:00:00,TICKER_0755.JP,1973.15,2029.19,3.046,2.74,178604.09,True
2024-09-23,2024-09-23 08:30:00,2024-09-23 09:00:00,2024-09-23 15:00:00,TICKER_0792.JP,2028.99,2044.04,0.944,0.642,41854.03,True
2024-09-23,2024-09-23 08:30:00,2024-09-23 09:00:00,2024-09-23 15:00:00,TICKER_0829.JP,2137.54,2207.27,3.469,3.162,206137.9,True
2024-09-23,2024-09-23 08:30:00,2024-09-23 09:00:00,2024-09-23 15:00:00,TICKER_0866.JP,2206.58,2168.24,-1.541,-1.838,-119791.23,False
2024-09-23,2024-09-23 08:30:00,2024-09-23 09:00:00,2024-09-23 15:00:00,TICKER_0903.JP,2318.32,2239.32,-3.214,-3.508,-228634.99,False
2024-09-23,2024-09-23 08:30:00,2024-09-23 09:00:00,2024-09-23 15:00:00,TICKER_0940.JP,2398.5,2502.83,4.559,4.25,277042.16,True
2024-09-24,2024-09-24 08:30:00,2024-09-24 09:00:00,2024-09-24 15:00:00,TICKER_0723.JP,1687.69,1648.86,-2.105,-2.401,-157658.0,False
2024-09-24,2024-09-24 08:30:00,2024-09-24 09:00:00,2024-09-24 15:00:00,TICKER_0760.JP,1823.17,1819.6,0.004,-0.296,-19437.49,False
2024-09-24,2024-09-24 08:30:00,2024-09-24 09:00:00,2024-09-24 15:00:00,TICKER_0797.JP,1902.61,1910.36,0.608,0.307,20173.96,True
2024-09-24,2024-09-24 08:30:00,2024-09-24 09:00:00,2024-09-24 15:00:00,TICKER_0834.JP,1986.68,1976.78,-0.299,-0.598,-39305.98,False
2024-09-24,2024-09-24 08:30:00,2024-09-24 09:00:00,2024-09-24 15:00:00,TICKER_0871.JP,2047.78,2084.72,2.008,1.704,111928.21,True
2024-09-24,2024-09-24 08:30:00,2024-09-24 09:00:00,2024-09-24 15:00:00,TICKER_0908.JP,2167.52,2133.99,-1.349,-1.647,-108136.57,False
2024-09-24,2024-09-24 08:30:00,2024-09-24 09:00:00,2024-09-24 15:00:00,TICKER_0945.JP,2251.53,2232.26,-0.658,-0.956,-62787.33,False
2024-09-24,2024-09-24 08:30:00,2024-09-24 09:00:00,2024-09-24 15:00:00,TICKER_0982.JP,2319.99,2324.81,0.409,0.108,7091.82,True
2024-09-24,2024-09-24 08:30:00,2024-09-24 09:00:00,2024-09-24 15:00:00,TICKER_1019.JP,2385.19,2365.64,-0.621,-0.92,-60399.68,False
2024-09-24,2024-09-24 08:30:00,2024-09-24 09:00:00,2024-09-24 15:00:00,TICKER_1056.JP,2507.28,2429.33,-2.915,-3.209,-210764.5,False
2024-09-25,2024-09-25 08:30:00,2024-09-25 09:00:00,2024-09-25 15:00:00,TICKER_0594.JP,1613.83,1602.46,-0.506,-0.805,-52466.29,False
2024-09-25,2024-09-25 08:30:00,2024-09-25 09:00:00,2024-09-25 15:00:00,TICKER_0631.JP,1675.98,1716.53,2.624,2.319,151177.34,True
2024-09-25,2024-09-25 08:30:00,2024-09-25 09:00:00,2024-09-25 15:00:00,TICKER_0668.JP,1749.5,1721.25,-1.418,-1.715,-111772.99,False
2024-09-25,2024-09-25 08:30:00,2024-09-25 09:00:00,2024-09-25 15:00:00,TICKER_0705.JP,1850.19,1900.03,2.899,2.594,169066.09,True
2024-09-25,2024-09-25 08:30:00,2024-09-25 09:00:00,2024-09-25 15:00:00,TICKER_0742.JP,1881.19,1951.88,3.965,3.658,238406.22,True
2024-09-25,2024-09-25 08:30:00,2024-09-25 09:00:00,2024-09-25 15:00:00,TICKER_0779.JP,2057.1,2092.86,1.942,1.638,106792.06,True
2024-09-25,2024-09-25 08:30:00,2024-09-25 09:00:00,2024-09-25 15:00:00,TICKER_0816.JP,2136.04,2224.93,4.37,4.061,264727.83,True
2024-09-25,2024-09-25 08:30:00,2024-09-25 09:00:00,2024-09-25 15:00:00,TICKER_0853.JP,2211.98,2303.55,4.348,4.04,263329.48,True
2024-09-25,2024-09-25 08:30:00,2024-09-25 09:00:00,2024-09-25 15:00:00,TICKER_0890.JP,2289.28,2330.11,1.987,1.684,109737.18,True
2024-09-25,2024-09-25 08:30:00,2024-09-25 09:00:00,2024-09-25 15:00:00,TICKER_0927.JP,2377.48,2312.24,-2.549,-2.844,-185381.58,False
2024-09-26,2024-09-26 08:30:00,2024-09-26 09:00:00,2024-09-26 15:00:00,TICKER_0022.JP,1550.39,1543.02,-0.276,-0.576,-38038.99,False
2024-09-26,2024-09-26 08:30:00,2024-09-26 09:00:00,2024-09-26 15:00:00,TICKER_0059.JP,1605.95,1613.47,0.669,0.368,24339.57,True
2024-09-26,2024-09-26 08:30:00,2024-09-26 09:00:00,2024-09-26 15:00:00,TICKER_0096.JP,1746.14,1763.85,1.216,0.914,60419.55,True
2024-09-26,2024-09-26 08:30:00,2024-09-26 09:00:00,2024-09-26 15:00:00,TICKER_0133.JP,1795.58,1795.09,0.173,-0.127,-8414.75,False
2024-09-26,2024-09-26 08:30:00,2024-09-26 09:00:00,2024-09-26 15:00:00,TICKER_0170.JP,1866.49,1869.25,0.348,0.048,3143.31,True
2024-09-26,2024-09-26 08:30:00,2024-09-26 09:00:00,2024-09-26 15:00:00,TICKER_0207.JP,1917.48,1871.42,-2.207,-2.502,-165355.07,False
2024-09-26,2024-09-26 08:30:00,2024-09-26 09:00:00,2024-09-26 15:00:00,TICKER_0244.JP,2057.91,2110.93,2.782,2.476,163663.41,True
2024-09-26,2024-09-26 08:30:00,2024-09-26 09:00:00,2024-09-26 15:00:00,TICKER_0281.JP,2115.31,2062.36,-2.308,-2.604,-172061.58,False
2024-09-26,2024-09-26 08:30:00,2024-09-26 09:00:00,2024-09-26 15:00:00,TICKER_0318.JP,2205.95,2186.11,-0.701,-0.999,-66053.11,False
2024-09-26,2024-09-26 08:30:00,2024-09-26 09:00:00,2024-09-26 15:00:00,TICKER_0355.JP,2358.64,2365.06,0.473,0.172,11397.34,True
2024-09-27,2024-09-27 08:30:00,2024-09-27 09:00:00,2024-09-27 15:00:00,TICKER_0739.JP,1725.16,1772.15,2.929,2.623,172906.66,True
2024-09-27,2024-09-27 08:30:00,2024-09-27 09:00:00,2024-09-27 15:00:00,TICKER_0776.JP,1831.96,1811.32,-0.929,-1.227,-80861.08,False
2024-09-27,2024-09-27 08:30:00,2024-09-27 09:00:00,2024-09-27 15:00:00,TICKER_0813.JP,1940.12,1962.7,1.366,1.064,70108.53,True
2024-09-27,2024-09-27 08:30:00,2024-09-27 09:00:00,2024-09-27 15:00:00,TICKER_0850.JP,2012.58,2038.86,1.509,1.206,79468.61,True
2024-09-27,2024-09-27 08:30:00,2024-09-27 09:00:00,2024-09-27 15:00:00,TICKER_0887.JP,2120.8,2179.59,2.978,2.672,176114.79,True
2024-09-27,2024-09-27 08:30:00,2024-09-27 09:00:00,2024-09-27 15:00:00,TICKER_0924.JP,2165.82,2254.84,4.319,4.01,264311.12,True
2024-09-27,2024-09-27 08:30:00,2024-09-27 09:00:00,2024-09-27 15:00:00,TICKER_0961.JP,2257.91,2331.29,3.457,3.15,207613.13,True
2024-09-27,2024-09-27 08:30:00,2024-09-27 09:00:00,2024-09-27 15:00:00,TICKER_0998.JP,2376.36,2296.01,-3.188,-3.481,-229453.49,False
2024-09-27,2024-09-27 08:30:00,2024-09-27 09:00:00,2024-09-27 15:00:00,TICKER_1035.JP,2382.77,2377.58,-0.018,-0.318,-20948.08,False
2024-09-27,2024-09-27 08:30:00,2024-09-27 09:00:00,2024-09-27 15:00:00,TICKER_1072.JP,2514.97,2574.66,2.578,2.273,149839.75,True
2024-09-30,2024-09-30 08:30:00,2024-09-30 09:00:00,2024-09-30 15:00:00,TICKER_0776.JP,1800.4,1857.27,3.365,3.059,203903.4,True
2024-09-30,2024-09-30 08:30:00,2024-09-30 09:00:00,2024-09-30 15:00:00,TICKER_0813.JP,1860.19,1983.62,6.849,6.536,435666.11,True
2024-09-30,2024-09-30 08:30:00,2024-09-30 09:00:00,2024-09-30 15:00:00,TICKER_0850.JP,1936.62,1945.65,0.667,0.366,24407.91,True
2024-09-30,2024-09-30 08:30:00,2024-09-30 09:00:00,2024-09-30 15:00:00,TICKER_0887.JP,2037.81,2068.73,1.721,1.417,94489.22,True
2024-09-30,2024-09-30 08:30:00,2024-09-30 09:00:00,2024-09-30 15:00:00,TICKER_0924.JP,2138.4,2251.4,5.495,5.184,345586.39,True
2024-09-30,2024-09-30 08:30:00,2024-09-30 09:00:00,2024-09-30 15:00:00,TICKER_0961.JP,2215.52,2225.93,0.671,0.37,24650.76,True
2024-09-30,2024-09-30 08:30:00,2024-09-30 09:00:00,2024-09-30 15:00:00,TICKER_0998.JP,2291.27,2353.11,2.905,2.599,173260.76,True
2024-09-30,2024-09-30 08:30:00,2024-09-30 09:00:00,2024-09-30 15:00:00,TICKER_1035.JP,2403.82,2409.51,0.437,0.137,9103.55,True
2024-09-30,2024-09-30 08:30:00,2024-09-30 09:00:00,2024-09-30 15:00:00,TICKER_1072.JP,2443.47,2491.37,2.164,1.86,123995.42,True
2024-09-30,2024-09-30 08:30:00,2024-09-30 09:00:00,2024-09-30 15:00:00,TICKER_1109.JP,2626.55,2743.4,4.658,4.349,289889.13,True
2024-10-01,2024-10-01 08:30:00,2024-10-01 09:00:00,2024-10-01 15:00:00,TICKER_0450.JP,1966.49,1983.18,1.051,0.749,51137.31,True
2024-10-01,2024-10-01 08:30:00,2024-10-01 09:00:00,2024-10-01 15:00:00,TICKER_0487.JP,2055.72,2126.93,3.671,3.364,229745.85,True
2024-10-01,2024-10-01 08:30:00,2024-10-01 09:00:00,2024-10-01 15:00:00,TICKER_0524.JP,2097.47,2110.97,0.845,0.544,37134.38,True
2024-10-01,2024-10-01 08:30:00,2024-10-01 09:00:00,2024-10-01 15:00:00,TICKER_0561.JP,2232.07,2266.48,1.745,1.442,98464.54,True
2024-10-01,2024-10-01 08:30:00,2024-10-01 09:00:00,2024-10-01 15:00:00,TICKER_0598.JP,2265.52,2262.11,0.049,-0.251,-17132.92,False
2024-10-01,2024-10-01 08:30:00,2024-10-01 09:00:00,2024-10-01 15:00:00,TICKER_0635.JP,2419.35,2447.74,1.376,1.074,73323.53,True
2024-10-01,2024-10-01 08:30:00,2024-10-01 09:00:00,2024-10-01 15:00:00,TICKER_0672.JP,2469.89,2501.1,1.466,1.164,79470.58,True
2024-10-01,2024-10-01 08:30:00,2024-10-01 09:00:00,2024-10-01 15:00:00,TICKER_0709.JP,2558.94,2601.31,1.859,1.556,106255.55,True
2024-10-01,2024-10-01 08:30:00,2024-10-01 09:00:00,2024-10-01 15:00:00,TICKER_0746.JP,2645.09,2709.45,2.638,2.333,159340.91,True
2024-10-01,2024-10-01 08:30:00,2024-10-01 09:00:00,2024-10-01 15:00:00,TICKER_0783.JP,2719.47,2730.15,0.594,0.293,19993.51,True
2024-10-02,2024-10-02 08:30:00,2024-10-02 09:00:00,2024-10-02 15:00:00,TICKER_0945.JP,1938.06,1866.09,-3.52,-3.813,-263470.81,False
2024-10-02,2024-10-02 08:30:00,2024-10-02 09:00:00,2024-10-02 15:00:00,TICKER_0982.JP,2039.06,2068.56,1.65,1.347,93060.44,True
2024-10-02,2024-10-02 08:30:00,2024-10-02 09:00:00,2024-10-02 15:00:00,TICKER_1019.JP,2141.71,2175.89,1.799,1.496,103367.17,True
2024-10-02,2024-10-02 08:30:00,2024-10-02 09:00:00,2024-10-02 15:00:00,TICKER_1056.JP,2210.82,2216.03,0.436,0.136,9383.09,True
2024-10-02,2024-10-02 08:30:00,2024-10-02 09:00:00,2024-10-02 15:00:00,TICKER_1093.JP,2282.54,2301.55,1.035,0.733,50622.86,True
2024-10-02,2024-10-02 08:30:00,2024-10-02 09:00:00,2024-10-02 15:00:00,TICKER_1130.JP,2395.43,2479.99,3.737,3.43,236980.86,True
2024-10-02,2024-10-02 08:30:00,2024-10-02 09:00:00,2024-10-02 15:00:00,TICKER_1167.JP,2481.29,2552.09,3.059,2.753,190231.43,True
2024-10-02,2024-10-02 08:30:00,2024-10-02 09:00:00,2024-10-02 15:00:00,TICKER_1204.JP,2574.19,2603.86,1.355,1.053,72733.37,True
2024-10-02,2024-10-02 08:30:00,2024-10-02 09:00:00,2024-10-02 15:00:00,TICKER_1241.JP,2597.1,2658.8,2.58,2.275,157223.45,True
2024-10-02,2024-10-02 08:30:00,2024-10-02 09:00:00,2024-10-02 15:00:00,TICKER_1278.JP,2768.07,2795.68,1.2,0.898,62023.99,True
2024-10-03,2024-10-03 08:30:00,2024-10-03 09:00:00,2024-10-03 15:00:00,TICKER_0261.JP,1760.69,1820.87,3.625,3.318,231491.69,True
2024-10-03,2024-10-03 08:30:00,2024-10-03 09:00:00,2024-10-03 15:00:00,TICKER_0298.JP,1862.37,1876.08,0.938,0.636,44391.02,True
2024-10-03,2024-10-03 08:30:00,2024-10-03 09:00:00,2024-10-03 15:00:00,TICKER_0335.JP,1968.63,2003.92,1.997,1.693,118121.72,True
2024-10-03,2024-10-03 08:30:00,2024-10-03 09:00:00,2024-10-03 15:00:00,TICKER_0372.JP,2001.47,2049.46,2.603,2.298,160311.6,True
2024-10-03,2024-10-03 08:30:00,2024-10-03 09:00:00,2024-10-03 15:00:00,TICKER_0409.JP,2132.0,2148.64,0.982,0.68,47476.02,True
2024-10-03,2024-10-03 08:30:00,2024-10-03 09:00:00,2024-10-03 15:00:00,TICKER_0446.JP,2249.83,2270.8,1.134,0.832,58052.27,True
2024-10-03,2024-10-03 08:30:00,2024-10-03 09:00:00,2024-10-03 15:00:00,TICKER_0483.JP,2239.44,2200.31,-1.551,-1.847,-128887.66,False
2024-10-03,2024-10-03 08:30:00,2024-10-03 09:00:00,2024-10-03 15:00:00,TICKER_0520.JP,2334.76,2376.67,1.999,1.695,118260.1,True
2024-10-03,2024-10-03 08:30:00,2024-10-03 09:00:00,2024-10-03 15:00:00,TICKER_0557.JP,2418.81,2462.38,2.005,1.701,118697.62,True
2024-10-03,2024-10-03 08:30:00,2024-10-03 09:00:00,2024-10-03 15:00:00,TICKER_0594.JP,2554.0,2602.84,2.116,1.812,126453.61,True
2024-10-04,2024-10-04 08:30:00,2024-10-04 09:00:00,2024-10-04 15:00:00,TICKER_0728.JP,1776.4,1771.78,-0.061,-0.361,-25461.24,False
2024-10-04,2024-10-04 08:30:00,2024-10-04 09:00:00,2024-10-04 15:00:00,TICKER_0765.JP,1811.14,1775.4,-1.777,-2.073,-146406.82,False
2024-10-04,2024-10-04 08:30:00,2024-10-04 09:00:00,2024-10-04 15:00:00,TICKER_0802.JP,1927.94,1916.72,-0.383,-0.682,-48141.39,False
2024-10-04,2024-10-04 08:30:00,2024-10-04 09:00:00,2024-10-04 15:00:00,TICKER_0839.JP,1989.09,2027.49,2.135,1.831,129285.11,True
2024-10-04,2024-10-04 08:30:00,2024-10-04 09:00:00,2024-10-04 15:00:00,TICKER_0876.JP,2065.0,2103.8,2.083,1.779,125632.89,True
2024-10-04,2024-10-04 08:30:00,2024-10-04 09:00:00,2024-10-04 15:00:00,TICKER_0913.JP,2119.07,2169.94,2.606,2.301,162471.45,True
2024-10-04,2024-10-04 08:30:00,2024-10-04 09:00:00,2024-10-04 15:00:00,TICKER_0950.JP,2246.24,2345.96,4.648,4.339,306443.85,True
2024-10-04,2024-10-04 08:30:00,2024-10-04 09:00:00,2024-10-04 15:00:00,TICKER_0987.JP,2355.42,2433.39,3.517,3.21,226711.39,True
2024-10-04,2024-10-04 08:30:00,2024-10-04 09:00:00,2024-10-04 15:00:00,TICKER_1024.JP,2419.39,2466.62,2.156,1.852,130810.97,True
2024-10-04,2024-10-04 08:30:00,2024-10-04 09:00:00,2024-10-04 15:00:00,TICKER_1061.JP,2505.3,2561.98,2.467,2.162,152689.03,True
2024-10-07,2024-10-07 08:30:00,2024-10-07 09:00:00,2024-10-07 15:00:00,TICKER_0655.JP,1651.96,1718.72,4.25,3.941,282126.97,True
2024-10-07,2024-10-07 08:30:00,2024-10-07 09:00:00,2024-10-07 15:00:00,TICKER_0692.JP,1755.17,1820.03,3.903,3.595,257348.04,True
2024-10-07,2024-10-07 08:30:00,2024-10-07 09:00:00,2024-10-07 15:00:00,TICKER_0729.JP,1879.35,1915.79,2.143,1.839,131658.84,True
2024-10-07,2024-10-07 08:30:00,2024-10-07 09:00:00,2024-10-07 15:00:00,TICKER_0766.JP,1920.29,1860.38,-2.926,-3.22,-230490.86,False
2024-10-07,2024-10-07 08:30:00,2024-10-07 09:00:00,2024-10-07 15:00:00,TICKER_0803.JP,1993.96,2059.87,3.512,3.205,229446.31,True
2024-10-07,2024-10-07 08:30:00,2024-10-07 09:00:00,2024-10-07 15:00:00,TICKER_0840.JP,2071.58,2120.14,2.549,2.244,160635.39,True
2024-10-07,2024-10-07 08:30:00,2024-10-07 09:00:00,2024-10-07 15:00:00,TICKER_0877.JP,2195.27,2236.05,2.061,1.758,125813.16,True
2024-10-07,2024-10-07 08:30:00,2024-10-07 09:00:00,2024-10-07 15:00:00,TICKER_0914.JP,2273.76,2320.58,2.263,1.959,140229.03,True
2024-10-07,2024-10-07 08:30:00,2024-10-07 09:00:00,2024-10-07 15:00:00,TICKER_0951.JP,2320.87,2281.31,-1.508,-1.805,-129181.98,False
2024-10-07,2024-10-07 08:30:00,2024-10-07 09:00:00,2024-10-07 15:00:00,TICKER_0988.JP,2465.62,2559.79,4.027,3.719,266226.86,True
2024-10-08,2024-10-08 08:30:00,2024-10-08 09:00:00,2024-10-08 15:00:00,TICKER_0306.JP,1819.79,1848.62,1.788,1.484,107994.21,True
2024-10-08,2024-10-08 08:30:00,2024-10-08 09:00:00,2024-10-08 15:00:00,TICKER_0343.JP,1911.94,1979.93,3.763,3.456,251442.37,True
2024-10-08,2024-10-08 08:30:00,2024-10-08 09:00:00,2024-10-08 15:00:00,TICKER_0380.JP,1980.16,1990.44,0.72,0.419,30493.42,True
2024-10-08,2024-10-08 08:30:00,2024-10-08 09:00:00,2024-10-08 15:00:00,TICKER_0417.JP,2060.81,2055.88,-0.039,-0.339,-24669.04,False
2024-10-08,2024-10-08 08:30:00,2024-10-08 09:00:00,2024-10-08 15:00:00,TICKER_0454.JP,2153.66,2104.02,-2.109,-2.405,-174963.55,False
2024-10-08,2024-10-08 08:30:00,2024-10-08 09:00:00,2024-10-08 15:00:00,TICKER_0491.JP,2255.32,2276.23,1.129,0.827,60174.21,True
2024-10-08,2024-10-08 08:30:00,2024-10-08 09:00:00,2024-10-08 15:00:00,TICKER_0528.JP,2319.97,2340.97,1.107,0.805,58578.95,True
2024-10-08,2024-10-08 08:30:00,2024-10-08 09:00:00,2024-10-08 15:00:00,TICKER_0565.JP,2407.82,2423.48,0.852,0.551,40069.77,True
2024-10-08,2024-10-08 08:30:00,2024-10-08 09:00:00,2024-10-08 15:00:00,TICKER_0602.JP,2490.84,2464.16,-0.873,-1.171,-85191.61,False
2024-10-08,2024-10-08 08:30:00,2024-10-08 09:00:00,2024-10-08 15:00:00,TICKER_0639.JP,2584.34,2644.48,2.532,2.227,162037.17,True
2024-10-09,2024-10-09 08:30:00,2024-10-09 09:00:00,2024-10-09 15:00:00,TICKER_0379.JP,1875.19,1880.84,0.502,0.201,14703.82,True
2024-10-09,2024-10-09 08:30:00,2024-10-09 09:00:00,2024-10-09 15:00:00,TICKER_0416.JP,1957.05,1968.99,0.812,0.51,37334.22,True
2024-10-09,2024-10-09 08:30:00,2024-10-09 09:00:00,2024-10-09 15:00:00,TICKER_0453.JP,2093.82,2144.17,2.61,2.305,168619.51,True
2024-10-09,2024-10-09 08:30:00,2024-10-09 09:00:00,2024-10-09 15:00:00,TICKER_0490.JP,2158.36,2180.19,1.214,0.911,66684.69,True
2024-10-09,2024-10-09 08:30:00,2024-10-09 09:00:00,2024-10-09 15:00:00,TICKER_0527.JP,2222.74,2151.13,-3.028,-3.322,-243029.85,False
2024-10-09,2024-10-09 08:30:00,2024-10-09 09:00:00,2024-10-09 15:00:00,TICKER_0564.JP,2295.26,2289.97,-0.031,-0.331,-24194.38,False
2024-10-09,2024-10-09 08:30:00,2024-10-09 09:00:00,2024-10-09 15:00:00,TICKER_0601.JP,2338.99,2333.54,-0.033,-0.333,-24339.61,False
2024-10-09,2024-10-09 08:30:00,2024-10-09 09:00:00,2024-10-09 15:00:00,TICKER_0638.JP,2487.78,2550.4,2.722,2.417,176842.19,True
2024-10-09,2024-10-09 08:30:00,2024-10-09 09:00:00,2024-10-09 15:00:00,TICKER_0675.JP,2549.8,2493.16,-2.025,-2.321,-169811.16,False
2024-10-09,2024-10-09 08:30:00,2024-10-09 09:00:00,2024-10-09 15:00:00,TICKER_0712.JP,2683.78,2719.17,1.521,1.219,89149.84,True
2024-10-10,2024-10-10 08:30:00,2024-10-10 09:00:00,2024-10-10 15:00:00,TICKER_0489.JP,2025.5,2052.17,1.519,1.216,89093.61,True
2024-10-10,2024-10-10 08:30:00,2024-10-10 09:00:00,2024-10-10 15:00:00,TICKER_0526.JP,2092.12,2112.21,1.162,0.86,62997.76,True
2024-10-10,2024-10-10 08:30:00,2024-10-10 09:00:00,2024-10-10 15:00:00,TICKER_0563.JP,2166.22,2168.2,0.292,-0.009,-644.67,False
2024-10-10,2024-10-10 08:30:00,2024-10-10 09:00:00,2024-10-10 15:00:00,TICKER_0600.JP,2259.07,2328.46,3.278,2.972,217672.95,True
2024-10-10,2024-10-10 08:30:00,2024-10-10 09:00:00,2024-10-10 15:00:00,TICKER_0637.JP,2363.17,2404.83,1.967,1.663,121808.97,True
2024-10-10,2024-10-10 08:30:00,2024-10-10 09:00:00,2024-10-10 15:00:00,TICKER_0674.JP,2431.63,2370.34,-2.325,-2.621,-191954.31,False
2024-10-10,2024-10-10 08:30:00,2024-10-10 09:00:00,2024-10-10 15:00:00,TICKER_0711.JP,2508.48,2559.93,2.255,1.951,142914.58,True
2024-10-10,2024-10-10 08:30:00,2024-10-10 09:00:00,2024-10-10 15:00:00,TICKER_0748.JP,2604.6,2718.23,4.571,4.263,312222.9,True
2024-10-10,2024-10-10 08:30:00,2024-10-10 09:00:00,2024-10-10 15:00:00,TICKER_0785.JP,2685.88,2726.16,1.703,1.4,102518.9,True
2024-10-10,2024-10-10 08:30:00,2024-10-10 09:00:00,2024-10-10 15:00:00,TICKER_0822.JP,2748.68,2797.68,1.987,1.683,123262.13,True
2024-10-11,2024-10-11 08:30:00,2024-10-11 09:00:00,2024-10-11 15:00:00,TICKER_0961.JP,1975.49,2026.4,2.782,2.477,183739.37,True
2024-10-11,2024-10-11 08:30:00,2024-10-11 09:00:00,2024-10-11 15:00:00,TICKER_0998.JP,2074.07,2108.04,1.841,1.538,114067.54,True
2024-10-11,2024-10-11 08:30:00,2024-10-11 09:00:00,2024-10-11 15:00:00,TICKER_1035.JP,2158.57,2194.21,1.855,1.551,115083.14,True
2024-10-11,2024-10-11 08:30:00,2024-10-11 09:00:00,2024-10-11 15:00:00,TICKER_1072.JP,2211.49,2198.42,-0.392,-0.691,-51257.56,False
2024-10-11,2024-10-11 08:30:00,2024-10-11 09:00:00,2024-10-11 15:00:00,TICKER_1109.JP,2342.77,2435.4,4.162,3.854,285880.71,True
2024-10-11,2024-10-11 08:30:00,2024-10-11 09:00:00,2024-10-11 15:00:00,TICKER_1146.JP,2415.96,2447.9,1.525,1.222,90637.5,True
2024-10-11,2024-10-11 08:30:00,2024-10-11 09:00:00,2024-10-11 15:00:00,TICKER_1183.JP,2458.65,2530.65,3.135,2.828,209812.32,True
2024-10-11,2024-10-11 08:30:00,2024-10-11 09:00:00,2024-10-11 15:00:00,TICKER_1220.JP,2575.78,2579.99,0.364,0.063,4689.66,True
2024-10-11,2024-10-11 08:30:00,2024-10-11 09:00:00,2024-10-11 15:00:00,TICKER_1257.JP,2644.01,2701.83,2.391,2.087,154781.95,True
2024-10-11,2024-10-11 08:30:00,2024-10-11 09:00:00,2024-10-11 15:00:00,TICKER_1294.JP,2746.45,2742.48,0.055,-0.245,-18137.57,False
2024-10-14,2024-10-14 08:30:00,2024-10-14 09:00:00,2024-10-14 15:00:00,TICKER_0724.JP,1758.6,1735.71,-1.104,-1.401,-105395.48,False
2024-10-14,2024-10-14 08:30:00,2024-10-14 09:00:00,2024-10-14 15:00:00,TICKER_0761.JP,1830.25,1900.69,4.057,3.749,281946.11,True
2024-10-14,2024-10-14 08:30:00,2024-10-14 09:00:00,2024-10-14 15:00:00,TICKER_0798.JP,1914.28,1975.27,3.393,3.086,232114.62,True
2024-10-14,2024-10-14 08:30:00,2024-10-14 09:00:00,2024-10-14 15:00:00,TICKER_0835.JP,2014.23,2024.76,0.724,0.423,31802.51,True
2024-10-14,2024-10-14 08:30:00,2024-10-14 09:00:00,2024-10-14 15:00:00,TICKER_0872.JP,2034.51,2056.26,1.271,0.969,72883.0,True
2024-10-14,2024-10-14 08:30:00,2024-10-14 09:00:00,2024-10-14 15:00:00,TICKER_0909.JP,2181.3,2195.73,0.863,0.562,42245.07,True
2024-10-14,2024-10-14 08:30:00,2024-10-14 09:00:00,2024-10-14 15:00:00,TICKER_0946.JP,2267.32,2377.34,5.063,4.753,357465.39,True
2024-10-14,2024-10-14 08:30:00,2024-10-14 09:00:00,2024-10-14 15:00:00,TICKER_0983.JP,2316.62,2311.64,-0.016,-0.315,-23716.71,False
2024-10-14,2024-10-14 08:30:00,2024-10-14 09:00:00,2024-10-14 15:00:00,TICKER_1020.JP,2377.93,2414.69,1.749,1.446,108773.53,True
2024-10-14,2024-10-14 08:30:00,2024-10-14 09:00:00,2024-10-14 15:00:00,TICKER_1057.JP,2537.3,2464.26,-2.684,-2.979,-224039.23,False
2024-10-15,2024-10-15 08:30:00,2024-10-15 09:00:00,2024-10-15 15:00:00,TICKER_0379.JP,1878.12,1903.96,1.579,1.276,96931.22,True
2024-10-15,2024-10-15 08:30:00,2024-10-15 09:00:00,2024-10-15 15:00:00,TICKER_0416.JP,1987.78,1998.11,0.721,0.42,31889.67,True
2024-10-15,2024-10-15 08:30:00,2024-10-15 09:00:00,2024-10-15 15:00:00,TICKER_0453.JP,2076.19,2110.37,1.849,1.546,117414.44,True
2024-10-15,2024-10-15 08:30:00,2024-10-15 09:00:00,2024-10-15 15:00:00,TICKER_0490.JP,2110.11,2133.43,1.308,1.005,76363.82,True
2024-10-15,2024-10-15 08:30:00,2024-10-15 09:00:00,2024-10-15 15:00:00,TICKER_0527.JP,2231.73,2216.32,-0.492,-0.79,-60030.72,False
2024-10-15,2024-10-15 08:30:00,2024-10-15 09:00:00,2024-10-15 15:00:00,TICKER_0564.JP,2301.72,2239.81,-2.495,-2.79,-211882.01,False
2024-10-15,2024-10-15 08:30:00,2024-10-15 09:00:00,2024-10-15 15:00:00,TICKER_0601.JP,2445.19,2535.39,3.896,3.589,272569.14,True
2024-10-15,2024-10-15 08:30:00,2024-10-15 09:00:00,2024-10-15 15:00:00,TICKER_0638.JP,2449.48,2475.73,1.274,0.972,73811.19,True
2024-10-15,2024-10-15 08:30:00,2024-10-15 09:00:00,2024-10-15 15:00:00,TICKER_0675.JP,2603.47,2637.72,1.518,1.216,92316.37,True
2024-10-15,2024-10-15 08:30:00,2024-10-15 09:00:00,2024-10-15 15:00:00,TICKER_0712.JP,2622.32,2632.47,0.588,0.287,21817.1,True
2024-10-16,2024-10-16 08:30:00,2024-10-16 09:00:00,2024-10-16 15:00:00,TICKER_0806.JP,1790.93,1826.63,2.198,1.894,144730.02,True
2024-10-16,2024-10-16 08:30:00,2024-10-16 09:00:00,2024-10-16 15:00:00,TICKER_0843.JP,1877.86,1864.12,-0.533,-0.831,-63536.92,False
2024-10-16,2024-10-16 08:30:00,2024-10-16 09:00:00,2024-10-16 15:00:00,TICKER_0880.JP,2023.67,1998.71,-1.036,-1.334,-101927.03,False
2024-10-16,2024-10-16 08:30:00,2024-10-16 09:00:00,2024-10-16 15:00:00,TICKER_0917.JP,2074.0,2132.88,3.045,2.739,209362.43,True
2024-10-16,2024-10-16 08:30:00,2024-10-16 09:00:00,2024-10-16 15:00:00,TICKER_0954.JP,2164.82,2120.32,-1.86,-2.156,-164780.25,False
2024-10-16,2024-10-16 08:30:00,2024-10-16 09:00:00,2024-10-16 15:00:00,TICKER_0991.JP,2248.87,2327.92,3.722,3.415,261042.98,True
2024-10-16,2024-10-16 08:30:00,2024-10-16 09:00:00,2024-10-16 15:00:00,TICKER_1028.JP,2307.2,2385.76,3.612,3.305,252605.4,True
2024-10-16,2024-10-16 08:30:00,2024-10-16 09:00:00,2024-10-16 15:00:00,TICKER_1065.JP,2413.98,2421.59,0.516,0.215,16434.65,True
2024-10-16,2024-10-16 08:30:00,2024-10-16 09:00:00,2024-10-16 15:00:00,TICKER_1102.JP,2480.78,2514.0,1.542,1.239,94725.84,True
2024-10-16,2024-10-16 08:30:00,2024-10-16 09:00:00,2024-10-16 15:00:00,TICKER_1139.JP,2618.42,2664.3,1.956,1.652,126306.81,True
2024-10-17,2024-10-17 08:30:00,2024-10-17 09:00:00,2024-10-17 15:00:00,TICKER_0038.JP,1535.76,1539.89,0.469,0.169,13007.38,True
2024-10-17,2024-10-17 08:30:00,2024-10-17 09:00:00,2024-10-17 15:00:00,TICKER_0075.JP,1643.53,1646.97,0.41,0.109,8432.8,True
2024-10-17,2024-10-17 08:30:00,2024-10-17 09:00:00,2024-10-17 15:00:00,TICKER_0112.JP,1672.79,1658.44,-0.659,-0.958,-73923.58,False
2024-10-17,2024-10-17 08:30:00,2024-10-17 09:00:00,2024-10-17 15:00:00,TICKER_0149.JP,1814.58,1771.48,-2.18,-2.476,-191039.11,False
2024-10-17,2024-10-17 08:30:00,2024-10-17 09:00:00,2024-10-17 15:00:00,TICKER_0186.JP,1907.43,1954.01,2.648,2.342,180771.35,True
2024-10-17,2024-10-17 08:30:00,2024-10-17 09:00:00,2024-10-17 15:00:00,TICKER_0223.JP,1974.22,2018.8,2.463,2.158,166530.83,True
2024-10-17,2024-10-17 08:30:00,2024-10-17 09:00:00,2024-10-17 15:00:00,TICKER_0260.JP,2083.38,2118.81,1.904,1.6,123511.53,True
2024-10-17,2024-10-17 08:30:00,2024-10-17 09:00:00,2024-10-17 15:00:00,TICKER_0297.JP,2147.05,2100.6,-1.968,-2.264,-174698.14,False
2024-10-17,2024-10-17 08:30:00,2024-10-17 09:00:00,2024-10-17 15:00:00,TICKER_0334.JP,2222.0,2332.29,5.173,4.863,375308.94,True
2024-10-17,2024-10-17 08:30:00,2024-10-17 09:00:00,2024-10-17 15:00:00,TICKER_0371.JP,2324.55,2330.37,0.451,0.15,11587.88,True
2024-10-18,2024-10-18 08:30:00,2024-10-18 09:00:00,2024-10-18 15:00:00,TICKER_0103.JP,1609.33,1600.17,-0.37,-0.669,-51918.28,False
2024-10-18,2024-10-18 08:30:00,2024-10-18 09:00:00,2024-10-18 15:00:00,TICKER_0140.JP,1703.23,1720.54,1.218,0.916,71077.25,True
2024-10-18,2024-10-18 08:30:00,2024-10-18 09:00:00,2024-10-18 15:00:00,TICKER_0177.JP,1802.29,1797.28,-0.078,-0.378,-29324.98,False
2024-10-18,2024-10-18 08:30:00,2024-10-18 09:00:00,2024-10-18 15:00:00,TICKER_0214.JP,1862.22,1862.94,0.239,-0.062,-4780.5,False
2024-10-18,2024-10-18 08:30:00,2024-10-18 09:00:00,2024-10-18 15:00:00,TICKER_0251.JP,1935.1,1893.53,-1.952,-2.248,-174429.09,False
2024-10-18,2024-10-18 08:30:00,2024-10-18 09:00:00,2024-10-18 15:00:00,TICKER_0288.JP,2060.74,2118.32,3.0,2.694,209037.62,True
2024-10-18,2024-10-18 08:30:00,2024-10-18 09:00:00,2024-10-18 15:00:00,TICKER_0325.JP,2114.17,2155.05,2.138,1.834,142270.13,True
2024-10-18,2024-10-18 08:30:00,2024-10-18 09:00:00,2024-10-18 15:00:00,TICKER_0362.JP,2176.34,2226.7,2.519,2.214,171767.52,True
2024-10-18,2024-10-18 08:30:00,2024-10-18 09:00:00,2024-10-18 15:00:00,TICKER_0399.JP,2269.55,2335.43,3.109,2.803,217480.26,True
2024-10-18,2024-10-18 08:30:00,2024-10-18 09:00:00,2024-10-18 15:00:00,TICKER_0436.JP,2354.43,2354.19,0.19,-0.11,-8545.23,False
2024-10-21,2024-10-21 08:30:00,2024-10-21 09:00:00,2024-10-21 15:00:00,TICKER_0873.JP,1865.67,1858.92,-0.163,-0.462,-36087.57,False
2024-10-21,2024-10-21 08:30:00,2024-10-21 09:00:00,2024-10-21 15:00:00,TICKER_0910.JP,1985.35,2036.68,2.791,2.485,194113.87,True
2024-10-21,2024-10-21 08:30:00,2024-10-21 09:00:00,2024-10-21 15:00:00,TICKER_0947.JP,2049.66,2051.9,0.31,0.009,719.37,True
2024-10-21,2024-10-21 08:30:00,2024-10-21 09:00:00,2024-10-21 15:00:00,TICKER_0984.JP,2137.84,2208.92,3.532,3.225,251885.58,True
2024-10-21,2024-10-21 08:30:00,2024-10-21 09:00:00,2024-10-21 15:00:00,TICKER_1021.JP,2215.82,2239.79,1.284,0.982,76659.78,True
2024-10-21,2024-10-21 08:30:00,2024-10-21 09:00:00,2024-10-21 15:00:00,TICKER_1058.JP,2309.83,2337.25,1.39,1.087,84916.65,True
2024-10-21,2024-10-21 08:30:00,2024-10-21 09:00:00,2024-10-21 15:00:00,TICKER_1095.JP,2376.59,2346.65,-1.062,-1.36,-106215.17,False
2024-10-21,2024-10-21 08:30:00,2024-10-21 09:00:00,2024-10-21 15:00:00,TICKER_1132.JP,2443.85,2461.79,0.936,0.634,49506.6,True
2024-10-21,2024-10-21 08:30:00,2024-10-21 09:00:00,2024-10-21 15:00:00,TICKER_1169.JP,2586.65,2649.52,2.635,2.33,182006.45,True
2024-10-21,2024-10-21 08:30:00,2024-10-21 09:00:00,2024-10-21 15:00:00,TICKER_1206.JP,2675.68,2733.47,2.364,2.06,160882.45,True
2024-10-22,2024-10-22 08:30:00,2024-10-22 09:00:00,2024-10-22 15:00:00,TICKER_0570.JP,1595.3,1644.71,3.304,2.997,236538.05,True
2024-10-22,2024-10-22 08:30:00,2024-10-22 09:00:00,2024-10-22 15:00:00,TICKER_0607.JP,1673.2,1686.41,0.991,0.69,54417.0,True
2024-10-22,2024-10-22 08:30:00,2024-10-22 09:00:00,2024-10-22 15:00:00,TICKER_0644.JP,1750.53,1765.36,1.049,0.747,58984.83,True
2024-10-22,2024-10-22 08:30:00,2024-10-22 09:00:00,2024-10-22 15:00:00,TICKER_0681.JP,1838.9,1839.72,0.245,-0.055,-4366.85,False
2024-10-22,2024-10-22 08:30:00,2024-10-22 09:00:00,2024-10-22 15:00:00,TICKER_0718.JP,1916.84,1961.41,2.53,2.225,175575.25,True
2024-10-22,2024-10-22 08:30:00,2024-10-22 09:00:00,2024-10-22 15:00:00,TICKER_0755.JP,1997.36,1949.52,-2.2,-2.495,-196904.5,False
2024-10-22,2024-10-22 08:30:00,2024-10-22 09:00:00,2024-10-22 15:00:00,TICKER_0792.JP,2133.25,2130.5,0.071,-0.229,-18079.4,False
2024-10-22,2024-10-22 08:30:00,2024-10-22 09:00:00,2024-10-22 15:00:00,TICKER_0829.JP,2196.23,2218.98,1.238,0.936,73838.98,True
2024-10-22,2024-10-22 08:30:00,2024-10-22 09:00:00,2024-10-22 15:00:00,TICKER_0866.JP,2246.09,2275.54,1.514,1.211,95578.53,True
2024-10-22,2024-10-22 08:30:00,2024-10-22 09:00:00,2024-10-22 15:00:00,TICKER_0903.JP,2344.29,2405.71,2.825,2.52,198875.07,True
2024-10-23,2024-10-23 08:30:00,2024-10-23 09:00:00,2024-10-23 15:00:00,TICKER_0948.JP,1958.46,1955.78,0.063,-0.237,-18819.81,False
2024-10-23,2024-10-23 08:30:00,2024-10-23 09:00:00,2024-10-23 15:00:00,TICKER_0985.JP,2045.28,2027.59,-0.667,-0.965,-76780.02,False
2024-10-23,2024-10-23 08:30:00,2024-10-23 09:00:00,2024-10-23 15:00:00,TICKER_1022.JP,2146.08,2198.5,2.647,2.342,186359.39,True
2024-10-23,2024-10-23 08:30:00,2024-10-23 09:00:00,2024-10-23 15:00:00,TICKER_1059.JP,2235.53,2215.81,-0.684,-0.982,-78142.0,False
2024-10-23,2024-10-23 08:30:00,2024-10-23 09:00:00,2024-10-23 15:00:00,TICKER_1096.JP,2286.9,2344.3,2.715,2.41,191730.9,True
2024-10-23,2024-10-23 08:30:00,2024-10-23 09:00:00,2024-10-23 15:00:00,TICKER_1133.JP,2418.71,2364.45,-2.047,-2.343,-186414.36,False
2024-10-23,2024-10-23 08:30:00,2024-10-23 09:00:00,2024-10-23 15:00:00,TICKER_1170.JP,2492.81,2536.66,1.963,1.659,131996.43,True
2024-10-23,2024-10-23 08:30:00,2024-10-23 09:00:00,2024-10-23 15:00:00,TICKER_1207.JP,2539.21,2555.31,0.836,0.534,42506.68,True
2024-10-23,2024-10-23 08:30:00,2024-10-23 09:00:00,2024-10-23 15:00:00,TICKER_1244.JP,2624.79,2709.93,3.45,3.144,250097.37,True
2024-10-23,2024-10-23 08:30:00,2024-10-23 09:00:00,2024-10-23 15:00:00,TICKER_1281.JP,2785.26,2746.75,-1.185,-1.483,-117964.22,False
2024-10-24,2024-10-24 08:30:00,2024-10-24 09:00:00,2024-10-24 15:00:00,TICKER_0534.JP,1549.35,1555.86,0.622,0.32,25596.67,True
2024-10-24,2024-10-24 08:30:00,2024-10-24 09:00:00,2024-10-24 15:00:00,TICKER_0571.JP,1632.55,1628.37,-0.056,-0.356,-28440.94,False
2024-10-24,2024-10-24 08:30:00,2024-10-24 09:00:00,2024-10-24 15:00:00,TICKER_0608.JP,1719.42,1756.61,2.368,2.063,164782.2,True
2024-10-24,2024-10-24 08:30:00,2024-10-24 09:00:00,2024-10-24 15:00:00,TICKER_0645.JP,1801.63,1842.95,2.498,2.193,175169.28,True
2024-10-24,2024-10-24 08:30:00,2024-10-24 09:00:00,2024-10-24 15:00:00,TICKER_0682.JP,1865.25,1868.85,0.393,0.093,7410.43,True
2024-10-24,2024-10-24 08:30:00,2024-10-24 09:00:00,2024-10-24 15:00:00,TICKER_0719.JP,1960.56,2019.09,3.192,2.885,230451.5,True
2024-10-24,2024-10-24 08:30:00,2024-10-24 09:00:00,2024-10-24 15:00:00,TICKER_0756.JP,2045.6,2088.23,2.288,1.984,158442.38,True
2024-10-24,2024-10-24 08:30:00,2024-10-24 09:00:00,2024-10-24 15:00:00,TICKER_0793.JP,2131.08,2146.5,0.925,0.624,49813.13,True
2024-10-24,2024-10-24 08:30:00,2024-10-24 09:00:00,2024-10-24 15:00:00,TICKER_0830.JP,2189.56,2236.17,2.333,2.029,162047.77,True
2024-10-24,2024-10-24 08:30:00,2024-10-24 09:00:00,2024-10-24 15:00:00,TICKER_0867.JP,2326.2,2350.98,1.267,0.965,77068.65,True
2024-10-25,2024-10-25 08:30:00,2024-10-25 09:00:00,2024-10-25 15:00:00,TICKER_0312.JP,1805.74,1788.86,-0.737,-1.035,-83673.02,False
2024-10-25,2024-10-25 08:30:00,2024-10-25 09:00:00,2024-10-25 15:00:00,TICKER_0349.JP,1893.85,1925.77,1.889,1.585,128169.02,True
2024-10-25,2024-10-25 08:30:00,2024-10-25 09:00:00,2024-10-25 15:00:00,TICKER_0386.JP,2011.46,1964.58,-2.135,-2.43,-196476.55,False
2024-10-25,2024-10-25 08:30:00,2024-10-25 09:00:00,2024-10-25 15:00:00,TICKER_0423.JP,2104.75,2056.41,-2.101,-2.397,-193753.31,False
2024-10-25,2024-10-25 08:30:00,2024-10-25 09:00:00,2024-10-25 15:00:00,TICKER_0460.JP,2161.26,2243.65,4.02,3.712,300106.05,True
2024-10-25,2024-10-25 08:30:00,2024-10-25 09:00:00,2024-10-25 15:00:00,TICKER_0497.JP,2219.54,2288.97,3.335,3.028,244798.16,True
2024-10-25,2024-10-25 08:30:00,2024-10-25 09:00:00,2024-10-25 15:00:00,TICKER_0534.JP,2305.18,2386.89,3.752,3.445,278454.47,True
2024-10-25,2024-10-25 08:30:00,2024-10-25 09:00:00,2024-10-25 15:00:00,TICKER_0571.JP,2417.96,2490.85,3.221,2.915,235613.41,True
2024-10-25,2024-10-25 08:30:00,2024-10-25 09:00:00,2024-10-25 15:00:00,TICKER_0608.JP,2456.73,2515.93,2.615,2.31,186706.65,True
2024-10-25,2024-10-25 08:30:00,2024-10-25 09:00:00,2024-10-25 15:00:00,TICKER_0645.JP,2610.02,2630.1,0.971,0.669,54109.08,True
2024-10-28,2024-10-28 08:30:00,2024-10-28 09:00:00,2024-10-28 15:00:00,TICKER_0352.JP,1888.94,1912.15,1.431,1.129,92264.66,True
2024-10-28,2024-10-28 08:30:00,2024-10-28 09:00:00,2024-10-28 15:00:00,TICKER_0389.JP,1947.51,1976.74,1.704,1.401,114541.55,True
2024-10-28,2024-10-28 08:30:00,2024-10-28 09:00:00,2024-10-28 15:00:00,TICKER_0426.JP,2059.78,2112.77,2.778,2.472,202115.53,True
2024-10-28,2024-10-28 08:30:00,2024-10-28 09:00:00,2024-10-28 15:00:00,TICKER_0463.JP,2152.56,2129.31,-0.882,-1.18,-96476.25,False
2024-10-28,2024-10-28 08:30:00,2024-10-28 09:00:00,2024-10-28 15:00:00,TICKER_0500.JP,2207.7,2247.38,2.001,1.698,138769.63,True
2024-10-28,2024-10-28 08:30:00,2024-10-28 09:00:00,2024-10-28 15:00:00,TICKER_0537.JP,2258.89,2275.02,0.916,0.614,50219.63,True
2024-10-28,2024-10-28 08:30:00,2024-10-28 09:00:00,2024-10-28 15:00:00,TICKER_0574.JP,2381.05,2380.03,0.157,-0.143,-11680.17,False
2024-10-28,2024-10-28 08:30:00,2024-10-28 09:00:00,2024-10-28 15:00:00,TICKER_0611.JP,2497.92,2578.56,3.435,3.128,255736.68,True
2024-10-28,2024-10-28 08:30:00,2024-10-28 09:00:00,2024-10-28 15:00:00,TICKER_0648.JP,2533.45,2483.17,-1.788,-2.085,-170400.38,False
2024-10-28,2024-10-28 08:30:00,2024-10-28 09:00:00,2024-10-28 15:00:00,TICKER_0685.JP,2615.55,2516.58,-3.591,-3.884,-317500.05,False
2024-10-29,2024-10-29 08:30:00,2024-10-29 09:00:00,2024-10-29 15:00:00,TICKER_0206.JP,1707.87,1714.89,0.612,0.311,25537.05,True
2024-10-29,2024-10-29 08:30:00,2024-10-29 09:00:00,2024-10-29 15:00:00,TICKER_0243.JP,1794.64,1831.79,2.274,1.97,161496.27,True
2024-10-29,2024-10-29 08:30:00,2024-10-29 09:00:00,2024-10-29 15:00:00,TICKER_0280.JP,1907.4,1911.98,0.441,0.14,11491.04,True
2024-10-29,2024-10-29 08:30:00,2024-10-29 09:00:00,2024-10-29 15:00:00,TICKER_0317.JP,1984.79,1922.54,-2.943,-3.237,-265380.54,False
2024-10-29,2024-10-29 08:30:00,2024-10-29 09:00:00,2024-10-29 15:00:00,TICKER_0354.JP,2092.74,2068.82,-0.945,-1.243,-101920.42,False
2024-10-29,2024-10-29 08:30:00,2024-10-29 09:00:00,2024-10-29 15:00:00,TICKER_0391.JP,2156.3,2126.07,-1.205,-1.502,-123153.76,False
2024-10-29,2024-10-29 08:30:00,2024-10-29 09:00:00,2024-10-29 15:00:00,TICKER_0428.JP,2238.97,2239.4,0.22,-0.081,-6618.45,False
2024-10-29,2024-10-29 08:30:00,2024-10-29 09:00:00,2024-10-29 15:00:00,TICKER_0465.JP,2262.58,2231.6,-1.172,-1.469,-120478.55,False
2024-10-29,2024-10-29 08:30:00,2024-10-29 09:00:00,2024-10-29 15:00:00,TICKER_0502.JP,2458.45,2408.69,-1.828,-2.124,-174142.13,False
2024-10-29,2024-10-29 08:30:00,2024-10-29 09:00:00,2024-10-29 15:00:00,TICKER_0539.JP,2525.46,2554.13,1.338,1.035,84881.08,True
2024-10-30,2024-10-30 08:30:00,2024-10-30 09:00:00,2024-10-30 15:00:00,TICKER_0319.JP,1832.63,1893.79,3.544,3.237,263879.29,True
2024-10-30,2024-10-30 08:30:00,2024-10-30 09:00:00,2024-10-30 15:00:00,TICKER_0356.JP,1915.5,1932.92,1.111,0.809,65938.3,True
2024-10-30,2024-10-30 08:30:00,2024-10-30 09:00:00,2024-10-30 15:00:00,TICKER_0393.JP,2008.23,2023.35,0.955,0.653,53250.84,True
2024-10-30,2024-10-30 08:30:00,2024-10-30 09:00:00,2024-10-30 15:00:00,TICKER_0430.JP,2054.42,2123.31,3.56,3.253,265174.46,True
2024-10-30,2024-10-30 08:30:00,2024-10-30 09:00:00,2024-10-30 15:00:00,TICKER_0467.JP,2210.1,2245.55,1.808,1.504,122603.83,True
2024-10-30,2024-10-30 08:30:00,2024-10-30 09:00:00,2024-10-30 15:00:00,TICKER_0504.JP,2249.36,2210.39,-1.536,-1.832,-149361.7,False
2024-10-30,2024-10-30 08:30:00,2024-10-30 09:00:00,2024-10-30 15:00:00,TICKER_0541.JP,2372.2,2413.59,1.949,1.645,134077.93,True
2024-10-30,2024-10-30 08:30:00,2024-10-30 09:00:00,2024-10-30 15:00:00,TICKER_0578.JP,2441.47,2524.46,3.606,3.299,268922.64,True
2024-10-30,2024-10-30 08:30:00,2024-10-30 09:00:00,2024-10-30 15:00:00,TICKER_0615.JP,2482.27,2441.54,-1.444,-1.741,-141904.28,False
2024-10-30,2024-10-30 08:30:00,2024-10-30 09:00:00,2024-10-30 15:00:00,TICKER_0652.JP,2612.93,2660.92,2.04,1.736,141537.26,True
2024-10-31,2024-10-31 08:30:00,2024-10-31 09:00:00,2024-10-31 15:00:00,TICKER_0565.JP,1563.35,1591.63,2.012,1.709,140927.76,True
2024-10-31,2024-10-31 08:30:00,2024-10-31 09:00:00,2024-10-31 15:00:00,TICKER_0602.JP,1668.41,1678.9,0.83,0.529,43624.43,True
2024-10-31,2024-10-31 08:30:00,2024-10-31 09:00:00,2024-10-31 15:00:00,TICKER_0639.JP,1761.83,1766.73,0.479,0.178,14698.16,True
2024-10-31,2024-10-31 08:30:00,2024-10-31 09:00:00,2024-10-31 15:00:00,TICKER_0676.JP,1823.83,1892.11,3.951,3.643,300513.45,True
2024-10-31,2024-10-31 08:30:00,2024-10-31 09:00:00,2024-10-31 15:00:00,TICKER_0713.JP,1921.11,1953.15,1.872,1.568,129336.72,True
2024-10-31,2024-10-31 08:30:00,2024-10-31 09:00:00,2024-10-31 15:00:00,TICKER_0750.JP,2007.39,2051.22,2.388,2.084,171849.06,True
2024-10-31,2024-10-31 08:30:00,2024-10-31 09:00:00,2024-10-31 15:00:00,TICKER_0787.JP,2089.39,2172.82,4.201,3.893,321091.63,True
2024-10-31,2024-10-31 08:30:00,2024-10-31 09:00:00,2024-10-31 15:00:00,TICKER_0824.JP,2176.2,2178.86,0.322,0.022,1814.43,True
2024-10-31,2024-10-31 08:30:00,2024-10-31 09:00:00,2024-10-31 15:00:00,TICKER_0861.JP,2235.41,2192.64,-1.717,-2.014,-166087.51,False
2024-10-31,2024-10-31 08:30:00,2024-10-31 09:00:00,2024-10-31 15:00:00,TICKER_0898.JP,2303.18,2282.29,-0.709,-1.007,-83078.19,False
2024-11-01,2024-11-01 08:30:00,2024-11-01 09:00:00,2024-11-01 15:00:00,TICKER_0832.JP,1830.84,1879.39,2.857,2.552,212592.74,True
2024-11-01,2024-11-01 08:30:00,2024-11-01 09:00:00,2024-11-01 15:00:00,TICKER_0869.JP,1938.93,1965.93,1.596,1.293,107704.26,True
2024-11-01,2024-11-01 08:30:00,2024-11-01 09:00:00,2024-11-01 15:00:00,TICKER_0906.JP,2037.73,2171.16,6.761,6.448,537196.9,True
2024-11-01,2024-11-01 08:30:00,2024-11-01 09:00:00,2024-11-01 15:00:00,TICKER_0943.JP,2084.48,2078.62,-0.082,-0.381,-31764.57,False
2024-11-01,2024-11-01 08:30:00,2024-11-01 09:00:00,2024-11-01 15:00:00,TICKER_0980.JP,2181.64,2236.8,2.734,2.428,202317.75,True
2024-11-01,2024-11-01 08:30:00,2024-11-01 09:00:00,2024-11-01 15:00:00,TICKER_1017.JP,2254.73,2285.1,1.55,1.247,103885.6,True
2024-11-01,2024-11-01 08:30:00,2024-11-01 09:00:00,2024-11-01 15:00:00,TICKER_1054.JP,2323.39,2359.87,1.773,1.47,122466.31,True
2024-11-01,2024-11-01 08:30:00,2024-11-01 09:00:00,2024-11-01 15:00:00,TICKER_1091.JP,2469.28,2502.84,1.562,1.259,104924.45,True
2024-11-01,2024-11-01 08:30:00,2024-11-01 09:00:00,2024-11-01 15:00:00,TICKER_1128.JP,2539.47,2670.41,5.367,5.056,421240.75,True
2024-11-01,2024-11-01 08:30:00,2024-11-01 09:00:00,2024-11-01 15:00:00,TICKER_1165.JP,2606.77,2683.91,3.165,2.859,238203.52,True
2024-11-04,2024-11-04 08:30:00,2024-11-04 09:00:00,2024-11-04 15:00:00,TICKER_0668.JP,1700.12,1747.7,3.005,2.699,230013.6,True
2024-11-04,2024-11-04 08:30:00,2024-11-04 09:00:00,2024-11-04 15:00:00,TICKER_0705.JP,1788.19,1766.73,-1.002,-1.3,-110782.52,False
2024-11-04,2024-11-04 08:30:00,2024-11-04 09:00:00,2024-11-04 15:00:00,TICKER_0742.JP,1852.63,1912.07,3.415,3.108,264906.56,True
2024-11-04,2024-11-04 08:30:00,2024-11-04 09:00:00,2024-11-04 15:00:00,TICKER_0779.JP,1950.91,1983.4,1.869,1.566,133441.12,True
2024-11-04,2024-11-04 08:30:00,2024-11-04 09:00:00,2024-11-04 15:00:00,TICKER_0816.JP,2023.99,2079.63,2.955,2.649,225759.55,True
2024-11-04,2024-11-04 08:30:00,2024-11-04 09:00:00,2024-11-04 15:00:00,TICKER_0853.JP,2085.13,2100.27,0.927,0.626,53339.46,True
2024-11-04,2024-11-04 08:30:00,2024-11-04 09:00:00,2024-11-04 15:00:00,TICKER_0890.JP,2200.86,2329.38,6.051,5.74,489176.94,True
2024-11-04,2024-11-04 08:30:00,2024-11-04 09:00:00,2024-11-04 15:00:00,TICKER_0927.JP,2276.87,2289.28,0.746,0.445,37907.93,True
2024-11-04,2024-11-04 08:30:00,2024-11-04 09:00:00,2024-11-04 15:00:00,TICKER_0964.JP,2375.67,2398.78,1.175,0.873,74370.31,True
2024-11-04,2024-11-04 08:30:00,2024-11-04 09:00:00,2024-11-04 15:00:00,TICKER_1001.JP,2472.41,2437.36,-1.22,-1.518,-129347.33,False
2024-11-05,2024-11-05 08:30:00,2024-11-05 09:00:00,2024-11-05 15:00:00,TICKER_0297.JP,1831.48,1809.94,-0.978,-1.276,-110306.04,False
2024-11-05,2024-11-05 08:30:00,2024-11-05 09:00:00,2024-11-05 15:00:00,TICKER_0334.JP,1917.86,1906.51,-0.392,-0.692,-59770.83,False
2024-11-05,2024-11-05 08:30:00,2024-11-05 09:00:00,2024-11-05 15:00:00,TICKER_0371.JP,1994.31,2016.09,1.294,0.992,85750.7,True
2024-11-05,2024-11-05 08:30:00,2024-11-05 09:00:00,2024-11-05 15:00:00,TICKER_0408.JP,2081.14,2114.48,1.806,1.502,129843.88,True
2024-11-05,2024-11-05 08:30:00,2024-11-05 09:00:00,2024-11-05 15:00:00,TICKER_0445.JP,2162.94,2175.15,0.766,0.465,40157.36,True
2024-11-05,2024-11-05 08:30:00,2024-11-05 09:00:00,2024-11-05 15:00:00,TICKER_0482.JP,2228.54,2254.46,1.366,1.063,91915.57,True
2024-11-05,2024-11-05 08:30:00,2024-11-05 09:00:00,2024-11-05 15:00:00,TICKER_0519.JP,2301.21,2302.09,0.238,-0.062,-5350.55,False
2024-11-05,2024-11-05 08:30:00,2024-11-05 09:00:00,2024-11-05 15:00:00,TICKER_0556.JP,2394.68,2341.74,-2.015,-2.311,-199750.87,False
2024-11-05,2024-11-05 08:30:00,2024-11-05 09:00:00,2024-11-05 15:00:00,TICKER_0593.JP,2468.68,2517.85,2.196,1.892,163525.7,True
2024-11-05,2024-11-05 08:30:00,2024-11-05 09:00:00,2024-11-05 15:00:00,TICKER_0630.JP,2535.97,2542.64,0.464,0.163,14094.89,True
2024-11-06,2024-11-06 08:30:00,2024-11-06 09:00:00,2024-11-06 15:00:00,TICKER_0999.JP,1988.2,2010.64,1.331,1.029,89063.89,True
2024-11-06,2024-11-06 08:30:00,2024-11-06 09:00:00,2024-11-06 15:00:00,TICKER_1036.JP,2094.24,2091.02,0.046,-0.254,-21991.21,False
2024-11-06,2024-11-06 08:30:00,2024-11-06 09:00:00,2024-11-06 15:00:00,TICKER_1073.JP,2183.41,2171.98,-0.325,-0.624,-54001.78,False
2024-11-06,2024-11-06 08:30:00,2024-11-06 09:00:00,2024-11-06 15:00:00,TICKER_1110.JP,2270.82,2262.49,-0.168,-0.467,-40429.39,False
2024-11-06,2024-11-06 08:30:00,2024-11-06 09:00:00,2024-11-06 15:00:00,TICKER_1147.JP,2347.32,2381.27,1.649,1.346,116529.83,True
2024-11-06,2024-11-06 08:30:00,2024-11-06 09:00:00,2024-11-06 15:00:00,TICKER_1184.JP,2434.93,2372.59,-2.365,-2.661,-230343.07,False
2024-11-06,2024-11-06 08:30:00,2024-11-06 09:00:00,2024-11-06 15:00:00,TICKER_1221.JP,2534.9,2564.57,1.373,1.07,92679.37,True
2024-11-06,2024-11-06 08:30:00,2024-11-06 09:00:00,2024-11-06 15:00:00,TICKER_1258.JP,2628.4,2653.06,1.141,0.839,72598.59,True
2024-11-06,2024-11-06 08:30:00,2024-11-06 09:00:00,2024-11-06 15:00:00,TICKER_1295.JP,2662.61,2631.88,-0.956,-1.254,-108594.02,False
2024-11-06,2024-11-06 08:30:00,2024-11-06 09:00:00,2024-11-06 15:00:00,TICKER_1332.JP,2796.14,2951.71,5.775,5.463,473011.75,True
2024-11-07,2024-11-07 08:30:00,2024-11-07 09:00:00,2024-11-07 15:00:00,TICKER_0321.JP,1840.41,1829.1,-0.416,-0.715,-62124.25,False
2024-11-07,2024-11-07 08:30:00,2024-11-07 09:00:00,2024-11-07 15:00:00,TICKER_0358.JP,1939.31,1956.5,1.089,0.787,68393.42,True
2024-11-07,2024-11-07 08:30:00,2024-11-07 09:00:00,2024-11-07 15:00:00,TICKER_0395.JP,2026.24,2080.77,2.896,2.591,225264.49,True
2024-11-07,2024-11-07 08:30:00,2024-11-07 09:00:00,2024-11-07 15:00:00,TICKER_0432.JP,2046.6,2087.01,2.178,1.874,162964.99,True
2024-11-07,2024-11-07 08:30:00,2024-11-07 09:00:00,2024-11-07 15:00:00,TICKER_0469.JP,2163.88,2205.98,2.15,1.846,160467.08,True
2024-11-07,2024-11-07 08:30:00,2024-11-07 09:00:00,2024-11-07 15:00:00,TICKER_0506.JP,2242.07,2280.71,1.927,1.623,141138.84,True
2024-11-07,2024-11-07 08:30:00,2024-11-07 09:00:00,2024-11-07 15:00:00,TICKER_0543.JP,2363.44,2434.98,3.233,2.927,254493.23,True
2024-11-07,2024-11-07 08:30:00,2024-11-07 09:00:00,2024-11-07 15:00:00,TICKER_0580.JP,2461.86,2522.6,2.673,2.367,205842.88,True
2024-11-07,2024-11-07 08:30:00,2024-11-07 09:00:00,2024-11-07 15:00:00,TICKER_0617.JP,2500.57,2565.56,2.805,2.499,217293.6,True
2024-11-07,2024-11-07 08:30:00,2024-11-07 09:00:00,2024-11-07 15:00:00,TICKER_0654.JP,2599.48,2627.98,1.299,0.996,86639.77,True
2024-11-08,2024-11-08 08:30:00,2024-11-08 09:00:00,2024-11-08 15:00:00,TICKER_0056.JP,1558.6,1638.95,5.366,5.055,446566.11,True
2024-11-08,2024-11-08 08:30:00,2024-11-08 09:00:00,2024-11-08 15:00:00,TICKER_0093.JP,1645.52,1624.5,-1.08,-1.377,-121671.67,False
2024-11-08,2024-11-08 08:30:00,2024-11-08 09:00:00,2024-11-08 15:00:00,TICKER_0130.JP,1735.72,1712.52,-1.14,-1.437,-126944.0,False
2024-11-08,2024-11-08 08:30:00,2024-11-08 09:00:00,2024-11-08 15:00:00,TICKER_0167.JP,1847.4,1830.17,-0.734,-1.033,-91207.62,False
2024-11-08,2024-11-08 08:30:00,2024-11-08 09:00:00,2024-11-08 15:00:00,TICKER_0204.JP,1865.35,1866.23,0.247,-0.053,-4673.68,False
2024-11-08,2024-11-08 08:30:00,2024-11-08 09:00:00,2024-11-08 15:00:00,TICKER_0241.JP,1958.63,1993.02,1.96,1.656,146302.81,True
2024-11-08,2024-11-08 08:30:00,2024-11-08 09:00:00,2024-11-08 15:00:00,TICKER_0278.JP,2040.3,2086.06,2.448,2.143,189298.38,True
2024-11-08,2024-11-08 08:30:00,2024-11-08 09:00:00,2024-11-08 15:00:00,TICKER_0315.JP,2119.92,2168.73,2.507,2.203,194556.36,True
2024-11-08,2024-11-08 08:30:00,2024-11-08 09:00:00,2024-11-08 15:00:00,TICKER_0352.JP,2234.92,2321.09,4.063,3.755,331724.19,True
2024-11-08,2024-11-08 08:30:00,2024-11-08 09:00:00,2024-11-08 15:00:00,TICKER_0389.JP,2345.66,2449.25,4.625,4.316,381251.22,True
2024-11-11,2024-11-11 08:30:00,2024-11-11 09:00:00,2024-11-11 15:00:00,TICKER_0586.JP,1610.35,1682.68,4.701,4.391,393520.03,True
2024-11-11,2024-11-11 08:30:00,2024-11-11 09:00:00,2024-11-11 15:00:00,TICKER_0623.JP,1695.96,1712.4,1.171,0.869,77860.73,True
2024-11-11,2024-11-11 08:30:00,2024-11-11 09:00:00,2024-11-11 15:00:00,TICKER_0660.JP,1754.56,1742.35,-0.497,-0.796,-71357.34,False
2024-11-11,2024-11-11 08:30:00,2024-11-11 09:00:00,2024-11-11 15:00:00,TICKER_0697.JP,1871.59,1876.38,0.457,0.156,13983.05,True
2024-11-11,2024-11-11 08:30:00,2024-11-11 09:00:00,2024-11-11 15:00:00,TICKER_0734.JP,1947.7,1939.81,-0.206,-0.505,-45250.94,False
2024-11-11,2024-11-11 08:30:00,2024-11-11 09:00:00,2024-11-11 15:00:00,TICKER_0771.JP,2006.85,2014.64,0.589,0.288,25816.68,True
2024-11-11,2024-11-11 08:30:00,2024-11-11 09:00:00,2024-11-11 15:00:00,TICKER_0808.JP,2126.76,2127.84,0.251,-0.049,-4430.0,False
2024-11-11,2024-11-11 08:30:00,2024-11-11 09:00:00,2024-11-11 15:00:00,TICKER_0845.JP,2184.15,2214.61,1.598,1.295,116015.74,True
2024-11-11,2024-11-11 08:30:00,2024-11-11 09:00:00,2024-11-11 15:00:00,TICKER_0882.JP,2272.86,2348.07,3.516,3.209,287564.73,True
2024-11-11,2024-11-11 08:30:00,2024-11-11 09:00:00,2024-11-11 15:00:00,TICKER_0919.JP,2333.54,2405.61,3.295,2.988,267802.68,True
2024-11-12,2024-11-12 08:30:00,2024-11-12 09:00:00,2024-11-12 15:00:00,TICKER_0666.JP,1665.37,1687.73,1.545,1.242,112591.59,True
2024-11-12,2024-11-12 08:30:00,2024-11-12 09:00:00,2024-11-12 15:00:00,TICKER_0703.JP,1731.82,1705.57,-1.318,-1.616,-146405.74,False
2024-11-12,2024-11-12 08:30:00,2024-11-12 09:00:00,2024-11-12 15:00:00,TICKER_0740.JP,1858.09,1915.75,3.31,3.004,272180.15,True
2024-11-12,2024-11-12 08:30:00,2024-11-12 09:00:00,2024-11-12 15:00:00,TICKER_0777.JP,1928.74,1966.97,2.187,1.882,170578.92,True
2024-11-12,2024-11-12 08:30:00,2024-11-12 09:00:00,2024-11-12 15:00:00,TICKER_0814.JP,2007.56,1976.42,-1.354,-1.651,-149599.59,False
2024-11-12,2024-11-12 08:30:00,2024-11-12 09:00:00,2024-11-12 15:00:00,TICKER_0851.JP,2078.29,2049.75,-1.176,-1.473,-133497.47,False
2024-11-12,2024-11-12 08:30:00,2024-11-12 09:00:00,2024-11-12 15:00:00,TICKER_0888.JP,2184.77,2198.2,0.816,0.515,46630.74,True
2024-11-12,2024-11-12 08:30:00,2024-11-12 09:00:00,2024-11-12 15:00:00,TICKER_0925.JP,2247.96,2252.72,0.412,0.112,10123.9,True
2024-11-12,2024-11-12 08:30:00,2024-11-12 09:00:00,2024-11-12 15:00:00,TICKER_0962.JP,2395.12,2299.83,-3.786,-4.079,-369613.66,False
2024-11-12,2024-11-12 08:30:00,2024-11-12 09:00:00,2024-11-12 15:00:00,TICKER_0999.JP,2407.42,2466.99,2.68,2.375,215193.26,True
2024-11-13,2024-11-13 08:30:00,2024-11-13 09:00:00,2024-11-13 15:00:00,TICKER_0123.JP,1632.86,1643.96,0.882,0.58,52573.69,True
2024-11-13,2024-11-13 08:30:00,2024-11-13 09:00:00,2024-11-13 15:00:00,TICKER_0160.JP,1719.66,1746.75,1.779,1.476,133751.68,True
2024-11-13,2024-11-13 08:30:00,2024-11-13 09:00:00,2024-11-13 15:00:00,TICKER_0197.JP,1815.49,1828.56,0.921,0.62,56173.14,True
2024-11-13,2024-11-13 08:30:00,2024-11-13 09:00:00,2024-11-13 15:00:00,TICKER_0234.JP,1876.99,1899.84,1.42,1.118,101302.3,True
2024-11-13,2024-11-13 08:30:00,2024-11-13 09:00:00,2024-11-13 15:00:00,TICKER_0271.JP,1965.58,1982.72,1.074,0.772,69941.72,True
2024-11-13,2024-11-13 08:30:00,2024-11-13 09:00:00,2024-11-13 15:00:00,TICKER_0308.JP,2066.45,2095.98,1.632,1.329,120460.81,True
2024-11-13,2024-11-13 08:30:00,2024-11-13 09:00:00,2024-11-13 15:00:00,TICKER_0345.JP,2139.89,2162.26,1.248,0.945,85686.96,True
2024-11-13,2024-11-13 08:30:00,2024-11-13 09:00:00,2024-11-13 15:00:00,TICKER_0382.JP,2222.15,2278.15,2.725,2.42,219372.01,True
2024-11-13,2024-11-13 08:30:00,2024-11-13 09:00:00,2024-11-13 15:00:00,TICKER_0419.JP,2345.89,2378.08,1.575,1.272,115304.42,True
2024-11-13,2024-11-13 08:30:00,2024-11-13 09:00:00,2024-11-13 15:00:00,TICKER_0456.JP,2403.35,2463.49,2.708,2.402,217776.83,True
2024-11-14,2024-11-14 08:30:00,2024-11-14 09:00:00,2024-11-14 15:00:00,TICKER_0368.JP,1867.49,1879.26,0.832,0.53,48672.96,True
2024-11-14,2024-11-14 08:30:00,2024-11-14 09:00:00,2024-11-14 15:00:00,TICKER_0405.JP,1956.26,1957.61,0.269,-0.031,-2861.95,False
2024-11-14,2024-11-14 08:30:00,2024-11-14 09:00:00,2024-11-14 15:00:00,TICKER_0442.JP,2062.78,2075.67,0.826,0.525,48170.67,True
2024-11-14,2024-11-14 08:30:00,2024-11-14 09:00:00,2024-11-14 15:00:00,TICKER_0479.JP,2124.78,2139.83,0.91,0.608,55798.84,True
2024-11-14,2024-11-14 08:30:00,2024-11-14 09:00:00,2024-11-14 15:00:00,TICKER_0516.JP,2233.64,2294.39,2.926,2.62,240400.51,True
2024-11-14,2024-11-14 08:30:00,2024-11-14 09:00:00,2024-11-14 15:00:00,TICKER_0553.JP,2323.38,2433.67,4.957,4.647,426420.31,True
2024-11-14,2024-11-14 08:30:00,2024-11-14 09:00:00,2024-11-14 15:00:00,TICKER_0590.JP,2400.32,2454.3,2.454,2.149,197202.37,True
2024-11-14,2024-11-14 08:30:00,2024-11-14 09:00:00,2024-11-14 15:00:00,TICKER_0627.JP,2438.08,2471.02,1.554,1.251,114802.12,True
2024-11-14,2024-11-14 08:30:00,2024-11-14 09:00:00,2024-11-14 15:00:00,TICKER_0664.JP,2544.35,2556.59,0.682,0.381,34963.44,True
2024-11-14,2024-11-14 08:30:00,2024-11-14 09:00:00,2024-11-14 15:00:00,TICKER_0701.JP,2668.45,2704.0,1.535,1.233,113096.87,True
2024-11-15,2024-11-15 08:30:00,2024-11-15 09:00:00,2024-11-15 15:00:00,TICKER_0778.JP,1805.28,1834.69,1.833,1.529,142166.66,True
2024-11-15,2024-11-15 08:30:00,2024-11-15 09:00:00,2024-11-15 15:00:00,TICKER_0815.JP,1877.61,1879.42,0.297,-0.003,-320.06,False
2024-11-15,2024-11-15 08:30:00,2024-11-15 09:00:00,2024-11-15 15:00:00,TICKER_0852.JP,1963.55,1982.58,1.171,0.869,80780.09,True
2024-11-15,2024-11-15 08:30:00,2024-11-15 09:00:00,2024-11-15 15:00:00,TICKER_0889.JP,2041.15,2061.97,1.222,0.92,85522.76,True
2024-11-15,2024-11-15 08:30:00,2024-11-15 09:00:00,2024-11-15 15:00:00,TICKER_0926.JP,2110.44,2152.73,2.208,1.904,176993.73,True
2024-11-15,2024-11-15 08:30:00,2024-11-15 09:00:00,2024-11-15 15:00:00,TICKER_0963.JP,2182.72,2264.81,3.969,3.661,340377.77,True
2024-11-15,2024-11-15 08:30:00,2024-11-15 09:00:00,2024-11-15 15:00:00,TICKER_1000.JP,2283.24,2299.93,0.933,0.631,58651.41,True
2024-11-15,2024-11-15 08:30:00,2024-11-15 09:00:00,2024-11-15 15:00:00,TICKER_1037.JP,2389.1,2494.99,4.642,4.332,402804.95,True
2024-11-15,2024-11-15 08:30:00,2024-11-15 09:00:00,2024-11-15 15:00:00,TICKER_1074.JP,2472.71,2496.81,1.177,0.875,81320.11,True
2024-11-15,2024-11-15 08:30:00,2024-11-15 09:00:00,2024-11-15 15:00:00,TICKER_1111.JP,2543.35,2539.83,0.061,-0.239,-22176.56,False
2024-11-18,2024-11-18 08:30:00,2024-11-18 09:00:00,2024-11-18 15:00:00,TICKER_0274.JP,1745.91,1765.73,1.338,1.035,97563.24,True
2024-11-18,2024-11-18 08:30:00,2024-11-18 09:00:00,2024-11-18 15:00:00,TICKER_0311.JP,1832.31,1773.44,-3.019,-3.313,-312225.43,False
2024-11-18,2024-11-18 08:30:00,2024-11-18 09:00:00,2024-11-18 15:00:00,TICKER_0348.JP,1930.73,1854.81,-3.74,-4.032,-380022.24,False
2024-11-18,2024-11-18 08:30:00,2024-11-18 09:00:00,2024-11-18 15:00:00,TICKER_0385.JP,2020.47,2035.39,0.94,0.639,60194.03,True
2024-11-18,2024-11-18 08:30:00,2024-11-18 09:00:00,2024-11-18 15:00:00,TICKER_0422.JP,2129.09,2160.7,1.688,1.385,130509.78,True
2024-11-18,2024-11-18 08:30:00,2024-11-18 09:00:00,2024-11-18 15:00:00,TICKER_0459.JP,2180.31,2181.21,0.241,-0.059,-5541.21,False
2024-11-18,2024-11-18 08:30:00,2024-11-18 09:00:00,2024-11-18 15:00:00,TICKER_0496.JP,2353.36,2446.55,4.168,3.86,363802.21,True
2024-11-18,2024-11-18 08:30:00,2024-11-18 09:00:00,2024-11-18 15:00:00,TICKER_0533.JP,2371.86,2306.76,-2.55,-2.845,-268112.67,False
2024-11-18,2024-11-18 08:30:00,2024-11-18 09:00:00,2024-11-18 15:00:00,TICKER_0570.JP,2491.5,2542.95,2.27,1.965,185229.0,True
2024-11-18,2024-11-18 08:30:00,2024-11-18 09:00:00,2024-11-18 15:00:00,TICKER_0607.JP,2533.26,2566.92,1.532,1.229,115809.33,True
2024-11-19,2024-11-19 08:30:00,2024-11-19 09:00:00,2024-11-19 15:00:00,TICKER_0321.JP,1831.14,1840.54,0.714,0.413,38944.76,True
2024-11-19,2024-11-19 08:30:00,2024-11-19 09:00:00,2024-11-19 15:00:00,TICKER_0358.JP,1920.42,1934.42,0.931,0.629,59303.13,True
2024-11-19,2024-11-19 08:30:00,2024-11-19 09:00:00,2024-11-19 15:00:00,TICKER_0395.JP,2016.02,2074.49,3.106,2.8,263895.05,True
2024-11-19,2024-11-19 08:30:00,2024-11-19 09:00:00,2024-11-19 15:00:00,TICKER_0432.JP,2080.97,2180.49,4.992,4.682,441262.77,True
2024-11-19,2024-11-19 08:30:00,2024-11-19 09:00:00,2024-11-19 15:00:00,TICKER_0469.JP,2168.55,2202.49,1.768,1.465,138067.23,True
2024-11-19,2024-11-19 08:30:00,2024-11-19 09:00:00,2024-11-19 15:00:00,TICKER_0506.JP,2272.95,2236.21,-1.419,-1.716,-161750.63,False
2024-11-19,2024-11-19 08:30:00,2024-11-19 09:00:00,2024-11-19 15:00:00,TICKER_0543.JP,2337.18,2423.67,3.908,3.601,339318.51,True
2024-11-19,2024-11-19 08:30:00,2024-11-19 09:00:00,2024-11-19 15:00:00,TICKER_0580.JP,2433.87,2412.12,-0.695,-0.994,-93663.91,False
2024-11-19,2024-11-19 08:30:00,2024-11-19 09:00:00,2024-11-19 15:00:00,TICKER_0617.JP,2497.92,2413.2,-3.198,-3.491,-329018.43,False
2024-11-19,2024-11-19 08:30:00,2024-11-19 09:00:00,2024-11-19 15:00:00,TICKER_0654.JP,2563.45,2634.98,2.996,2.69,253547.74,True
2024-11-20,2024-11-20 08:30:00,2024-11-20 09:00:00,2024-11-20 15:00:00,TICKER_0811.JP,1819.33,1836.84,1.165,0.863,82075.18,True
2024-11-20,2024-11-20 08:30:00,2024-11-20 09:00:00,2024-11-20 15:00:00,TICKER_0848.JP,1885.68,1898.04,0.857,0.555,52829.61,True
2024-11-20,2024-11-20 08:30:00,2024-11-20 09:00:00,2024-11-20 15:00:00,TICKER_0885.JP,1984.55,1985.03,0.224,-0.076,-7211.11,False
2024-11-20,2024-11-20 08:30:00,2024-11-20 09:00:00,2024-11-20 15:00:00,TICKER_0922.JP,2083.31,2157.79,3.782,3.475,330623.11,True
2024-11-20,2024-11-20 08:30:00,2024-11-20 09:00:00,2024-11-20 15:00:00,TICKER_0959.JP,2181.77,2229.59,2.396,2.092,199013.36,True
2024-11-20,2024-11-20 08:30:00,2024-11-20 09:00:00,2024-11-20 15:00:00,TICKER_0996.JP,2250.55,2329.16,3.7,3.393,322813.28,True
2024-11-20,2024-11-20 08:30:00,2024-11-20 09:00:00,2024-11-20 15:00:00,TICKER_1033.JP,2334.42,2363.07,1.43,1.127,107263.02,True
2024-11-20,2024-11-20 08:30:00,2024-11-20 09:00:00,2024-11-20 15:00:00,TICKER_1070.JP,2413.14,2420.69,0.514,0.213,20237.92,True
2024-11-20,2024-11-20 08:30:00,2024-11-20 09:00:00,2024-11-20 15:00:00,TICKER_1107.JP,2478.23,2448.13,-1.017,-1.314,-125058.54,False
2024-11-20,2024-11-20 08:30:00,2024-11-20 09:00:00,2024-11-20 15:00:00,TICKER_1144.JP,2618.92,2655.3,1.592,1.289,122671.68,True
2024-11-21,2024-11-21 08:30:00,2024-11-21 09:00:00,2024-11-21 15:00:00,TICKER_0830.JP,1853.5,1902.18,2.832,2.526,242989.72,True
2024-11-21,2024-11-21 08:30:00,2024-11-21 09:00:00,2024-11-21 15:00:00,TICKER_0867.JP,1926.52,1917.59,-0.264,-0.564,-54227.93,False
2024-11-21,2024-11-21 08:30:00,2024-11-21 09:00:00,2024-11-21 15:00:00,TICKER_0904.JP,1976.75,1984.02,0.569,0.268,25754.12,True
2024-11-21,2024-11-21 08:30:00,2024-11-21 09:00:00,2024-11-21 15:00:00,TICKER_0941.JP,2096.95,2155.23,2.985,2.679,257715.86,True
2024-11-21,2024-11-21 08:30:00,2024-11-21 09:00:00,2024-11-21 15:00:00,TICKER_0978.JP,2169.02,2203.99,1.816,1.513,145498.43,True
2024-11-21,2024-11-21 08:30:00,2024-11-21 09:00:00,2024-11-21 15:00:00,TICKER_1015.JP,2222.63,2219.59,0.063,-0.237,-22785.63,False
2024-11-21,2024-11-21 08:30:00,2024-11-21 09:00:00,2024-11-21 15:00:00,TICKER_1052.JP,2303.67,2297.43,-0.071,-0.371,-35679.79,False
2024-11-21,2024-11-21 08:30:00,2024-11-21 09:00:00,2024-11-21 15:00:00,TICKER_1089.JP,2413.61,2454.53,1.899,1.595,153471.68,True
2024-11-21,2024-11-21 08:30:00,2024-11-21 09:00:00,2024-11-21 15:00:00,TICKER_1126.JP,2504.16,2530.63,1.259,0.957,92041.83,True
2024-11-21,2024-11-21 08:30:00,2024-11-21 09:00:00,2024-11-21 15:00:00,TICKER_1163.JP,2591.27,2614.42,1.096,0.794,76333.75,True
2024-11-22,2024-11-22 08:30:00,2024-11-22 09:00:00,2024-11-22 15:00:00,TICKER_0737.JP,1728.24,1727.8,0.175,-0.125,-12151.08,False
2024-11-22,2024-11-22 08:30:00,2024-11-22 09:00:00,2024-11-22 15:00:00,TICKER_0774.JP,1809.4,1834.93,1.614,1.311,127233.11,True
2024-11-22,2024-11-22 08:30:00,2024-11-22 09:00:00,2024-11-22 15:00:00,TICKER_0811.JP,1925.79,1872.28,-2.584,-2.879,-279349.87,False
2024-11-22,2024-11-22 08:30:00,2024-11-22 09:00:00,2024-11-22 15:00:00,TICKER_0848.JP,2013.94,2048.05,1.897,1.594,154625.98,True
2024-11-22,2024-11-22 08:30:00,2024-11-22 09:00:00,2024-11-22 15:00:00,TICKER_0885.JP,2094.13,2105.86,0.761,0.46,44646.92,True
2024-11-22,2024-11-22 08:30:00,2024-11-22 09:00:00,2024-11-22 15:00:00,TICKER_0922.JP,2159.67,2164.07,0.405,0.104,10093.47,True
2024-11-22,2024-11-22 08:30:00,2024-11-22 09:00:00,2024-11-22 15:00:00,TICKER_0959.JP,2262.42,2360.33,4.536,4.228,410197.45,True
2024-11-22,2024-11-22 08:30:00,2024-11-22 09:00:00,2024-11-22 15:00:00,TICKER_0996.JP,2351.94,2298.15,-2.091,-2.387,-231615.03,False
2024-11-22,2024-11-22 08:30:00,2024-11-22 09:00:00,2024-11-22 15:00:00,TICKER_1033.JP,2401.72,2472.75,3.164,2.858,277281.27,True
2024-11-22,2024-11-22 08:30:00,2024-11-22 09:00:00,2024-11-22 15:00:00,TICKER_1070.JP,2519.47,2513.28,-0.046,-0.345,-33514.01,False
2024-11-25,2024-11-25 08:30:00,2024-11-25 09:00:00,2024-11-25 15:00:00,TICKER_0855.JP,1858.13,1892.41,2.049,1.745,170076.19,True
2024-11-25,2024-11-25 08:30:00,2024-11-25 09:00:00,2024-11-25 15:00:00,TICKER_0892.JP,1934.41,2030.4,5.172,4.862,473915.72,True
2024-11-25,2024-11-25 08:30:00,2024-11-25 09:00:00,2024-11-25 15:00:00,TICKER_0929.JP,2056.35,2115.32,3.074,2.768,269769.88,True
2024-11-25,2024-11-25 08:30:00,2024-11-25 09:00:00,2024-11-25 15:00:00,TICKER_0966.JP,2127.99,2178.95,2.6,2.295,223692.25,True
2024-11-25,2024-11-25 08:30:00,2024-11-25 09:00:00,2024-11-25 15:00:00,TICKER_1003.JP,2237.38,2289.12,2.518,2.213,215679.05,True
2024-11-25,2024-11-25 08:30:00,2024-11-25 09:00:00,2024-11-25 15:00:00,TICKER_1040.JP,2301.73,2344.04,2.042,1.738,169445.15,True
2024-11-25,2024-11-25 08:30:00,2024-11-25 09:00:00,2024-11-25 15:00:00,TICKER_1077.JP,2334.45,2292.77,-1.589,-1.885,-183768.42,False
2024-11-25,2024-11-25 08:30:00,2024-11-25 09:00:00,2024-11-25 15:00:00,TICKER_1114.JP,2434.73,2453.44,0.97,0.669,65164.82,True
2024-11-25,2024-11-25 08:30:00,2024-11-25 09:00:00,2024-11-25 15:00:00,TICKER_1151.JP,2549.71,2591.16,1.829,1.526,148710.17,True
2024-11-25,2024-11-25 08:30:00,2024-11-25 09:00:00,2024-11-25 15:00:00,TICKER_1188.JP,2620.08,2680.82,2.523,2.218,216218.07,True
2024-11-26,2024-11-26 08:30:00,2024-11-26 09:00:00,2024-11-26 15:00:00,TICKER_0738.JP,1736.44,1746.54,0.783,0.481,47740.38,True
2024-11-26,2024-11-26 08:30:00,2024-11-26 09:00:00,2024-11-26 15:00:00,TICKER_0775.JP,1812.44,1808.39,-0.024,-0.324,-32076.57,False
2024-11-26,2024-11-26 08:30:00,2024-11-26 09:00:00,2024-11-26 15:00:00,TICKER_0812.JP,1926.11,1944.39,1.151,0.849,84185.36,True
2024-11-26,2024-11-26 08:30:00,2024-11-26 09:00:00,2024-11-26 15:00:00,TICKER_0849.JP,2029.38,2132.2,5.277,4.966,492449.63,True
2024-11-26,2024-11-26 08:30:00,2024-11-26 09:00:00,2024-11-26 15:00:00,TICKER_0886.JP,2085.38,2094.79,0.652,0.351,34825.67,True
2024-11-26,2024-11-26 08:30:00,2024-11-26 09:00:00,2024-11-26 15:00:00,TICKER_0923.JP,2181.32,2183.21,0.287,-0.013,-1299.41,False
2024-11-26,2024-11-26 08:30:00,2024-11-26 09:00:00,2024-11-26 15:00:00,TICKER_0960.JP,2250.48,2317.16,3.169,2.863,283881.61,True
2024-11-26,2024-11-26 08:30:00,2024-11-26 09:00:00,2024-11-26 15:00:00,TICKER_0997.JP,2388.93,2411.6,1.151,0.849,84175.96,True
2024-11-26,2024-11-26 08:30:00,2024-11-26 09:00:00,2024-11-26 15:00:00,TICKER_1034.JP,2431.37,2437.13,0.438,0.137,13580.66,True
2024-11-26,2024-11-26 08:30:00,2024-11-26 09:00:00,2024-11-26 15:00:00,TICKER_1071.JP,2521.22,2540.43,0.964,0.662,65626.97,True
2024-11-27,2024-11-27 08:30:00,2024-11-27 09:00:00,2024-11-27 15:00:00,TICKER_0886.JP,1921.94,1929.68,0.604,0.303,30315.92,True
2024-11-27,2024-11-27 08:30:00,2024-11-27 09:00:00,2024-11-27 15:00:00,TICKER_0923.JP,1950.91,2003.19,2.886,2.58,258455.95,True
2024-11-27,2024-11-27 08:30:00,2024-11-27 09:00:00,2024-11-27 15:00:00,TICKER_0960.JP,2046.4,2164.78,5.996,5.685,569459.52,True
2024-11-27,2024-11-27 08:30:00,2024-11-27 09:00:00,2024-11-27 15:00:00,TICKER_0997.JP,2142.16,2136.61,-0.059,-0.359,-35965.08,False
2024-11-27,2024-11-27 08:30:00,2024-11-27 09:00:00,2024-11-27 15:00:00,TICKER_1034.JP,2257.54,2291.75,1.719,1.415,141785.92,True
2024-11-27,2024-11-27 08:30:00,2024-11-27 09:00:00,2024-11-27 15:00:00,TICKER_1071.JP,2333.08,2335.13,0.288,-0.012,-1207.8,False
2024-11-27,2024-11-27 08:30:00,2024-11-27 09:00:00,2024-11-27 15:00:00,TICKER_1108.JP,2402.09,2438.24,1.708,1.405,140736.57,True
2024-11-27,2024-11-27 08:30:00,2024-11-27 09:00:00,2024-11-27 15:00:00,TICKER_1145.JP,2471.54,2416.81,-2.019,-2.314,-231836.27,False
2024-11-27,2024-11-27 08:30:00,2024-11-27 09:00:00,2024-11-27 15:00:00,TICKER_1182.JP,2561.81,2594.17,1.466,1.163,116534.67,True
2024-11-27,2024-11-27 08:30:00,2024-11-27 09:00:00,2024-11-27 15:00:00,TICKER_1219.JP,2659.92,2717.52,2.37,2.066,206916.44,True
2024-11-28,2024-11-28 08:30:00,2024-11-28 09:00:00,2024-11-28 15:00:00,TICKER_0849.JP,1847.4,1833.14,-0.573,-0.872,-88334.1,False
2024-11-28,2024-11-28 08:30:00,2024-11-28 09:00:00,2024-11-28 15:00:00,TICKER_0886.JP,1951.2,1973.29,1.335,1.032,104592.15,True
2024-11-28,2024-11-28 08:30:00,2024-11-28 09:00:00,2024-11-28 15:00:00,TICKER_0923.JP,2004.97,2055.77,2.739,2.434,246552.19,True
2024-11-28,2024-11-28 08:30:00,2024-11-28 09:00:00,2024-11-28 15:00:00,TICKER_0960.JP,2143.03,2129.82,-0.418,-0.717,-72593.04,False
2024-11-28,2024-11-28 08:30:00,2024-11-28 09:00:00,2024-11-28 15:00:00,TICKER_0997.JP,2169.9,2281.63,5.36,5.049,511511.74,True
2024-11-28,2024-11-28 08:30:00,2024-11-28 09:00:00,2024-11-28 15:00:00,TICKER_1034.JP,2320.01,2295.76,-0.847,-1.145,-116006.34,False
2024-11-28,2024-11-28 08:30:00,2024-11-28 09:00:00,2024-11-28 15:00:00,TICKER_1071.JP,2383.96,2326.61,-2.21,-2.506,-253848.61,False
2024-11-28,2024-11-28 08:30:00,2024-11-28 09:00:00,2024-11-28 15:00:00,TICKER_1108.JP,2505.26,2546.89,1.865,1.562,158205.9,True
2024-11-28,2024-11-28 08:30:00,2024-11-28 09:00:00,2024-11-28 15:00:00,TICKER_1145.JP,2550.63,2648.41,4.041,3.734,378248.01,True
2024-11-28,2024-11-28 08:30:00,2024-11-28 09:00:00,2024-11-28 15:00:00,TICKER_1182.JP,2612.89,2647.41,1.524,1.221,123711.65,True
2024-11-29,2024-11-29 08:30:00,2024-11-29 09:00:00,2024-11-29 15:00:00,TICKER_0229.JP,1777.95,1796.62,1.253,0.95,97179.18,True
2024-11-29,2024-11-29 08:30:00,2024-11-29 09:00:00,2024-11-29 15:00:00,TICKER_0266.JP,1811.33,1850.33,2.358,2.053,209924.76,True
2024-11-29,2024-11-29 08:30:00,2024-11-29 09:00:00,2024-11-29 15:00:00,TICKER_0303.JP,1901.03,1906.52,0.49,0.189,19317.31,True
2024-11-29,2024-11-29 08:30:00,2024-11-29 09:00:00,2024-11-29 15:00:00,TICKER_0340.JP,1995.42,2020.53,1.461,1.158,118415.58,True
2024-11-29,2024-11-29 08:30:00,2024-11-29 09:00:00,2024-11-29 15:00:00,TICKER_0377.JP,2078.72,2028.5,-2.22,-2.516,-257242.41,False
2024-11-29,2024-11-29 08:30:00,2024-11-29 09:00:00,2024-11-29 15:00:00,TICKER_0414.JP,2154.11,2150.58,0.036,-0.264,-27003.68,False
2024-11-29,2024-11-29 08:30:00,2024-11-29 09:00:00,2024-11-29 15:00:00,TICKER_0451.JP,2264.83,2308.38,2.127,1.823,186377.72,True
2024-11-29,2024-11-29 08:30:00,2024-11-29 09:00:00,2024-11-29 15:00:00,TICKER_0488.JP,2317.12,2370.71,2.517,2.212,226225.6,True
2024-11-29,2024-11-29 08:30:00,2024-11-29 09:00:00,2024-11-29 15:00:00,TICKER_0525.JP,2450.75,2480.72,1.425,1.123,114811.28,True
2024-11-29,2024-11-29 08:30:00,2024-11-29 09:00:00,2024-11-29 15:00:00,TICKER_0562.JP,2520.98,2627.14,4.42,4.111,420370.2,True
2024-12-02,2024-12-02 08:30:00,2024-12-02 09:00:00,2024-12-02 15:00:00,TICKER_0140.JP,1655.59,1673.16,1.263,0.961,99246.89,True
2024-12-02,2024-12-02 08:30:00,2024-12-02 09:00:00,2024-12-02 15:00:00,TICKER_0177.JP,1745.27,1802.39,3.479,3.172,327723.24,True
2024-12-02,2024-12-02 08:30:00,2024-12-02 09:00:00,2024-12-02 15:00:00,TICKER_0214.JP,1829.74,1837.65,0.634,0.332,34343.04,True
2024-12-02,2024-12-02 08:30:00,2024-12-02 09:00:00,2024-12-02 15:00:00,TICKER_0251.JP,1940.79,2071.14,6.93,6.616,683487.56,True
2024-12-02,2024-12-02 08:30:00,2024-12-02 09:00:00,2024-12-02 15:00:00,TICKER_0288.JP,2006.94,2031.06,1.404,1.101,113782.44,True
2024-12-02,2024-12-02 08:30:00,2024-12-02 09:00:00,2024-12-02 15:00:00,TICKER_0325.JP,2049.78,2080.57,1.705,1.402,144842.93,True
2024-12-02,2024-12-02 08:30:00,2024-12-02 09:00:00,2024-12-02 15:00:00,TICKER_0362.JP,2144.5,2164.33,1.127,0.825,85199.77,True
2024-12-02,2024-12-02 08:30:00,2024-12-02 09:00:00,2024-12-02 15:00:00,TICKER_0399.JP,2208.9,2312.56,4.902,4.593,474454.3,True
2024-12-02,2024-12-02 08:30:00,2024-12-02 09:00:00,2024-12-02 15:00:00,TICKER_0436.JP,2336.83,2399.66,2.894,2.588,267393.56,True
2024-12-02,2024-12-02 08:30:00,2024-12-02 09:00:00,2024-12-02 15:00:00,TICKER_0473.JP,2396.02,2451.97,2.54,2.235,230863.37,True
2024-12-03,2024-12-03 08:30:00,2024-12-03 09:00:00,2024-12-03 15:00:00,TICKER_0501.JP,1514.79,1463.95,-3.163,-3.456,-365117.39,False
2024-12-03,2024-12-03 08:30:00,2024-12-03 09:00:00,2024-12-03 15:00:00,TICKER_0538.JP,1604.22,1622.62,1.349,1.047,110560.06,True
2024-12-03,2024-12-03 08:30:00,2024-12-03 09:00:00,2024-12-03 15:00:00,TICKER_0575.JP,1665.54,1624.91,-2.244,-2.539,-268276.77,False
2024-12-03,2024-12-03 08:30:00,2024-12-03 09:00:00,2024-12-03 15:00:00,TICKER_0612.JP,1768.47,1787.86,1.299,0.997,105287.54,True
2024-12-03,2024-12-03 08:30:00,2024-12-03 09:00:00,2024-12-03 15:00:00,TICKER_0649.JP,1816.59,1789.15,-1.314,-1.611,-170173.07,False
2024-12-03,2024-12-03 08:30:00,2024-12-03 09:00:00,2024-12-03 15:00:00,TICKER_0686.JP,1925.35,1984.95,3.302,2.996,316454.97,True
2024-12-03,2024-12-03 08:30:00,2024-12-03 09:00:00,2024-12-03 15:00:00,TICKER_0723.JP,2045.9,2089.52,2.336,2.032,214644.95,True
2024-12-03,2024-12-03 08:30:00,2024-12-03 09:00:00,2024-12-03 15:00:00,TICKER_0760.JP,2087.33,2100.29,0.822,0.521,55040.35,True
2024-12-03,2024-12-03 08:30:00,2024-12-03 09:00:00,2024-12-03 15:00:00,TICKER_0797.JP,2213.49,2212.73,0.166,-0.135,-14221.21,False
2024-12-03,2024-12-03 08:30:00,2024-12-03 09:00:00,2024-12-03 15:00:00,TICKER_0834.JP,2259.41,2335.66,3.582,3.275,345979.77,True
2024-12-04,2024-12-04 08:30:00,2024-12-04 09:00:00,2024-12-04 15:00:00,TICKER_0661.JP,1671.34,1722.0,3.237,2.931,310547.9,True
2024-12-04,2024-12-04 08:30:00,2024-12-04 09:00:00,2024-12-04 15:00:00,TICKER_0698.JP,1783.16,1879.13,5.593,5.282,559649.8,True
2024-12-04,2024-12-04 08:30:00,2024-12-04 09:00:00,2024-12-04 15:00:00,TICKER_0735.JP,1830.23,1880.44,2.949,2.643,280078.56,True
2024-12-04,2024-12-04 08:30:00,2024-12-04 09:00:00,2024-12-04 15:00:00,TICKER_0772.JP,1947.99,1972.33,1.452,1.149,121794.74,True
2024-12-04,2024-12-04 08:30:00,2024-12-04 09:00:00,2024-12-04 15:00:00,TICKER_0809.JP,2022.67,2053.07,1.706,1.403,148675.27,True
2024-12-04,2024-12-04 08:30:00,2024-12-04 09:00:00,2024-12-04 15:00:00,TICKER_0846.JP,2093.65,2157.44,3.253,2.947,312230.05,True
2024-12-04,2024-12-04 08:30:00,2024-12-04 09:00:00,2024-12-04 15:00:00,TICKER_0883.JP,2189.18,2268.09,3.812,3.505,371342.95,True
2024-12-04,2024-12-04 08:30:00,2024-12-04 09:00:00,2024-12-04 15:00:00,TICKER_0920.JP,2281.23,2442.1,7.266,6.952,736583.19,True
2024-12-04,2024-12-04 08:30:00,2024-12-04 09:00:00,2024-12-04 15:00:00,TICKER_0957.JP,2382.56,2411.89,1.434,1.131,119819.98,True
2024-12-04,2024-12-04 08:30:00,2024-12-04 09:00:00,2024-12-04 15:00:00,TICKER_0994.JP,2464.79,2415.42,-1.807,-2.103,-222828.25,False
2024-12-05,2024-12-05 08:30:00,2024-12-05 09:00:00,2024-12-05 15:00:00,TICKER_0023.JP,1507.65,1573.82,4.599,4.29,465660.0,True
2024-12-05,2024-12-05 08:30:00,2024-12-05 09:00:00,2024-12-05 15:00:00,TICKER_0060.JP,1627.72,1650.44,1.599,1.296,140683.27,True
2024-12-05,2024-12-05 08:30:00,2024-12-05 09:00:00,2024-12-05 15:00:00,TICKER_0097.JP,1739.36,1815.62,4.594,4.285,465132.32,True
2024-12-05,2024-12-05 08:30:00,2024-12-05 09:00:00,2024-12-05 15:00:00,TICKER_0134.JP,1786.5,1754.56,-1.591,-1.888,-204946.54,False
2024-12-05,2024-12-05 08:30:00,2024-12-05 09:00:00,2024-12-05 15:00:00,TICKER_0171.JP,1855.86,1903.87,2.792,2.487,269976.82,True
2024-12-05,2024-12-05 08:30:00,2024-12-05 09:00:00,2024-12-05 15:00:00,TICKER_0208.JP,1960.16,2043.82,4.477,4.168,452503.18,True
2024-12-05,2024-12-05 08:30:00,2024-12-05 09:00:00,2024-12-05 15:00:00,TICKER_0245.JP,2039.6,2038.36,0.139,-0.161,-17444.79,False
2024-12-05,2024-12-05 08:30:00,2024-12-05 09:00:00,2024-12-05 15:00:00,TICKER_0282.JP,2105.73,2165.77,3.057,2.751,298662.25,True
2024-12-05,2024-12-05 08:30:00,2024-12-05 09:00:00,2024-12-05 15:00:00,TICKER_0319.JP,2197.4,2268.53,3.444,3.137,340566.36,True
2024-12-05,2024-12-05 08:30:00,2024-12-05 09:00:00,2024-12-05 15:00:00,TICKER_0356.JP,2279.57,2343.2,2.997,2.692,292197.11,True
2024-12-06,2024-12-06 08:30:00,2024-12-06 09:00:00,2024-12-06 15:00:00,TICKER_1000.JP,2014.37,2019.48,0.454,0.153,17026.96,True
2024-12-06,2024-12-06 08:30:00,2024-12-06 09:00:00,2024-12-06 15:00:00,TICKER_1037.JP,2075.41,2154.04,3.996,3.689,409203.49,True
2024-12-06,2024-12-06 08:30:00,2024-12-06 09:00:00,2024-12-06 15:00:00,TICKER_1074.JP,2194.24,2224.02,1.56,1.257,139475.29,True
2024-12-06,2024-12-06 08:30:00,2024-12-06 09:00:00,2024-12-06 15:00:00,TICKER_1111.JP,2258.0,2306.65,2.359,2.055,227950.07,True
2024-12-06,2024-12-06 08:30:00,2024-12-06 09:00:00,2024-12-06 15:00:00,TICKER_1148.JP,2403.75,2415.91,0.707,0.406,45027.48,True
2024-12-06,2024-12-06 08:30:00,2024-12-06 09:00:00,2024-12-06 15:00:00,TICKER_1185.JP,2453.62,2499.43,2.071,1.767,196012.85,True
2024-12-06,2024-12-06 08:30:00,2024-12-06 09:00:00,2024-12-06 15:00:00,TICKER_1222.JP,2534.73,2546.37,0.66,0.359,39845.32,True
2024-12-06,2024-12-06 08:30:00,2024-12-06 09:00:00,2024-12-06 15:00:00,TICKER_1259.JP,2590.11,2564.94,-0.773,-1.072,-118876.42,False
2024-12-06,2024-12-06 08:30:00,2024-12-06 09:00:00,2024-12-06 15:00:00,TICKER_1296.JP,2727.66,2758.55,1.335,1.032,114512.09,True
2024-12-06,2024-12-06 08:30:00,2024-12-06 09:00:00,2024-12-06 15:00:00,TICKER_1333.JP,2752.3,2766.68,0.724,0.423,46871.15,True
2024-12-09,2024-12-09 08:30:00,2024-12-09 09:00:00,2024-12-09 15:00:00,TICKER_0370.JP,1887.38,1891.22,0.404,0.104,11595.15,True
2024-12-09,2024-12-09 08:30:00,2024-12-09 09:00:00,2024-12-09 15:00:00,TICKER_0407.JP,2030.93,2060.67,1.667,1.364,152794.06,True
2024-12-09,2024-12-09 08:30:00,2024-12-09 09:00:00,2024-12-09 15:00:00,TICKER_0444.JP,2046.09,2036.8,-0.255,-0.554,-62065.94,False
2024-12-09,2024-12-09 08:30:00,2024-12-09 09:00:00,2024-12-09 15:00:00,TICKER_0481.JP,2174.82,2253.6,3.83,3.522,394500.45,True
2024-12-09,2024-12-09 08:30:00,2024-12-09 09:00:00,2024-12-09 15:00:00,TICKER_0518.JP,2235.09,2337.16,4.776,4.467,500243.39,True
2024-12-09,2024-12-09 08:30:00,2024-12-09 09:00:00,2024-12-09 15:00:00,TICKER_0555.JP,2298.55,2367.28,3.197,2.89,323707.0,True
2024-12-09,2024-12-09 08:30:00,2024-12-09 09:00:00,2024-12-09 15:00:00,TICKER_0592.JP,2400.88,2448.11,2.171,1.867,209124.12,True
2024-12-09,2024-12-09 08:30:00,2024-12-09 09:00:00,2024-12-09 15:00:00,TICKER_0629.JP,2494.52,2595.94,4.274,3.966,444143.27,True
2024-12-09,2024-12-09 08:30:00,2024-12-09 09:00:00,2024-12-09 15:00:00,TICKER_0666.JP,2534.56,2592.04,2.472,2.168,242762.08,True
2024-12-09,2024-12-09 08:30:00,2024-12-09 09:00:00,2024-12-09 15:00:00,TICKER_0703.JP,2626.46,2661.47,1.536,1.233,138054.55,True
2024-12-10,2024-12-10 08:30:00,2024-12-10 09:00:00,2024-12-10 15:00:00,TICKER_0904.JP,1896.2,1883.67,-0.462,-0.761,-86907.5,False
2024-12-10,2024-12-10 08:30:00,2024-12-10 09:00:00,2024-12-10 15:00:00,TICKER_0941.JP,2003.37,2084.75,4.271,3.962,452621.54,True
2024-12-10,2024-12-10 08:30:00,2024-12-10 09:00:00,2024-12-10 15:00:00,TICKER_0978.JP,2072.78,2087.97,0.934,0.633,72286.5,True
2024-12-10,2024-12-10 08:30:00,2024-12-10 09:00:00,2024-12-10 15:00:00,TICKER_1015.JP,2201.66,2181.14,-0.734,-1.032,-117906.37,False
2024-12-10,2024-12-10 08:30:00,2024-12-10 09:00:00,2024-12-10 15:00:00,TICKER_1052.JP,2242.5,2218.75,-0.861,-1.159,-132412.92,False
2024-12-10,2024-12-10 08:30:00,2024-12-10 09:00:00,2024-12-10 15:00:00,TICKER_1089.JP,2337.6,2362.69,1.276,0.974,111233.85,True
2024-12-10,2024-12-10 08:30:00,2024-12-10 09:00:00,2024-12-10 15:00:00,TICKER_1126.JP,2436.87,2424.79,-0.297,-0.596,-68058.73,False
2024-12-10,2024-12-10 08:30:00,2024-12-10 09:00:00,2024-12-10 15:00:00,TICKER_1163.JP,2513.15,2547.2,1.558,1.255,143347.02,True
2024-12-10,2024-12-10 08:30:00,2024-12-10 09:00:00,2024-12-10 15:00:00,TICKER_1200.JP,2603.18,2470.7,-4.899,-5.189,-592793.29,False
2024-12-10,2024-12-10 08:30:00,2024-12-10 09:00:00,2024-12-10 15:00:00,TICKER_1237.JP,2710.29,2834.03,4.775,4.466,510141.65,True
2024-12-11,2024-12-11 08:30:00,2024-12-11 09:00:00,2024-12-11 15:00:00,TICKER_0330.JP,1829.89,1814.32,-0.652,-0.951,-108848.67,False
2024-12-11,2024-12-11 08:30:00,2024-12-11 09:00:00,2024-12-11 15:00:00,TICKER_0367.JP,1920.08,1898.68,-0.917,-1.214,-139070.05,False
2024-12-11,2024-12-11 08:30:00,2024-12-11 09:00:00,2024-12-11 15:00:00,TICKER_0404.JP,1977.08,2016.93,2.22,1.916,219391.54,True
2024-12-11,2024-12-11 08:30:00,2024-12-11 09:00:00,2024-12-11 15:00:00,TICKER_0441.JP,2090.94,2099.85,0.627,0.326,37340.34,True
2024-12-11,2024-12-11 08:30:00,2024-12-11 09:00:00,2024-12-11 15:00:00,TICKER_0478.JP,2183.41,2162.61,-0.755,-1.053,-120569.73,False
2024-12-11,2024-12-11 08:30:00,2024-12-11 09:00:00,2024-12-11 15:00:00,TICKER_0515.JP,2271.72,2182.52,-3.734,-4.027,-461102.86,False
2024-12-11,2024-12-11 08:30:00,2024-12-11 09:00:00,2024-12-11 15:00:00,TICKER_0552.JP,2385.2,2386.21,0.243,-0.058,-6609.0,False
2024-12-11,2024-12-11 08:30:00,2024-12-11 09:00:00,2024-12-11 15:00:00,TICKER_0589.JP,2459.3,2466.84,0.508,0.207,23674.88,True
2024-12-11,2024-12-11 08:30:00,2024-12-11 09:00:00,2024-12-11 15:00:00,TICKER_0626.JP,2497.06,2521.35,1.175,0.872,99899.59,True
2024-12-11,2024-12-11 08:30:00,2024-12-11 09:00:00,2024-12-11 15:00:00,TICKER_0663.JP,2567.55,2576.25,0.54,0.239,27333.12,True
2024-12-12,2024-12-12 08:30:00,2024-12-12 09:00:00,2024-12-12 15:00:00,TICKER_0790.JP,1807.53,1791.88,-0.667,-0.966,-110200.14,False
2024-12-12,2024-12-12 08:30:00,2024-12-12 09:00:00,2024-12-12 15:00:00,TICKER_0827.JP,1866.58,1948.94,4.621,4.312,492018.58,True
2024-12-12,2024-12-12 08:30:00,2024-12-12 09:00:00,2024-12-12 15:00:00,TICKER_0864.JP,1963.48,2050.38,4.635,4.326,493567.51,True
2024-12-12,2024-12-12 08:30:00,2024-12-12 09:00:00,2024-12-12 15:00:00,TICKER_0901.JP,2100.76,2140.19,2.081,1.777,202749.88,True
2024-12-12,2024-12-12 08:30:00,2024-12-12 09:00:00,2024-12-12 15:00:00,TICKER_0938.JP,2134.17,2175.65,2.148,1.844,210363.22,True
2024-12-12,2024-12-12 08:30:00,2024-12-12 09:00:00,2024-12-12 15:00:00,TICKER_0975.JP,2281.96,2377.58,4.399,4.09,466714.73,True
2024-12-12,2024-12-12 08:30:00,2024-12-12 09:00:00,2024-12-12 15:00:00,TICKER_1012.JP,2284.79,2190.93,-3.916,-4.208,-480179.43,False
2024-12-12,2024-12-12 08:30:00,2024-12-12 09:00:00,2024-12-12 15:00:00,TICKER_1049.JP,2375.65,2315.43,-2.34,-2.635,-300654.28,False
2024-12-12,2024-12-12 08:30:00,2024-12-12 09:00:00,2024-12-12 15:00:00,TICKER_1086.JP,2518.92,2622.39,4.316,4.008,457333.76,True
2024-12-12,2024-12-12 08:30:00,2024-12-12 09:00:00,2024-12-12 15:00:00,TICKER_1123.JP,2579.0,2616.7,1.665,1.362,155406.07,True
2024-12-13,2024-12-13 08:30:00,2024-12-13 09:00:00,2024-12-13 15:00:00,TICKER_0397.JP,1926.16,1932.21,0.514,0.214,24701.59,True
2024-12-13,2024-12-13 08:30:00,2024-12-13 09:00:00,2024-12-13 15:00:00,TICKER_0434.JP,2001.92,1939.83,-2.908,-3.202,-370141.97,False
2024-12-13,2024-12-13 08:30:00,2024-12-13 09:00:00,2024-12-13 15:00:00,TICKER_0471.JP,2078.14,2136.7,3.024,2.718,314249.47,True
2024-12-13,2024-12-13 08:30:00,2024-12-13 09:00:00,2024-12-13 15:00:00,TICKER_0508.JP,2179.09,2263.12,4.064,3.757,434300.3,True
2024-12-13,2024-12-13 08:30:00,2024-12-13 09:00:00,2024-12-13 15:00:00,TICKER_0545.JP,2257.8,2309.54,2.497,2.192,253388.93,True
2024-12-13,2024-12-13 08:30:00,2024-12-13 09:00:00,2024-12-13 15:00:00,TICKER_0582.JP,2310.38,2324.57,0.816,0.514,59470.79,True
2024-12-13,2024-12-13 08:30:00,2024-12-13 09:00:00,2024-12-13 15:00:00,TICKER_0619.JP,2427.19,2457.68,1.459,1.156,133644.4,True
2024-12-13,2024-12-13 08:30:00,2024-12-13 09:00:00,2024-12-13 15:00:00,TICKER_0656.JP,2516.45,2515.0,0.142,-0.158,-18229.45,False
2024-12-13,2024-12-13 08:30:00,2024-12-13 09:00:00,2024-12-13 15:00:00,TICKER_0693.JP,2587.22,2693.13,4.302,3.994,461700.4,True
2024-12-13,2024-12-13 08:30:00,2024-12-13 09:00:00,2024-12-13 15:00:00,TICKER_0730.JP,2676.35,2697.58,0.995,0.693,80129.67,True
2024-12-16,2024-12-16 08:30:00,2024-12-16 09:00:00,2024-12-16 15:00:00,TICKER_0405.JP,1914.14,1957.44,2.467,2.162,252774.97,True
2024-12-16,2024-12-16 08:30:00,2024-12-16 09:00:00,2024-12-16 15:00:00,TICKER_0442.JP,1991.51,2034.86,2.381,2.077,242824.95,True
2024-12-16,2024-12-16 08:30:00,2024-12-16 09:00:00,2024-12-16 15:00:00,TICKER_0479.JP,2068.78,2162.59,4.744,4.434,518462.58,True
2024-12-16,2024-12-16 08:30:00,2024-12-16 09:00:00,2024-12-16 15:00:00,TICKER_0516.JP,2200.95,2233.47,1.681,1.378,161086.24,True
2024-12-16,2024-12-16 08:30:00,2024-12-16 09:00:00,2024-12-16 15:00:00,TICKER_0553.JP,2241.05,2253.62,0.762,0.461,53914.0,True
2024-12-16,2024-12-16 08:30:00,2024-12-16 09:00:00,2024-12-16 15:00:00,TICKER_0590.JP,2326.97,2350.89,1.23,0.928,108451.75,True
2024-12-16,2024-12-16 08:30:00,2024-12-16 09:00:00,2024-12-16 15:00:00,TICKER_0627.JP,2419.26,2486.79,2.997,2.692,314680.6,True
2024-12-16,2024-12-16 08:30:00,2024-12-16 09:00:00,2024-12-16 15:00:00,TICKER_0664.JP,2503.21,2529.67,1.259,0.957,111879.85,True
2024-12-16,2024-12-16 08:30:00,2024-12-16 09:00:00,2024-12-16 15:00:00,TICKER_0701.JP,2650.97,2697.71,1.967,1.663,194451.79,True
2024-12-16,2024-12-16 08:30:00,2024-12-16 09:00:00,2024-12-16 15:00:00,TICKER_0738.JP,2718.02,2692.64,-0.735,-1.033,-120823.8,False
2024-12-17,2024-12-17 08:30:00,2024-12-17 09:00:00,2024-12-17 15:00:00,TICKER_0271.JP,1772.66,1753.32,-0.893,-1.191,-141300.88,False
2024-12-17,2024-12-17 08:30:00,2024-12-17 09:00:00,2024-12-17 15:00:00,TICKER_0308.JP,1878.63,1900.82,1.384,1.081,128298.21,True
2024-12-17,2024-12-17 08:30:00,2024-12-17 09:00:00,2024-12-17 15:00:00,TICKER_0345.JP,1948.71,1923.44,-1.099,-1.396,-165693.66,False
2024-12-17,2024-12-17 08:30:00,2024-12-17 09:00:00,2024-12-17 15:00:00,TICKER_0382.JP,2043.98,2074.1,1.677,1.374,163003.91,True
2024-12-17,2024-12-17 08:30:00,2024-12-17 09:00:00,2024-12-17 15:00:00,TICKER_0419.JP,2164.25,2186.91,1.249,0.947,112367.62,True
2024-12-17,2024-12-17 08:30:00,2024-12-17 09:00:00,2024-12-17 15:00:00,TICKER_0456.JP,2250.91,2299.05,2.343,2.039,241914.54,True
2024-12-17,2024-12-17 08:30:00,2024-12-17 09:00:00,2024-12-17 15:00:00,TICKER_0493.JP,2303.32,2370.96,3.143,2.836,336576.78,True
2024-12-17,2024-12-17 08:30:00,2024-12-17 09:00:00,2024-12-17 15:00:00,TICKER_0530.JP,2348.96,2388.13,1.871,1.568,186022.48,True
2024-12-17,2024-12-17 08:30:00,2024-12-17 09:00:00,2024-12-17 15:00:00,TICKER_0567.JP,2464.82,2490.32,1.237,0.934,110871.25,True
2024-12-17,2024-12-17 08:30:00,2024-12-17 09:00:00,2024-12-17 15:00:00,TICKER_0604.JP,2547.08,2602.32,2.373,2.068,245437.76,True
2024-12-18,2024-12-18 08:30:00,2024-12-18 09:00:00,2024-12-18 15:00:00,TICKER_0749.JP,1791.12,1790.37,0.158,-0.142,-17008.98,False
2024-12-18,2024-12-18 08:30:00,2024-12-18 09:00:00,2024-12-18 15:00:00,TICKER_0786.JP,1846.07,1882.22,2.162,1.858,222593.43,True
2024-12-18,2024-12-18 08:30:00,2024-12-18 09:00:00,2024-12-18 15:00:00,TICKER_0823.JP,1944.03,1874.07,-3.406,-3.699,-443160.59,False
2024-12-18,2024-12-18 08:30:00,2024-12-18 09:00:00,2024-12-18 15:00:00,TICKER_0860.JP,1987.02,2000.93,0.902,0.6,71908.68,True
2024-12-18,2024-12-18 08:30:00,2024-12-18 09:00:00,2024-12-18 15:00:00,TICKER_0897.JP,2099.74,2159.64,3.059,2.753,329831.5,True
2024-12-18,2024-12-18 08:30:00,2024-12-18 09:00:00,2024-12-18 15:00:00,TICKER_0934.JP,2182.44,2225.47,2.176,1.872,224268.66,True
2024-12-18,2024-12-18 08:30:00,2024-12-18 09:00:00,2024-12-18 15:00:00,TICKER_0971.JP,2303.08,2331.92,1.455,1.152,138032.75,True
2024-12-18,2024-12-18 08:30:00,2024-12-18 09:00:00,2024-12-18 15:00:00,TICKER_1008.JP,2360.21,2376.51,0.892,0.591,70783.29,True
2024-12-18,2024-12-18 08:30:00,2024-12-18 09:00:00,2024-12-18 15:00:00,TICKER_1045.JP,2472.37,2480.45,0.528,0.227,27162.51,True
2024-12-18,2024-12-18 08:30:00,2024-12-18 09:00:00,2024-12-18 15:00:00,TICKER_1082.JP,2533.66,2556.64,1.109,0.807,96690.36,True
2024-12-19,2024-12-19 08:30:00,2024-12-19 09:00:00,2024-12-19 15:00:00,TICKER_0775.JP,1791.06,1802.29,0.828,0.527,63483.05,True
2024-12-19,2024-12-19 08:30:00,2024-12-19 09:00:00,2024-12-19 15:00:00,TICKER_0812.JP,1911.44,1956.88,2.582,2.277,274428.44,True
2024-12-19,2024-12-19 08:30:00,2024-12-19 09:00:00,2024-12-19 15:00:00,TICKER_0849.JP,1962.53,1960.5,0.096,-0.204,-24533.55,False
2024-12-19,2024-12-19 08:30:00,2024-12-19 09:00:00,2024-12-19 15:00:00,TICKER_0886.JP,2063.16,2078.17,0.929,0.627,75610.9,True
2024-12-19,2024-12-19 08:30:00,2024-12-19 09:00:00,2024-12-19 15:00:00,TICKER_0923.JP,2127.19,2103.56,-0.912,-1.21,-145859.9,False
2024-12-19,2024-12-19 08:30:00,2024-12-19 09:00:00,2024-12-19 15:00:00,TICKER_0960.JP,2218.89,2268.51,2.441,2.136,257439.92,True
2024-12-19,2024-12-19 08:30:00,2024-12-19 09:00:00,2024-12-19 15:00:00,TICKER_0997.JP,2309.31,2310.59,0.256,-0.045,-5370.57,False
2024-12-19,2024-12-19 08:30:00,2024-12-19 09:00:00,2024-12-19 15:00:00,TICKER_1034.JP,2427.36,2395.55,-1.113,-1.411,-169981.25,False
2024-12-19,2024-12-19 08:30:00,2024-12-19 09:00:00,2024-12-19 15:00:00,TICKER_1071.JP,2496.57,2594.72,4.139,3.831,461688.25,True
2024-12-19,2024-12-19 08:30:00,2024-12-19 09:00:00,2024-12-19 15:00:00,TICKER_1108.JP,2556.65,2564.91,0.524,0.223,26874.26,True
2024-12-20,2024-12-20 08:30:00,2024-12-20 09:00:00,2024-12-20 15:00:00,TICKER_0806.JP,1801.8,1776.62,-1.2,-1.497,-181599.65,False
2024-12-20,2024-12-20 08:30:00,2024-12-20 09:00:00,2024-12-20 15:00:00,TICKER_0843.JP,1899.34,1947.44,2.738,2.433,295020.57,True
2024-12-20,2024-12-20 08:30:00,2024-12-20 09:00:00,2024-12-20 15:00:00,TICKER_0880.JP,1984.61,1962.85,-0.899,-1.197,-145144.91,False
2024-12-20,2024-12-20 08:30:00,2024-12-20 09:00:00,2024-12-20 15:00:00,TICKER_0917.JP,2068.02,2110.37,2.252,1.948,236238.31,True
2024-12-20,2024-12-20 08:30:00,2024-12-20 09:00:00,2024-12-20 15:00:00,TICKER_0954.JP,2152.53,2185.35,1.728,1.425,172796.34,True
2024-12-20,2024-12-20 08:30:00,2024-12-20 09:00:00,2024-12-20 15:00:00,TICKER_0991.JP,2226.34,2255.27,1.502,1.199,145454.79,True
2024-12-20,2024-12-20 08:30:00,2024-12-20 09:00:00,2024-12-20 15:00:00,TICKER_1028.JP,2333.92,2403.67,3.195,2.889,350323.01,True
2024-12-20,2024-12-20 08:30:00,2024-12-20 09:00:00,2024-12-20 15:00:00,TICKER_1065.JP,2398.46,2371.21,-0.938,-1.236,-149913.75,False
2024-12-20,2024-12-20 08:30:00,2024-12-20 09:00:00,2024-12-20 15:00:00,TICKER_1102.JP,2441.95,2567.85,5.366,5.056,613139.66,True
2024-12-20,2024-12-20 08:30:00,2024-12-20 09:00:00,2024-12-20 15:00:00,TICKER_1139.JP,2634.28,2706.25,2.938,2.632,319203.33,True
2024-12-23,2024-12-23 08:30:00,2024-12-23 09:00:00,2024-12-23 15:00:00,TICKER_0880.JP,1901.61,1936.29,2.028,1.724,211770.66,True
2024-12-23,2024-12-23 08:30:00,2024-12-23 09:00:00,2024-12-23 15:00:00,TICKER_0917.JP,1944.14,1951.81,0.595,0.294,36143.69,True
2024-12-23,2024-12-23 08:30:00,2024-12-23 09:00:00,2024-12-23 15:00:00,TICKER_0954.JP,2078.73,2048.1,-1.276,-1.573,-193284.05,False
2024-12-23,2024-12-23 08:30:00,2024-12-23 09:00:00,2024-12-23 15:00:00,TICKER_0991.JP,2166.54,2166.95,0.219,-0.081,-9979.95,False
2024-12-23,2024-12-23 08:30:00,2024-12-23 09:00:00,2024-12-23 15:00:00,TICKER_1028.JP,2225.28,2195.09,-1.159,-1.457,-178954.04,False
2024-12-23,2024-12-23 08:30:00,2024-12-23 09:00:00,2024-12-23 15:00:00,TICKER_1065.JP,2309.03,2335.38,1.344,1.041,127936.88,True
2024-12-23,2024-12-23 08:30:00,2024-12-23 09:00:00,2024-12-23 15:00:00,TICKER_1102.JP,2406.6,2398.31,-0.145,-0.445,-54627.69,False
2024-12-23,2024-12-23 08:30:00,2024-12-23 09:00:00,2024-12-23 15:00:00,TICKER_1139.JP,2492.81,2406.8,-3.257,-3.55,-436151.91,False
2024-12-23,2024-12-23 08:30:00,2024-12-23 09:00:00,2024-12-23 15:00:00,TICKER_1176.JP,2570.49,2651.05,3.34,3.034,372721.01,True
2024-12-23,2024-12-23 08:30:00,2024-12-23 09:00:00,2024-12-23 15:00:00,TICKER_1213.JP,2650.35,2747.89,3.888,3.58,439841.15,True
2024-12-24,2024-12-24 08:30:00,2024-12-24 09:00:00,2024-12-24 15:00:00,TICKER_0249.JP,1759.73,1791.88,2.031,1.727,212664.93,True
2024-12-24,2024-12-24 08:30:00,2024-12-24 09:00:00,2024-12-24 15:00:00,TICKER_0286.JP,1858.25,1834.85,-1.061,-1.359,-167344.39,False
2024-12-24,2024-12-24 08:30:00,2024-12-24 09:00:00,2024-12-24 15:00:00,TICKER_0323.JP,1934.0,1930.32,0.009,-0.291,-35775.03,False
2024-12-24,2024-12-24 08:30:00,2024-12-24 09:00:00,2024-12-24 15:00:00,TICKER_0360.JP,1992.12,1985.63,-0.126,-0.426,-52420.84,False
2024-12-24,2024-12-24 08:30:00,2024-12-24 09:00:00,2024-12-24 15:00:00,TICKER_0397.JP,2126.57,2143.88,1.016,0.714,87923.65,True
2024-12-24,2024-12-24 08:30:00,2024-12-24 09:00:00,2024-12-24 15:00:00,TICKER_0434.JP,2170.68,2244.79,3.621,3.314,408157.67,True
2024-12-24,2024-12-24 08:30:00,2024-12-24 09:00:00,2024-12-24 15:00:00,TICKER_0471.JP,2272.63,2258.83,-0.408,-0.707,-87101.89,False
2024-12-24,2024-12-24 08:30:00,2024-12-24 09:00:00,2024-12-24 15:00:00,TICKER_0508.JP,2365.09,2419.75,2.516,2.211,272270.63,True
2024-12-24,2024-12-24 08:30:00,2024-12-24 09:00:00,2024-12-24 15:00:00,TICKER_0545.JP,2438.08,2494.11,2.503,2.198,270735.52,True
2024-12-24,2024-12-24 08:30:00,2024-12-24 09:00:00,2024-12-24 15:00:00,TICKER_0582.JP,2510.61,2566.88,2.446,2.141,263709.32,True
2024-12-25,2024-12-25 08:30:00,2024-12-25 09:00:00,2024-12-25 15:00:00,TICKER_0828.JP,1829.61,1841.5,0.851,0.55,68320.4,True
2024-12-25,2024-12-25 08:30:00,2024-12-25 09:00:00,2024-12-25 15:00:00,TICKER_0865.JP,1921.77,1962.74,2.336,2.032,252459.21,True
2024-12-25,2024-12-25 08:30:00,2024-12-25 09:00:00,2024-12-25 15:00:00,TICKER_0902.JP,1975.82,2017.36,2.307,2.002,248805.68,True
2024-12-25,2024-12-25 08:30:00,2024-12-25 09:00:00,2024-12-25 15:00:00,TICKER_0939.JP,2103.84,2016.76,-3.947,-4.239,-526765.69,False
2024-12-25,2024-12-25 08:30:00,2024-12-25 09:00:00,2024-12-25 15:00:00,TICKER_0976.JP,2201.09,2231.0,1.562,1.259,156419.35,True
2024-12-25,2024-12-25 08:30:00,2024-12-25 09:00:00,2024-12-25 15:00:00,TICKER_1013.JP,2273.62,2334.48,2.882,2.577,320209.29,True
2024-12-25,2024-12-25 08:30:00,2024-12-25 09:00:00,2024-12-25 15:00:00,TICKER_1050.JP,2353.1,2492.15,6.121,5.809,721843.18,True
2024-12-25,2024-12-25 08:30:00,2024-12-25 09:00:00,2024-12-25 15:00:00,TICKER_1087.JP,2446.41,2451.05,0.39,0.089,11104.14,True
2024-12-25,2024-12-25 08:30:00,2024-12-25 09:00:00,2024-12-25 15:00:00,TICKER_1124.JP,2549.97,2642.15,3.822,3.515,436767.24,True
2024-12-25,2024-12-25 08:30:00,2024-12-25 09:00:00,2024-12-25 15:00:00,TICKER_1161.JP,2660.15,2662.7,0.297,-0.004,-481.18,False
2024-12-26,2024-12-26 08:30:00,2024-12-26 09:00:00,2024-12-26 15:00:00,TICKER_0775.JP,1794.07,1785.95,-0.253,-0.553,-69554.58,False
2024-12-26,2024-12-26 08:30:00,2024-12-26 09:00:00,2024-12-26 15:00:00,TICKER_0812.JP,1865.27,1903.12,2.234,1.929,242832.76,True
2024-12-26,2024-12-26 08:30:00,2024-12-26 09:00:00,2024-12-26 15:00:00,TICKER_0849.JP,1937.18,1920.71,-0.652,-0.95,-119586.11,False
2024-12-26,2024-12-26 08:30:00,2024-12-26 09:00:00,2024-12-26 15:00:00,TICKER_0886.JP,2015.65,2005.52,-0.303,-0.603,-75850.69,False
2024-12-26,2024-12-26 08:30:00,2024-12-26 09:00:00,2024-12-26 15:00:00,TICKER_0923.JP,2093.94,2120.58,1.475,1.172,147519.48,True
2024-12-26,2024-12-26 08:30:00,2024-12-26 09:00:00,2024-12-26 15:00:00,TICKER_0960.JP,2215.36,2303.18,4.172,3.864,486375.85,True
2024-12-26,2024-12-26 08:30:00,2024-12-26 09:00:00,2024-12-26 15:00:00,TICKER_0997.JP,2323.77,2326.72,0.327,0.027,3389.26,True
2024-12-26,2024-12-26 08:30:00,2024-12-26 09:00:00,2024-12-26 15:00:00,TICKER_1034.JP,2404.84,2369.38,-1.277,-1.575,-198203.05,False
2024-12-26,2024-12-26 08:30:00,2024-12-26 09:00:00,2024-12-26 15:00:00,TICKER_1071.JP,2458.5,2472.1,0.754,0.453,57037.87,True
2024-12-26,2024-12-26 08:30:00,2024-12-26 09:00:00,2024-12-26 15:00:00,TICKER_1108.JP,2602.94,2631.32,1.293,0.99,124626.28,True
2024-12-27,2024-12-27 08:30:00,2024-12-27 09:00:00,2024-12-27 15:00:00,TICKER_0231.JP,1736.93,1775.36,2.418,2.113,267155.54,True
2024-12-27,2024-12-27 08:30:00,2024-12-27 09:00:00,2024-12-27 15:00:00,TICKER_0268.JP,1837.88,1878.13,2.395,2.09,264281.76,True
2024-12-27,2024-12-27 08:30:00,2024-12-27 09:00:00,2024-12-27 15:00:00,TICKER_0305.JP,1912.96,1961.54,2.745,2.439,308412.66,True
2024-12-27,2024-12-27 08:30:00,2024-12-27 09:00:00,2024-12-27 15:00:00,TICKER_0342.JP,2003.22,1999.56,0.017,-0.283,-35761.7,False
2024-12-27,2024-12-27 08:30:00,2024-12-27 09:00:00,2024-12-27 15:00:00,TICKER_0379.JP,2063.9,2050.86,-0.433,-0.732,-92556.54,False
2024-12-27,2024-12-27 08:30:00,2024-12-27 09:00:00,2024-12-27 15:00:00,TICKER_0416.JP,2160.39,2229.17,3.39,3.084,389890.93,True
2024-12-27,2024-12-27 08:30:00,2024-12-27 09:00:00,2024-12-27 15:00:00,TICKER_0453.JP,2269.2,2328.84,2.834,2.528,319671.23,True
2024-12-27,2024-12-27 08:30:00,2024-12-27 09:00:00,2024-12-27 15:00:00,TICKER_0490.JP,2356.81,2300.13,-2.21,-2.505,-316751.46,False
2024-12-27,2024-12-27 08:30:00,2024-12-27 09:00:00,2024-12-27 15:00:00,TICKER_0527.JP,2441.7,2537.35,4.125,3.817,482655.0,True
2024-12-27,2024-12-27 08:30:00,2024-12-27 09:00:00,2024-12-27 15:00:00,TICKER_0564.JP,2515.42,2530.41,0.797,0.496,62673.15,True
2024-12-30,2024-12-30 08:30:00,2024-12-30 09:00:00,2024-12-30 15:00:00,TICKER_0426.JP,1906.27,1917.68,0.8,0.498,63789.25,True
2024-12-30,2024-12-30 08:30:00,2024-12-30 09:00:00,2024-12-30 15:00:00,TICKER_0463.JP,2036.68,2086.02,2.627,2.322,297278.1,True
2024-12-30,2024-12-30 08:30:00,2024-12-30 09:00:00,2024-12-30 15:00:00,TICKER_0500.JP,2077.92,2109.92,1.743,1.44,184338.17,True
2024-12-30,2024-12-30 08:30:00,2024-12-30 09:00:00,2024-12-30 15:00:00,TICKER_0537.JP,2216.32,2215.66,0.17,-0.13,-16623.61,False
2024-12-30,2024-12-30 08:30:00,2024-12-30 09:00:00,2024-12-30 15:00:00,TICKER_0574.JP,2299.76,2297.45,0.1,-0.2,-25642.1,False
2024-12-30,2024-12-30 08:30:00,2024-12-30 09:00:00,2024-12-30 15:00:00,TICKER_0611.JP,2298.84,2378.72,3.682,3.375,431998.14,True
2024-12-30,2024-12-30 08:30:00,2024-12-30 09:00:00,2024-12-30 15:00:00,TICKER_0648.JP,2473.18,2428.9,-1.594,-1.89,-241988.5,False
2024-12-30,2024-12-30 08:30:00,2024-12-30 09:00:00,2024-12-30 15:00:00,TICKER_0685.JP,2514.97,2616.92,4.262,3.954,506078.51,True
2024-12-30,2024-12-30 08:30:00,2024-12-30 09:00:00,2024-12-30 15:00:00,TICKER_0722.JP,2680.74,2651.41,-0.896,-1.194,-152858.83,False
2024-12-30,2024-12-30 08:30:00,2024-12-30 09:00:00,2024-12-30 15:00:00,TICKER_0759.JP,2693.55,2708.08,0.741,0.439,56241.41,True
2024-12-31,2024-12-31 08:30:00,2024-12-31 09:00:00,2024-12-31 15:00:00,TICKER_0646.JP,1679.96,1679.56,0.176,-0.124,-15974.08,False
2024-12-31,2024-12-31 08:30:00,2024-12-31 09:00:00,2024-12-31 15:00:00,TICKER_0683.JP,1723.05,1760.22,2.362,2.057,265460.57,True
2024-12-31,2024-12-31 08:30:00,2024-12-31 09:00:00,2024-12-31 15:00:00,TICKER_0720.JP,1830.45,1822.92,-0.212,-0.512,-66016.87,False
2024-12-31,2024-12-31 08:30:00,2024-12-31 09:00:00,2024-12-31 15:00:00,TICKER_0757.JP,1883.12,1923.03,2.323,2.019,260556.34,True
2024-12-31,2024-12-31 08:30:00,2024-12-31 09:00:00,2024-12-31 15:00:00,TICKER_0794.JP,2026.55,2050.55,1.386,1.084,139881.04,True
2024-12-31,2024-12-31 08:30:00,2024-12-31 09:00:00,2024-12-31 15:00:00,TICKER_0831.JP,2105.22,2202.51,4.83,4.521,583436.48,True
2024-12-31,2024-12-31 08:30:00,2024-12-31 09:00:00,2024-12-31 15:00:00,TICKER_0868.JP,2146.67,2162.44,0.936,0.634,81843.79,True
2024-12-31,2024-12-31 08:30:00,2024-12-31 09:00:00,2024-12-31 15:00:00,TICKER_0905.JP,2257.6,2351.49,4.367,4.059,523801.59,True
2024-12-31,2024-12-31 08:30:00,2024-12-31 09:00:00,2024-12-31 15:00:00,TICKER_0942.JP,2349.82,2430.63,3.646,3.339,430895.73,True
2024-12-31,2024-12-31 08:30:00,2024-12-31 09:00:00,2024-12-31 15:00:00,TICKER_0979.JP,2397.27,2334.89,-2.407,-2.702,-348721.66,False
2025-01-01,2025-01-01 08:30:00,2025-01-01 09:00:00,2025-01-01 15:00:00,TICKER_0914.JP,1938.71,1983.39,2.51,2.205,288447.06,True
2025-01-01,2025-01-01 08:30:00,2025-01-01 09:00:00,2025-01-01 15:00:00,TICKER_0951.JP,1999.62,1983.33,-0.616,-0.914,-119602.66,False
2025-01-01,2025-01-01 08:30:00,2025-01-01 09:00:00,2025-01-01 15:00:00,TICKER_0988.JP,2106.43,2102.71,0.023,-0.277,-36239.86,False
2025-01-01,2025-01-01 08:30:00,2025-01-01 09:00:00,2025-01-01 15:00:00,TICKER_1025.JP,2161.93,2126.9,-1.423,-1.72,-225031.83,False
2025-01-01,2025-01-01 08:30:00,2025-01-01 09:00:00,2025-01-01 15:00:00,TICKER_1062.JP,2250.55,2250.37,0.192,-0.108,-14132.89,False
2025-01-01,2025-01-01 08:30:00,2025-01-01 09:00:00,2025-01-01 15:00:00,TICKER_1099.JP,2338.16,2358.12,1.056,0.754,98609.76,True
2025-01-01,2025-01-01 08:30:00,2025-01-01 09:00:00,2025-01-01 15:00:00,TICKER_1136.JP,2481.14,2555.89,3.219,2.913,381038.08,True
2025-01-01,2025-01-01 08:30:00,2025-01-01 09:00:00,2025-01-01 15:00:00,TICKER_1173.JP,2550.52,2513.98,-1.235,-1.532,-200462.17,False
2025-01-01,2025-01-01 08:30:00,2025-01-01 09:00:00,2025-01-01 15:00:00,TICKER_1210.JP,2624.26,2620.5,0.056,-0.243,-31847.7,False
2025-01-01,2025-01-01 08:30:00,2025-01-01 09:00:00,2025-01-01 15:00:00,TICKER_1247.JP,2695.75,2800.29,4.086,3.778,494175.26,True
2025-01-02,2025-01-02 08:30:00,2025-01-02 09:00:00,2025-01-02 15:00:00,TICKER_0892.JP,1890.24,1945.08,3.107,2.801,368157.95,True
2025-01-02,2025-01-02 08:30:00,2025-01-02 09:00:00,2025-01-02 15:00:00,TICKER_0929.JP,2020.91,2039.12,1.103,0.801,105274.51,True
2025-01-02,2025-01-02 08:30:00,2025-01-02 09:00:00,2025-01-02 15:00:00,TICKER_0966.JP,2080.72,2127.46,2.451,2.146,282074.9,True
2025-01-02,2025-01-02 08:30:00,2025-01-02 09:00:00,2025-01-02 15:00:00,TICKER_1003.JP,2185.71,2239.27,2.655,2.35,308857.97,True
2025-01-02,2025-01-02 08:30:00,2025-01-02 09:00:00,2025-01-02 15:00:00,TICKER_1040.JP,2252.43,2312.32,2.864,2.559,336253.59,True
2025-01-02,2025-01-02 08:30:00,2025-01-02 09:00:00,2025-01-02 15:00:00,TICKER_1077.JP,2327.68,2408.84,3.694,3.387,445091.71,True
2025-01-02,2025-01-02 08:30:00,2025-01-02 09:00:00,2025-01-02 15:00:00,TICKER_1114.JP,2447.42,2427.53,-0.614,-0.913,-119968.88,False
2025-01-02,2025-01-02 08:30:00,2025-01-02 09:00:00,2025-01-02 15:00:00,TICKER_1151.JP,2492.07,2537.86,2.041,1.737,228326.35,True
2025-01-02,2025-01-02 08:30:00,2025-01-02 09:00:00,2025-01-02 15:00:00,TICKER_1188.JP,2581.67,2631.1,2.119,1.815,238460.39,True
2025-01-02,2025-01-02 08:30:00,2025-01-02 09:00:00,2025-01-02 15:00:00,TICKER_1225.JP,2689.25,2716.52,1.216,0.914,120140.0,True
2025-01-03,2025-01-03 08:30:00,2025-01-03 09:00:00,2025-01-03 15:00:00,TICKER_0112.JP,1614.03,1673.73,3.907,3.599,480866.62,True
2025-01-03,2025-01-03 08:30:00,2025-01-03 09:00:00,2025-01-03 15:00:00,TICKER_0149.JP,1695.65,1684.37,-0.466,-0.765,-102245.01,False
2025-01-03,2025-01-03 08:30:00,2025-01-03 09:00:00,2025-01-03 15:00:00,TICKER_0186.JP,1771.13,1777.88,0.582,0.281,37567.77,True
2025-01-03,2025-01-03 08:30:00,2025-01-03 09:00:00,2025-01-03 15:00:00,TICKER_0223.JP,1876.39,1921.85,2.627,2.322,310288.59,True
2025-01-03,2025-01-03 08:30:00,2025-01-03 09:00:00,2025-01-03 15:00:00,TICKER_0260.JP,1942.16,1939.17,0.046,-0.254,-33940.53,False
2025-01-03,2025-01-03 08:30:00,2025-01-03 09:00:00,2025-01-03 15:00:00,TICKER_0297.JP,2034.59,2071.14,2.0,1.696,226627.38,True
2025-01-03,2025-01-03 08:30:00,2025-01-03 09:00:00,2025-01-03 15:00:00,TICKER_0334.JP,2094.1,2102.77,0.615,0.314,41913.32,True
2025-01-03,2025-01-03 08:30:00,2025-01-03 09:00:00,2025-01-03 15:00:00,TICKER_0371.JP,2199.47,2173.75,-0.971,-1.269,-169563.85,False
2025-01-03,2025-01-03 08:30:00,2025-01-03 09:00:00,2025-01-03 15:00:00,TICKER_0408.JP,2288.89,2372.99,3.882,3.575,477617.33,True
2025-01-03,2025-01-03 08:30:00,2025-01-03 09:00:00,2025-01-03 15:00:00,TICKER_0445.JP,2377.44,2423.86,2.157,1.853,247570.36,True
2025-01-06,2025-01-06 08:30:00,2025-01-06 09:00:00,2025-01-06 15:00:00,TICKER_0580.JP,1581.14,1618.51,2.568,2.264,305695.58,True
2025-01-06,2025-01-06 08:30:00,2025-01-06 09:00:00,2025-01-06 15:00:00,TICKER_0617.JP,1651.39,1687.88,2.414,2.11,284923.04,True
2025-01-06,2025-01-06 08:30:00,2025-01-06 09:00:00,2025-01-06 15:00:00,TICKER_0654.JP,1781.96,1760.68,-0.997,-1.294,-174805.58,False
2025-01-06,2025-01-06 08:30:00,2025-01-06 09:00:00,2025-01-06 15:00:00,TICKER_0691.JP,1835.47,1789.84,-2.291,-2.586,-349289.57,False
2025-01-06,2025-01-06 08:30:00,2025-01-06 09:00:00,2025-01-06 15:00:00,TICKER_0728.JP,1909.94,1963.33,3.002,2.696,364069.07,True
2025-01-06,2025-01-06 08:30:00,2025-01-06 09:00:00,2025-01-06 15:00:00,TICKER_0765.JP,2011.08,2029.44,1.115,0.813,109787.61,True
2025-01-06,2025-01-06 08:30:00,2025-01-06 09:00:00,2025-01-06 15:00:00,TICKER_0802.JP,2117.99,2159.05,2.143,1.839,248333.69,True
2025-01-06,2025-01-06 08:30:00,2025-01-06 09:00:00,2025-01-06 15:00:00,TICKER_0839.JP,2194.03,2198.97,0.426,0.125,16884.34,True
2025-01-06,2025-01-06 08:30:00,2025-01-06 09:00:00,2025-01-06 15:00:00,TICKER_0876.JP,2232.57,2256.41,1.27,0.968,130715.05,True
2025-01-06,2025-01-06 08:30:00,2025-01-06 09:00:00,2025-01-06 15:00:00,TICKER_0913.JP,2328.8,2370.63,2.0,1.696,229082.73,True
2025-01-07,2025-01-07 08:30:00,2025-01-07 09:00:00,2025-01-07 15:00:00,TICKER_0987.JP,2004.34,2043.05,2.136,1.831,249370.35,True
2025-01-07,2025-01-07 08:30:00,2025-01-07 09:00:00,2025-01-07 15:00:00,TICKER_1024.JP,2112.83,2168.11,2.822,2.516,342628.97,True
2025-01-07,2025-01-07 08:30:00,2025-01-07 09:00:00,2025-01-07 15:00:00,TICKER_1061.JP,2169.7,2193.65,1.307,1.004,136725.68,True
2025-01-07,2025-01-07 08:30:00,2025-01-07 09:00:00,2025-01-07 15:00:00,TICKER_1098.JP,2285.69,2362.66,3.574,3.268,444911.73,True
2025-01-07,2025-01-07 08:30:00,2025-01-07 09:00:00,2025-01-07 15:00:00,TICKER_1135.JP,2326.92,2401.33,3.404,3.097,421749.15,True
2025-01-07,2025-01-07 08:30:00,2025-01-07 09:00:00,2025-01-07 15:00:00,TICKER_1172.JP,2378.32,2422.22,2.05,1.746,237712.9,True
2025-01-07,2025-01-07 08:30:00,2025-01-07 09:00:00,2025-01-07 15:00:00,TICKER_1209.JP,2515.03,2480.13,-1.19,-1.488,-202588.82,False
2025-01-07,2025-01-07 08:30:00,2025-01-07 09:00:00,2025-01-07 15:00:00,TICKER_1246.JP,2617.43,2783.77,6.568,6.255,851691.7,True
2025-01-07,2025-01-07 08:30:00,2025-01-07 09:00:00,2025-01-07 15:00:00,TICKER_1283.JP,2713.3,2746.55,1.428,1.125,153242.48,True
2025-01-07,2025-01-07 08:30:00,2025-01-07 09:00:00,2025-01-07 15:00:00,TICKER_1320.JP,2782.53,2783.81,0.246,-0.054,-7334.67,False
2025-01-08,2025-01-08 08:30:00,2025-01-08 09:00:00,2025-01-08 15:00:00,TICKER_0509.JP,1501.46,1508.64,0.679,0.378,52439.58,True
2025-01-08,2025-01-08 08:30:00,2025-01-08 09:00:00,2025-01-08 15:00:00,TICKER_0546.JP,1583.18,1648.74,4.349,4.041,560303.15,True
2025-01-08,2025-01-08 08:30:00,2025-01-08 09:00:00,2025-01-08 15:00:00,TICKER_0583.JP,1683.29,1761.35,4.847,4.537,629099.6,True
2025-01-08,2025-01-08 08:30:00,2025-01-08 09:00:00,2025-01-08 15:00:00,TICKER_0620.JP,1756.7,1753.53,0.019,-0.28,-38888.71,False
2025-01-08,2025-01-08 08:30:00,2025-01-08 09:00:00,2025-01-08 15:00:00,TICKER_0657.JP,1868.27,1876.79,0.657,0.356,49404.04,True
2025-01-08,2025-01-08 08:30:00,2025-01-08 09:00:00,2025-01-08 15:00:00,TICKER_0694.JP,1947.65,1955.71,0.615,0.314,43562.63,True
2025-01-08,2025-01-08 08:30:00,2025-01-08 09:00:00,2025-01-08 15:00:00,TICKER_0731.JP,2004.63,2004.75,0.206,-0.094,-13031.55,False
2025-01-08,2025-01-08 08:30:00,2025-01-08 09:00:00,2025-01-08 15:00:00,TICKER_0768.JP,2144.8,2209.96,3.244,2.938,407351.52,True
2025-01-08,2025-01-08 08:30:00,2025-01-08 09:00:00,2025-01-08 15:00:00,TICKER_0805.JP,2211.73,2128.18,-3.585,-3.878,-537657.03,False
2025-01-08,2025-01-08 08:30:00,2025-01-08 09:00:00,2025-01-08 15:00:00,TICKER_0842.JP,2291.64,2287.62,0.024,-0.275,-38184.72,False
2025-01-09,2025-01-09 08:30:00,2025-01-09 09:00:00,2025-01-09 15:00:00,TICKER_0092.JP,1595.33,1649.06,3.575,3.268,456547.5,True
2025-01-09,2025-01-09 08:30:00,2025-01-09 09:00:00,2025-01-09 15:00:00,TICKER_0129.JP,1663.17,1652.37,-0.451,-0.75,-104744.73,False
2025-01-09,2025-01-09 08:30:00,2025-01-09 09:00:00,2025-01-09 15:00:00,TICKER_0166.JP,1764.15,1729.55,-1.765,-2.061,-288024.34,False
2025-01-09,2025-01-09 08:30:00,2025-01-09 09:00:00,2025-01-09 15:00:00,TICKER_0203.JP,1854.64,1837.07,-0.749,-1.047,-146345.3,False
2025-01-09,2025-01-09 08:30:00,2025-01-09 09:00:00,2025-01-09 15:00:00,TICKER_0240.JP,1941.78,1956.98,0.985,0.683,95405.45,True
2025-01-09,2025-01-09 08:30:00,2025-01-09 09:00:00,2025-01-09 15:00:00,TICKER_0277.JP,2038.9,2056.96,1.088,0.786,109813.77,True
2025-01-09,2025-01-09 08:30:00,2025-01-09 09:00:00,2025-01-09 15:00:00,TICKER_0314.JP,2144.0,2139.19,-0.025,-0.324,-45337.42,False
2025-01-09,2025-01-09 08:30:00,2025-01-09 09:00:00,2025-01-09 15:00:00,TICKER_0351.JP,2206.89,2315.7,5.14,4.83,674877.89,True
2025-01-09,2025-01-09 08:30:00,2025-01-09 09:00:00,2025-01-09 15:00:00,TICKER_0388.JP,2312.18,2398.88,3.957,3.65,509917.86,True
2025-01-09,2025-01-09 08:30:00,2025-01-09 09:00:00,2025-01-09 15:00:00,TICKER_0425.JP,2379.48,2329.76,-1.893,-2.19,-305909.58,False
2025-01-10,2025-01-10 08:30:00,2025-01-10 09:00:00,2025-01-10 15:00:00,TICKER_0083.JP,1604.81,1635.7,2.129,1.825,256612.52,True
2025-01-10,2025-01-10 08:30:00,2025-01-10 09:00:00,2025-01-10 15:00:00,TICKER_0120.JP,1668.82,1663.11,-0.143,-0.442,-62194.71,False
2025-01-10,2025-01-10 08:30:00,2025-01-10 09:00:00,2025-01-10 15:00:00,TICKER_0157.JP,1744.78,1730.44,-0.624,-0.922,-129681.17,False
2025-01-10,2025-01-10 08:30:00,2025-01-10 09:00:00,2025-01-10 15:00:00,TICKER_0194.JP,1848.58,1871.76,1.457,1.154,162269.73,True
2025-01-10,2025-01-10 08:30:00,2025-01-10 09:00:00,2025-01-10 15:00:00,TICKER_0231.JP,1939.38,1900.39,-1.814,-2.11,-296778.49,False
2025-01-10,2025-01-10 08:30:00,2025-01-10 09:00:00,2025-01-10 15:00:00,TICKER_0268.JP,2042.3,2060.69,1.102,0.8,112543.28,True
2025-01-10,2025-01-10 08:30:00,2025-01-10 09:00:00,2025-01-10 15:00:00,TICKER_0305.JP,2144.99,2212.95,3.375,3.068,431493.88,True
2025-01-10,2025-01-10 08:30:00,2025-01-10 09:00:00,2025-01-10 15:00:00,TICKER_0342.JP,2206.1,2195.68,-0.273,-0.572,-80494.67,False
2025-01-10,2025-01-10 08:30:00,2025-01-10 09:00:00,2025-01-10 15:00:00,TICKER_0379.JP,2283.37,2221.94,-2.496,-2.791,-392421.11,False
2025-01-10,2025-01-10 08:30:00,2025-01-10 09:00:00,2025-01-10 15:00:00,TICKER_0416.JP,2361.3,2491.01,5.704,5.393,758398.94,True
2025-01-13,2025-01-13 08:30:00,2025-01-13 09:00:00,2025-01-13 15:00:00,TICKER_0282.JP,1813.89,1836.49,1.449,1.146,161971.64,True
2025-01-13,2025-01-13 08:30:00,2025-01-13 09:00:00,2025-01-13 15:00:00,TICKER_0319.JP,1866.12,1928.72,3.561,3.254,459982.32,True
2025-01-13,2025-01-13 08:30:00,2025-01-13 09:00:00,2025-01-13 15:00:00,TICKER_0356.JP,1968.86,1957.12,-0.397,-0.696,-98388.7,False
2025-01-13,2025-01-13 08:30:00,2025-01-13 09:00:00,2025-01-13 15:00:00,TICKER_0393.JP,2046.24,2020.57,-1.057,-1.355,-191500.15,False
2025-01-13,2025-01-13 08:30:00,2025-01-13 09:00:00,2025-01-13 15:00:00,TICKER_0430.JP,2145.72,2090.4,-2.383,-2.678,-378587.96,False
2025-01-13,2025-01-13 08:30:00,2025-01-13 09:00:00,2025-01-13 15:00:00,TICKER_0467.JP,2196.77,2194.22,0.084,-0.216,-30548.54,False
2025-01-13,2025-01-13 08:30:00,2025-01-13 09:00:00,2025-01-13 15:00:00,TICKER_0504.JP,2308.68,2386.31,3.57,3.263,461178.58,True
2025-01-13,2025-01-13 08:30:00,2025-01-13 09:00:00,2025-01-13 15:00:00,TICKER_0541.JP,2410.3,2359.65,-1.905,-2.201,-311160.14,False
2025-01-13,2025-01-13 08:30:00,2025-01-13 09:00:00,2025-01-13 15:00:00,TICKER_0578.JP,2478.47,2461.93,-0.468,-0.767,-108464.35,False
2025-01-13,2025-01-13 08:30:00,2025-01-13 09:00:00,2025-01-13 15:00:00,TICKER_0615.JP,2573.11,2589.98,0.857,0.556,78518.94,True
2025-01-14,2025-01-14 08:30:00,2025-01-14 09:00:00,2025-01-14 15:00:00,TICKER_0077.JP,1552.99,1565.01,0.976,0.674,95311.87,True
2025-01-14,2025-01-14 08:30:00,2025-01-14 09:00:00,2025-01-14 15:00:00,TICKER_0114.JP,1664.08,1669.05,0.499,0.198,28061.82,True
2025-01-14,2025-01-14 08:30:00,2025-01-14 09:00:00,2025-01-14 15:00:00,TICKER_0151.JP,1772.02,1782.87,0.813,0.512,72393.13,True
2025-01-14,2025-01-14 08:30:00,2025-01-14 09:00:00,2025-01-14 15:00:00,TICKER_0188.JP,1856.0,1870.86,1.002,0.7,99010.07,True
2025-01-14,2025-01-14 08:30:00,2025-01-14 09:00:00,2025-01-14 15:00:00,TICKER_0225.JP,1916.16,1881.46,-1.615,-1.911,-270234.91,False
2025-01-14,2025-01-14 08:30:00,2025-01-14 09:00:00,2025-01-14 15:00:00,TICKER_0262.JP,2023.89,2110.86,4.506,4.197,593393.46,True
2025-01-14,2025-01-14 08:30:00,2025-01-14 09:00:00,2025-01-14 15:00:00,TICKER_0299.JP,2133.35,2139.6,0.494,0.193,27263.42,True
2025-01-14,2025-01-14 08:30:00,2025-01-14 09:00:00,2025-01-14 15:00:00,TICKER_0336.JP,2190.51,2171.27,-0.68,-0.978,-138335.79,False
2025-01-14,2025-01-14 08:30:00,2025-01-14 09:00:00,2025-01-14 15:00:00,TICKER_0373.JP,2302.84,2389.87,3.987,3.679,520182.51,True
2025-01-14,2025-01-14 08:30:00,2025-01-14 09:00:00,2025-01-14 15:00:00,TICKER_0410.JP,2338.32,2354.99,0.915,0.613,86697.67,True
2025-01-15,2025-01-15 08:30:00,2025-01-15 09:00:00,2025-01-15 15:00:00,TICKER_0020.JP,1525.56,1596.3,4.846,4.537,646254.04,True
2025-01-15,2025-01-15 08:30:00,2025-01-15 09:00:00,2025-01-15 15:00:00,TICKER_0057.JP,1618.01,1659.65,2.779,2.474,352364.91,True
2025-01-15,2025-01-15 08:30:00,2025-01-15 09:00:00,2025-01-15 15:00:00,TICKER_0094.JP,1705.34,1782.1,4.71,4.401,626861.25,True
2025-01-15,2025-01-15 08:30:00,2025-01-15 09:00:00,2025-01-15 15:00:00,TICKER_0131.JP,1766.47,1790.96,1.589,1.286,183178.66,True
2025-01-15,2025-01-15 08:30:00,2025-01-15 09:00:00,2025-01-15 15:00:00,TICKER_0168.JP,1897.39,1850.57,-2.272,-2.567,-365728.64,False
2025-01-15,2025-01-15 08:30:00,2025-01-15 09:00:00,2025-01-15 15:00:00,TICKER_0205.JP,2007.06,1947.02,-2.797,-3.091,-440320.83,False
2025-01-15,2025-01-15 08:30:00,2025-01-15 09:00:00,2025-01-15 15:00:00,TICKER_0242.JP,2048.19,2122.85,3.853,3.545,504987.27,True
2025-01-15,2025-01-15 08:30:00,2025-01-15 09:00:00,2025-01-15 15:00:00,TICKER_0279.JP,2093.57,2187.77,4.709,4.399,626678.17,True
2025-01-15,2025-01-15 08:30:00,2025-01-15 09:00:00,2025-01-15 15:00:00,TICKER_0316.JP,2222.15,2196.64,-0.95,-1.248,-177762.49,False
2025-01-15,2025-01-15 08:30:00,2025-01-15 09:00:00,2025-01-15 15:00:00,TICKER_0353.JP,2351.21,2402.75,2.397,2.092,298041.64,True
2025-01-16,2025-01-16 08:30:00,2025-01-16 09:00:00,2025-01-16 15:00:00,TICKER_0909.JP,1919.91,1981.62,3.421,3.114,450264.75,True
2025-01-16,2025-01-16 08:30:00,2025-01-16 09:00:00,2025-01-16 15:00:00,TICKER_0946.JP,2022.37,2045.87,1.365,1.062,153564.68,True
2025-01-16,2025-01-16 08:30:00,2025-01-16 09:00:00,2025-01-16 15:00:00,TICKER_0983.JP,2087.45,2100.23,0.814,0.512,74078.28,True
2025-01-16,2025-01-16 08:30:00,2025-01-16 09:00:00,2025-01-16 15:00:00,TICKER_1020.JP,2158.38,2161.47,0.344,0.043,6241.86,True
2025-01-16,2025-01-16 08:30:00,2025-01-16 09:00:00,2025-01-16 15:00:00,TICKER_1057.JP,2293.05,2390.14,4.443,4.134,597717.97,True
2025-01-16,2025-01-16 08:30:00,2025-01-16 09:00:00,2025-01-16 15:00:00,TICKER_1094.JP,2335.46,2353.18,0.961,0.659,95253.22,True
2025-01-16,2025-01-16 08:30:00,2025-01-16 09:00:00,2025-01-16 15:00:00,TICKER_1131.JP,2438.81,2382.2,-2.126,-2.421,-350083.37,False
2025-01-16,2025-01-16 08:30:00,2025-01-16 09:00:00,2025-01-16 15:00:00,TICKER_1168.JP,2481.46,2495.66,0.774,0.472,68297.23,True
2025-01-16,2025-01-16 08:30:00,2025-01-16 09:00:00,2025-01-16 15:00:00,TICKER_1205.JP,2578.53,2590.08,0.649,0.348,50314.11,True
2025-01-16,2025-01-16 08:30:00,2025-01-16 09:00:00,2025-01-16 15:00:00,TICKER_1242.JP,2684.02,2750.08,2.666,2.361,341382.17,True
2025-01-17,2025-01-17 08:30:00,2025-01-17 09:00:00,2025-01-17 15:00:00,TICKER_0438.JP,1985.74,2010.07,1.428,1.125,164241.35,True
2025-01-17,2025-01-17 08:30:00,2025-01-17 09:00:00,2025-01-17 15:00:00,TICKER_0475.JP,2046.13,2032.06,-0.489,-0.788,-115053.67,False
2025-01-17,2025-01-17 08:30:00,2025-01-17 09:00:00,2025-01-17 15:00:00,TICKER_0512.JP,2112.32,2046.73,-2.911,-3.205,-467940.52,False
2025-01-17,2025-01-17 08:30:00,2025-01-17 09:00:00,2025-01-17 15:00:00,TICKER_0549.JP,2250.89,2253.64,0.323,0.022,3272.82,True
2025-01-17,2025-01-17 08:30:00,2025-01-17 09:00:00,2025-01-17 15:00:00,TICKER_0586.JP,2286.75,2285.48,0.144,-0.156,-22722.76,False
2025-01-17,2025-01-17 08:30:00,2025-01-17 09:00:00,2025-01-17 15:00:00,TICKER_0623.JP,2352.34,2473.34,5.354,5.044,736423.7,True
2025-01-17,2025-01-17 08:30:00,2025-01-17 09:00:00,2025-01-17 15:00:00,TICKER_0660.JP,2481.01,2445.47,-1.235,-1.532,-223721.72,False
2025-01-17,2025-01-17 08:30:00,2025-01-17 09:00:00,2025-01-17 15:00:00,TICKER_0697.JP,2525.14,2576.27,2.229,1.925,281017.88,True
2025-01-17,2025-01-17 08:30:00,2025-01-17 09:00:00,2025-01-17 15:00:00,TICKER_0734.JP,2619.8,2679.48,2.483,2.178,317997.71,True
2025-01-17,2025-01-17 08:30:00,2025-01-17 09:00:00,2025-01-17 15:00:00,TICKER_0771.JP,2710.7,2791.81,3.198,2.892,422250.38,True
2025-01-20,2025-01-20 08:30:00,2025-01-20 09:00:00,2025-01-20 15:00:00,TICKER_0385.JP,1912.2,1921.61,0.693,0.392,57625.94,True
2025-01-20,2025-01-20 08:30:00,2025-01-20 09:00:00,2025-01-20 15:00:00,TICKER_0422.JP,1964.46,2030.14,3.55,3.243,476879.47,True
2025-01-20,2025-01-20 08:30:00,2025-01-20 09:00:00,2025-01-20 15:00:00,TICKER_0459.JP,2071.64,2114.44,2.271,1.966,289109.82,True
2025-01-20,2025-01-20 08:30:00,2025-01-20 09:00:00,2025-01-20 15:00:00,TICKER_0496.JP,2139.98,2165.18,1.38,1.078,158481.97,True
2025-01-20,2025-01-20 08:30:00,2025-01-20 09:00:00,2025-01-20 15:00:00,TICKER_0533.JP,2198.8,2145.34,-2.236,-2.531,-372170.11,False
2025-01-20,2025-01-20 08:30:00,2025-01-20 09:00:00,2025-01-20 15:00:00,TICKER_0570.JP,2280.32,2282.91,0.314,0.014,2040.5,True
2025-01-20,2025-01-20 08:30:00,2025-01-20 09:00:00,2025-01-20 15:00:00,TICKER_0607.JP,2413.92,2462.8,2.229,1.925,283062.16,True
2025-01-20,2025-01-20 08:30:00,2025-01-20 09:00:00,2025-01-20 15:00:00,TICKER_0644.JP,2513.62,2531.28,0.904,0.602,88574.1,True
2025-01-20,2025-01-20 08:30:00,2025-01-20 09:00:00,2025-01-20 15:00:00,TICKER_0681.JP,2558.98,2533.38,-0.802,-1.1,-161760.05,False
2025-01-20,2025-01-20 08:30:00,2025-01-20 09:00:00,2025-01-20 15:00:00,TICKER_0718.JP,2647.53,2717.61,2.852,2.547,374483.4,True
2025-01-21,2025-01-21 08:30:00,2025-01-21 09:00:00,2025-01-21 15:00:00,TICKER_0233.JP,1713.6,1785.06,4.379,4.07,603118.14,True
2025-01-21,2025-01-21 08:30:00,2025-01-21 09:00:00,2025-01-21 15:00:00,TICKER_0270.JP,1829.75,1858.32,1.765,1.462,216564.76,True
2025-01-21,2025-01-21 08:30:00,2025-01-21 09:00:00,2025-01-21 15:00:00,TICKER_0307.JP,1920.16,1982.15,3.435,3.128,463537.67,True
2025-01-21,2025-01-21 08:30:00,2025-01-21 09:00:00,2025-01-21 15:00:00,TICKER_0344.JP,2001.52,2052.78,2.766,2.461,364641.02,True
2025-01-21,2025-01-21 08:30:00,2025-01-21 09:00:00,2025-01-21 15:00:00,TICKER_0381.JP,2061.9,2077.71,0.969,0.667,98802.86,True
2025-01-21,2025-01-21 08:30:00,2025-01-21 09:00:00,2025-01-21 15:00:00,TICKER_0418.JP,2205.7,2341.25,6.358,6.045,895750.2,True
2025-01-21,2025-01-21 08:30:00,2025-01-21 09:00:00,2025-01-21 15:00:00,TICKER_0455.JP,2234.28,2262.82,1.48,1.177,174478.56,True
2025-01-21,2025-01-21 08:30:00,2025-01-21 09:00:00,2025-01-21 15:00:00,TICKER_0492.JP,2327.15,2321.18,-0.057,-0.357,-52883.77,False
2025-01-21,2025-01-21 08:30:00,2025-01-21 09:00:00,2025-01-21 15:00:00,TICKER_0529.JP,2344.43,2384.23,1.901,1.598,236742.58,True
2025-01-21,2025-01-21 08:30:00,2025-01-21 09:00:00,2025-01-21 15:00:00,TICKER_0566.JP,2518.56,2540.76,1.083,0.781,115798.41,True
2025-01-22,2025-01-22 08:30:00,2025-01-22 09:00:00,2025-01-22 15:00:00,TICKER_0202.JP,1708.7,1708.59,0.194,-0.106,-16062.84,False
2025-01-22,2025-01-22 08:30:00,2025-01-22 09:00:00,2025-01-22 15:00:00,TICKER_0239.JP,1800.18,1798.44,0.103,-0.197,-29710.85,False
2025-01-22,2025-01-22 08:30:00,2025-01-22 09:00:00,2025-01-22 15:00:00,TICKER_0276.JP,1860.59,1926.55,3.753,3.445,520711.65,True
2025-01-22,2025-01-22 08:30:00,2025-01-22 09:00:00,2025-01-22 15:00:00,TICKER_0313.JP,1995.77,2089.31,4.896,4.587,693217.96,True
2025-01-22,2025-01-22 08:30:00,2025-01-22 09:00:00,2025-01-22 15:00:00,TICKER_0350.JP,2077.29,2121.85,2.35,2.045,309100.18,True
2025-01-22,2025-01-22 08:30:00,2025-01-22 09:00:00,2025-01-22 15:00:00,TICKER_0387.JP,2126.6,2217.92,4.503,4.194,633867.1,True
2025-01-22,2025-01-22 08:30:00,2025-01-22 09:00:00,2025-01-22 15:00:00,TICKER_0424.JP,2229.62,2246.58,0.963,0.661,99878.0,True
2025-01-22,2025-01-22 08:30:00,2025-01-22 09:00:00,2025-01-22 15:00:00,TICKER_0461.JP,2338.51,2328.93,-0.21,-0.51,-77013.06,False
2025-01-22,2025-01-22 08:30:00,2025-01-22 09:00:00,2025-01-22 15:00:00,TICKER_0498.JP,2399.57,2514.72,5.009,4.699,710201.48,True
2025-01-22,2025-01-22 08:30:00,2025-01-22 09:00:00,2025-01-22 15:00:00,TICKER_0535.JP,2454.43,2472.9,0.954,0.653,98636.5,True
2025-01-23,2025-01-23 08:30:00,2025-01-23 09:00:00,2025-01-23 15:00:00,TICKER_0074.JP,1575.58,1548.45,-1.525,-1.822,-280491.82,False
2025-01-23,2025-01-23 08:30:00,2025-01-23 09:00:00,2025-01-23 15:00:00,TICKER_0111.JP,1675.56,1635.9,-2.172,-2.467,-379762.97,False
2025-01-23,2025-01-23 08:30:00,2025-01-23 09:00:00,2025-01-23 15:00:00,TICKER_0148.JP,1767.76,1788.44,1.373,1.07,164718.45,True
2025-01-23,2025-01-23 08:30:00,2025-01-23 09:00:00,2025-01-23 15:00:00,TICKER_0185.JP,1839.41,1920.77,4.632,4.323,665479.88,True
2025-01-23,2025-01-23 08:30:00,2025-01-23 09:00:00,2025-01-23 15:00:00,TICKER_0222.JP,1951.34,1926.2,-1.091,-1.388,-213694.14,False
2025-01-23,2025-01-23 08:30:00,2025-01-23 09:00:00,2025-01-23 15:00:00,TICKER_0259.JP,2038.1,2154.33,5.915,5.603,862529.01,True
2025-01-23,2025-01-23 08:30:00,2025-01-23 09:00:00,2025-01-23 15:00:00,TICKER_0296.JP,2066.04,2127.11,3.162,2.856,439594.83,True
2025-01-23,2025-01-23 08:30:00,2025-01-23 09:00:00,2025-01-23 15:00:00,TICKER_0333.JP,2183.34,2234.45,2.546,2.241,344967.16,True
2025-01-23,2025-01-23 08:30:00,2025-01-23 09:00:00,2025-01-23 15:00:00,TICKER_0370.JP,2270.69,2382.49,5.134,4.823,742496.62,True
2025-01-23,2025-01-23 08:30:00,2025-01-23 09:00:00,2025-01-23 15:00:00,TICKER_0407.JP,2332.11,2359.6,1.381,1.079,166046.57,True
2025-01-24,2025-01-24 08:30:00,2025-01-24 09:00:00,2025-01-24 15:00:00,TICKER_0651.JP,1681.9,1729.3,3.024,2.718,424904.74,True
2025-01-24,2025-01-24 08:30:00,2025-01-24 09:00:00,2025-01-24 15:00:00,TICKER_0688.JP,1715.91,1766.52,3.155,2.849,445404.04,True
2025-01-24,2025-01-24 08:30:00,2025-01-24 09:00:00,2025-01-24 15:00:00,TICKER_0725.JP,1794.2,1817.84,1.52,1.217,190314.04,True
2025-01-24,2025-01-24 08:30:00,2025-01-24 09:00:00,2025-01-24 15:00:00,TICKER_0762.JP,1917.22,1891.36,-1.151,-1.449,-226469.99,False
2025-01-24,2025-01-24 08:30:00,2025-01-24 09:00:00,2025-01-24 15:00:00,TICKER_0799.JP,2010.78,1980.83,-1.292,-1.59,-248479.2,False
2025-01-24,2025-01-24 08:30:00,2025-01-24 09:00:00,2025-01-24 15:00:00,TICKER_0836.JP,2065.89,2126.59,3.144,2.838,443648.41,True
2025-01-24,2025-01-24 08:30:00,2025-01-24 09:00:00,2025-01-24 15:00:00,TICKER_0873.JP,2139.0,2127.55,-0.336,-0.635,-99284.66,False
2025-01-24,2025-01-24 08:30:00,2025-01-24 09:00:00,2025-01-24 15:00:00,TICKER_0910.JP,2247.87,2338.11,4.223,3.915,611939.39,True
2025-01-24,2025-01-24 08:30:00,2025-01-24 09:00:00,2025-01-24 15:00:00,TICKER_0947.JP,2346.46,2346.37,0.196,-0.104,-16250.53,False
2025-01-24,2025-01-24 08:30:00,2025-01-24 09:00:00,2025-01-24 15:00:00,TICKER_0984.JP,2409.06,2445.22,1.704,1.401,219042.05,True
2025-01-27,2025-01-27 08:30:00,2025-01-27 09:00:00,2025-01-27 15:00:00,TICKER_0222.JP,1752.02,1801.17,3.011,2.705,427353.52,True
2025-01-27,2025-01-27 08:30:00,2025-01-27 09:00:00,2025-01-27 15:00:00,TICKER_0259.JP,1820.02,1901.25,4.672,4.363,689268.21,True
2025-01-27,2025-01-27 08:30:00,2025-01-27 09:00:00,2025-01-27 15:00:00,TICKER_0296.JP,1910.42,1912.68,0.319,0.018,2865.15,True
2025-01-27,2025-01-27 08:30:00,2025-01-27 09:00:00,2025-01-27 15:00:00,TICKER_0333.JP,1966.63,1955.53,-0.365,-0.665,-104980.37,False
2025-01-27,2025-01-27 08:30:00,2025-01-27 09:00:00,2025-01-27 15:00:00,TICKER_0370.JP,2062.82,2015.02,-2.122,-2.417,-381849.7,False
2025-01-27,2025-01-27 08:30:00,2025-01-27 09:00:00,2025-01-27 15:00:00,TICKER_0407.JP,2198.67,2194.34,0.003,-0.297,-46859.34,False
2025-01-27,2025-01-27 08:30:00,2025-01-27 09:00:00,2025-01-27 15:00:00,TICKER_0444.JP,2212.41,2310.59,4.647,4.338,685237.58,True
2025-01-27,2025-01-27 08:30:00,2025-01-27 09:00:00,2025-01-27 15:00:00,TICKER_0481.JP,2313.22,2260.89,-2.067,-2.362,-373205.22,False
2025-01-27,2025-01-27 08:30:00,2025-01-27 09:00:00,2025-01-27 15:00:00,TICKER_0518.JP,2383.65,2459.64,3.394,3.088,487808.02,True
2025-01-27,2025-01-27 08:30:00,2025-01-27 09:00:00,2025-01-27 15:00:00,TICKER_0555.JP,2499.17,2539.57,1.82,1.517,239587.3,True
2025-01-28,2025-01-28 08:30:00,2025-01-28 09:00:00,2025-01-28 15:00:00,TICKER_0144.JP,1653.03,1747.57,5.931,5.619,896376.71,True
2025-01-28,2025-01-28 08:30:00,2025-01-28 09:00:00,2025-01-28 15:00:00,TICKER_0181.JP,1756.61,1729.9,-1.324,-1.621,-258570.17,False
2025-01-28,2025-01-28 08:30:00,2025-01-28 09:00:00,2025-01-28 15:00:00,TICKER_0218.JP,1821.41,1910.98,5.128,4.817,768493.86,True
2025-01-28,2025-01-28 08:30:00,2025-01-28 09:00:00,2025-01-28 15:00:00,TICKER_0255.JP,1928.84,1996.81,3.731,3.424,546219.87,True
2025-01-28,2025-01-28 08:30:00,2025-01-28 09:00:00,2025-01-28 15:00:00,TICKER_0292.JP,1971.71,2054.16,4.39,4.082,651145.0,True
2025-01-28,2025-01-28 08:30:00,2025-01-28 09:00:00,2025-01-28 15:00:00,TICKER_0329.JP,2093.04,2118.76,1.431,1.129,180059.74,True
2025-01-28,2025-01-28 08:30:00,2025-01-28 09:00:00,2025-01-28 15:00:00,TICKER_0366.JP,2181.32,2236.63,2.741,2.436,388549.39,True
2025-01-28,2025-01-28 08:30:00,2025-01-28 09:00:00,2025-01-28 15:00:00,TICKER_0403.JP,2217.56,2186.43,-1.206,-1.504,-239845.19,False
2025-01-28,2025-01-28 08:30:00,2025-01-28 09:00:00,2025-01-28 15:00:00,TICKER_0440.JP,2326.64,2316.87,-0.221,-0.52,-82962.35,False
2025-01-28,2025-01-28 08:30:00,2025-01-28 09:00:00,2025-01-28 15:00:00,TICKER_0477.JP,2392.03,2414.04,1.122,0.82,130856.11,True
2025-01-29,2025-01-29 08:30:00,2025-01-29 09:00:00,2025-01-29 15:00:00,TICKER_0197.JP,1716.6,1700.29,-0.752,-1.051,-170557.19,False
2025-01-29,2025-01-29 08:30:00,2025-01-29 09:00:00,2025-01-29 15:00:00,TICKER_0234.JP,1787.03,1850.23,3.744,3.437,557967.76,True
2025-01-29,2025-01-29 08:30:00,2025-01-29 09:00:00,2025-01-29 15:00:00,TICKER_0271.JP,1869.82,1885.46,1.039,0.737,119604.98,True
2025-01-29,2025-01-29 08:30:00,2025-01-29 09:00:00,2025-01-29 15:00:00,TICKER_0308.JP,1939.85,1952.23,0.84,0.538,87360.06,True
2025-01-29,2025-01-29 08:30:00,2025-01-29 09:00:00,2025-01-29 15:00:00,TICKER_0345.JP,2055.12,2022.1,-1.41,-1.707,-277147.58,False
2025-01-29,2025-01-29 08:30:00,2025-01-29 09:00:00,2025-01-29 15:00:00,TICKER_0382.JP,2163.59,2203.01,2.026,1.722,279592.48,True
2025-01-29,2025-01-29 08:30:00,2025-01-29 09:00:00,2025-01-29 15:00:00,TICKER_0419.JP,2198.7,2291.35,4.422,4.114,667897.13,True
2025-01-29,2025-01-29 08:30:00,2025-01-29 09:00:00,2025-01-29 15:00:00,TICKER_0456.JP,2277.63,2374.69,4.471,4.162,675679.49,True
2025-01-29,2025-01-29 08:30:00,2025-01-29 09:00:00,2025-01-29 15:00:00,TICKER_0493.JP,2400.5,2476.58,3.376,3.069,498336.57,True
2025-01-29,2025-01-29 08:30:00,2025-01-29 09:00:00,2025-01-29 15:00:00,TICKER_0530.JP,2489.47,2560.96,3.078,2.772,449990.8,True
2025-01-30,2025-01-30 08:30:00,2025-01-30 09:00:00,2025-01-30 15:00:00,TICKER_0043.JP,1558.02,1565.16,0.66,0.359,59222.45,True
2025-01-30,2025-01-30 08:30:00,2025-01-30 09:00:00,2025-01-30 15:00:00,TICKER_0080.JP,1646.92,1688.16,2.71,2.404,396955.6,True
2025-01-30,2025-01-30 08:30:00,2025-01-30 09:00:00,2025-01-30 15:00:00,TICKER_0117.JP,1729.82,1798.77,4.194,3.886,641576.18,True
2025-01-30,2025-01-30 08:30:00,2025-01-30 09:00:00,2025-01-30 15:00:00,TICKER_0154.JP,1820.01,1812.38,-0.22,-0.519,-85744.95,False
2025-01-30,2025-01-30 08:30:00,2025-01-30 09:00:00,2025-01-30 15:00:00,TICKER_0191.JP,1903.85,1903.53,0.183,-0.117,-19262.07,False
2025-01-30,2025-01-30 08:30:00,2025-01-30 09:00:00,2025-01-30 15:00:00,TICKER_0228.JP,1960.98,1938.95,-0.925,-1.223,-201982.49,False
2025-01-30,2025-01-30 08:30:00,2025-01-30 09:00:00,2025-01-30 15:00:00,TICKER_0265.JP,2080.72,2027.36,-2.369,-2.664,-439886.25,False
2025-01-30,2025-01-30 08:30:00,2025-01-30 09:00:00,2025-01-30 15:00:00,TICKER_0302.JP,2146.89,2175.87,1.553,1.25,206326.58,True
2025-01-30,2025-01-30 08:30:00,2025-01-30 09:00:00,2025-01-30 15:00:00,TICKER_0339.JP,2228.1,2252.79,1.311,1.009,166505.48,True
2025-01-30,2025-01-30 08:30:00,2025-01-30 09:00:00,2025-01-30 15:00:00,TICKER_0376.JP,2338.34,2362.68,1.244,0.941,155405.21,True
2025-01-31,2025-01-31 08:30:00,2025-01-31 09:00:00,2025-01-31 15:00:00,TICKER_0111.JP,1621.79,1695.88,4.778,4.469,741477.63,True
2025-01-31,2025-01-31 08:30:00,2025-01-31 09:00:00,2025-01-31 15:00:00,TICKER_0148.JP,1726.66,1777.53,3.152,2.846,472226.87,True
2025-01-31,2025-01-31 08:30:00,2025-01-31 09:00:00,2025-01-31 15:00:00,TICKER_0185.JP,1773.31,1818.26,2.74,2.435,403998.45,True
2025-01-31,2025-01-31 08:30:00,2025-01-31 09:00:00,2025-01-31 15:00:00,TICKER_0222.JP,1897.55,1936.03,2.232,1.928,319954.37,True
2025-01-31,2025-01-31 08:30:00,2025-01-31 09:00:00,2025-01-31 15:00:00,TICKER_0259.JP,1947.94,1940.48,-0.183,-0.483,-80126.83,False
2025-01-31,2025-01-31 08:30:00,2025-01-31 09:00:00,2025-01-31 15:00:00,TICKER_0296.JP,2074.04,2146.22,3.687,3.38,560876.16,True
2025-01-31,2025-01-31 08:30:00,2025-01-31 09:00:00,2025-01-31 15:00:00,TICKER_0333.JP,2124.75,2088.81,-1.495,-1.792,-297294.32,False
2025-01-31,2025-01-31 08:30:00,2025-01-31 09:00:00,2025-01-31 15:00:00,TICKER_0370.JP,2212.18,2268.68,2.759,2.454,407198.61,True
2025-01-31,2025-01-31 08:30:00,2025-01-31 09:00:00,2025-01-31 15:00:00,TICKER_0407.JP,2309.68,2370.87,2.855,2.549,423005.55,True
2025-01-31,2025-01-31 08:30:00,2025-01-31 09:00:00,2025-01-31 15:00:00,TICKER_0444.JP,2361.5,2397.22,1.716,1.413,234404.84,True
2025-02-03,2025-02-03 08:30:00,2025-02-03 09:00:00,2025-02-03 15:00:00,TICKER_0238.JP,1740.64,1740.07,0.167,-0.133,-22435.63,False
2025-02-03,2025-02-03 08:30:00,2025-02-03 09:00:00,2025-02-03 15:00:00,TICKER_0275.JP,1811.27,1813.48,0.323,0.022,3768.32,True
2025-02-03,2025-02-03 08:30:00,2025-02-03 09:00:00,2025-02-03 15:00:00,TICKER_0312.JP,1910.96,1980.01,3.821,3.513,593606.2,True
2025-02-03,2025-02-03 08:30:00,2025-02-03 09:00:00,2025-02-03 15:00:00,TICKER_0349.JP,2002.42,2011.93,0.676,0.375,63310.22,True
2025-02-03,2025-02-03 08:30:00,2025-02-03 09:00:00,2025-02-03 15:00:00,TICKER_0386.JP,2134.16,2111.39,-0.869,-1.167,-197207.02,False
2025-02-03,2025-02-03 08:30:00,2025-02-03 09:00:00,2025-02-03 15:00:00,TICKER_0423.JP,2190.98,2171.24,-0.703,-1.001,-169139.41,False
2025-02-03,2025-02-03 08:30:00,2025-02-03 09:00:00,2025-02-03 15:00:00,TICKER_0460.JP,2266.24,2257.51,-0.186,-0.485,-82010.07,False
2025-02-03,2025-02-03 08:30:00,2025-02-03 09:00:00,2025-02-03 15:00:00,TICKER_0497.JP,2336.91,2360.62,1.216,0.914,154472.84,True
2025-02-03,2025-02-03 08:30:00,2025-02-03 09:00:00,2025-02-03 15:00:00,TICKER_0534.JP,2402.71,2402.36,0.185,-0.115,-19392.76,False
2025-02-03,2025-02-03 08:30:00,2025-02-03 09:00:00,2025-02-03 15:00:00,TICKER_0571.JP,2527.65,2514.73,-0.312,-0.611,-103207.92,False
2025-02-04,2025-02-04 08:30:00,2025-02-04 09:00:00,2025-02-04 15:00:00,TICKER_0902.JP,1931.13,1927.71,0.023,-0.277,-46866.5,False
2025-02-04,2025-02-04 08:30:00,2025-02-04 09:00:00,2025-02-04 15:00:00,TICKER_0939.JP,2003.83,2081.48,4.083,3.775,638582.94,True
2025-02-04,2025-02-04 08:30:00,2025-02-04 09:00:00,2025-02-04 15:00:00,TICKER_0976.JP,2070.68,2114.71,2.331,2.027,342835.31,True
2025-02-04,2025-02-04 08:30:00,2025-02-04 09:00:00,2025-02-04 15:00:00,TICKER_1013.JP,2216.87,2262.75,2.274,1.97,333195.75,True
2025-02-04,2025-02-04 08:30:00,2025-02-04 09:00:00,2025-02-04 15:00:00,TICKER_1050.JP,2258.02,2257.72,0.187,-0.113,-19132.64,False
2025-02-04,2025-02-04 08:30:00,2025-02-04 09:00:00,2025-02-04 15:00:00,TICKER_1087.JP,2327.95,2319.38,-0.169,-0.468,-79174.91,False
2025-02-04,2025-02-04 08:30:00,2025-02-04 09:00:00,2025-02-04 15:00:00,TICKER_1124.JP,2438.76,2457.37,0.965,0.663,112202.1,True
2025-02-04,2025-02-04 08:30:00,2025-02-04 09:00:00,2025-02-04 15:00:00,TICKER_1161.JP,2511.64,2512.46,0.233,-0.068,-11421.53,False
2025-02-04,2025-02-04 08:30:00,2025-02-04 09:00:00,2025-02-04 15:00:00,TICKER_1198.JP,2561.42,2578.39,0.864,0.563,95163.05,True
2025-02-04,2025-02-04 08:30:00,2025-02-04 09:00:00,2025-02-04 15:00:00,TICKER_1235.JP,2729.29,2762.17,1.407,1.105,186874.3,True
2025-02-05,2025-02-05 08:30:00,2025-02-05 09:00:00,2025-02-05 15:00:00,TICKER_0832.JP,1827.43,1830.15,0.349,0.049,8357.43,True
2025-02-05,2025-02-05 08:30:00,2025-02-05 09:00:00,2025-02-05 15:00:00,TICKER_0869.JP,1905.59,1923.05,1.118,0.816,139210.88,True
2025-02-05,2025-02-05 08:30:00,2025-02-05 09:00:00,2025-02-05 15:00:00,TICKER_0906.JP,2003.7,1969.78,-1.496,-1.793,-305971.97,False
2025-02-05,2025-02-05 08:30:00,2025-02-05 09:00:00,2025-02-05 15:00:00,TICKER_0943.JP,2085.28,2133.69,2.526,2.222,379095.59,True
2025-02-05,2025-02-05 08:30:00,2025-02-05 09:00:00,2025-02-05 15:00:00,TICKER_0980.JP,2200.52,2147.18,-2.229,-2.524,-430683.74,False
2025-02-05,2025-02-05 08:30:00,2025-02-05 09:00:00,2025-02-05 15:00:00,TICKER_1017.JP,2271.1,2261.72,-0.214,-0.513,-87564.38,False
2025-02-05,2025-02-05 08:30:00,2025-02-05 09:00:00,2025-02-05 15:00:00,TICKER_1054.JP,2340.3,2349.05,0.575,0.274,46741.43,True
2025-02-05,2025-02-05 08:30:00,2025-02-05 09:00:00,2025-02-05 15:00:00,TICKER_1091.JP,2470.11,2494.85,1.204,0.902,153883.43,True
2025-02-05,2025-02-05 08:30:00,2025-02-05 09:00:00,2025-02-05 15:00:00,TICKER_1128.JP,2497.94,2552.28,2.38,2.075,354152.84,True
2025-02-05,2025-02-05 08:30:00,2025-02-05 09:00:00,2025-02-05 15:00:00,TICKER_1165.JP,2640.72,2542.86,-3.513,-3.806,-649397.94,False
2025-02-06,2025-02-06 08:30:00,2025-02-06 09:00:00,2025-02-06 15:00:00,TICKER_0237.JP,1717.77,1778.7,3.755,3.447,586969.54,True
2025-02-06,2025-02-06 08:30:00,2025-02-06 09:00:00,2025-02-06 15:00:00,TICKER_0274.JP,1818.62,1845.69,1.692,1.389,236474.32,True
2025-02-06,2025-02-06 08:30:00,2025-02-06 09:00:00,2025-02-06 15:00:00,TICKER_0311.JP,1967.02,1976.36,0.676,0.375,63880.39,True
2025-02-06,2025-02-06 08:30:00,2025-02-06 09:00:00,2025-02-06 15:00:00,TICKER_0348.JP,2017.95,2042.93,1.441,1.138,193743.38,True
2025-02-06,2025-02-06 08:30:00,2025-02-06 09:00:00,2025-02-06 15:00:00,TICKER_0385.JP,2094.53,2190.99,4.814,4.505,767083.82,True
2025-02-06,2025-02-06 08:30:00,2025-02-06 09:00:00,2025-02-06 15:00:00,TICKER_0422.JP,2138.71,2202.8,3.203,2.897,493288.37,True
2025-02-06,2025-02-06 08:30:00,2025-02-06 09:00:00,2025-02-06 15:00:00,TICKER_0459.JP,2232.33,2250.61,1.021,0.719,122381.6,True
2025-02-06,2025-02-06 08:30:00,2025-02-06 09:00:00,2025-02-06 15:00:00,TICKER_0496.JP,2342.11,2410.45,3.124,2.818,479786.68,True
2025-02-06,2025-02-06 08:30:00,2025-02-06 09:00:00,2025-02-06 15:00:00,TICKER_0533.JP,2439.85,2432.74,-0.091,-0.391,-66594.65,False
2025-02-06,2025-02-06 08:30:00,2025-02-06 09:00:00,2025-02-06 15:00:00,TICKER_0570.JP,2483.92,2567.83,3.585,3.278,558159.77,True
2025-02-07,2025-02-07 08:30:00,2025-02-07 09:00:00,2025-02-07 15:00:00,TICKER_0373.JP,1893.0,1899.66,0.553,0.252,43675.56,True
2025-02-07,2025-02-07 08:30:00,2025-02-07 09:00:00,2025-02-07 15:00:00,TICKER_0410.JP,1973.38,2072.04,5.209,4.899,850194.16,True
2025-02-07,2025-02-07 08:30:00,2025-02-07 09:00:00,2025-02-07 15:00:00,TICKER_0447.JP,2048.38,2167.52,6.028,5.717,992015.4,True
2025-02-07,2025-02-07 08:30:00,2025-02-07 09:00:00,2025-02-07 15:00:00,TICKER_0484.JP,2120.8,2172.02,2.62,2.315,401732.69,True
2025-02-07,2025-02-07 08:30:00,2025-02-07 09:00:00,2025-02-07 15:00:00,TICKER_0521.JP,2196.81,2202.16,0.444,0.143,24837.34,True
2025-02-07,2025-02-07 08:30:00,2025-02-07 09:00:00,2025-02-07 15:00:00,TICKER_0558.JP,2275.7,2242.76,-1.25,-1.547,-268527.67,False
2025-02-07,2025-02-07 08:30:00,2025-02-07 09:00:00,2025-02-07 15:00:00,TICKER_0595.JP,2355.1,2380.16,1.266,0.964,167261.53,True
2025-02-07,2025-02-07 08:30:00,2025-02-07 09:00:00,2025-02-07 15:00:00,TICKER_0632.JP,2494.66,2502.59,0.519,0.218,37828.62,True
2025-02-07,2025-02-07 08:30:00,2025-02-07 09:00:00,2025-02-07 15:00:00,TICKER_0669.JP,2533.91,2522.03,-0.27,-0.569,-98754.44,False
2025-02-07,2025-02-07 08:30:00,2025-02-07 09:00:00,2025-02-07 15:00:00,TICKER_0706.JP,2665.1,2629.81,-1.127,-1.424,-247172.23,False
2025-02-10,2025-02-10 08:30:00,2025-02-10 09:00:00,2025-02-10 15:00:00,TICKER_0034.JP,1542.1,1525.1,-0.904,-1.202,-210799.31,False
2025-02-10,2025-02-10 08:30:00,2025-02-10 09:00:00,2025-02-10 15:00:00,TICKER_0071.JP,1611.65,1651.78,2.695,2.39,419031.4,True
2025-02-10,2025-02-10 08:30:00,2025-02-10 09:00:00,2025-02-10 15:00:00,TICKER_0108.JP,1744.95,1727.95,-0.776,-1.074,-188389.33,False
2025-02-10,2025-02-10 08:30:00,2025-02-10 09:00:00,2025-02-10 15:00:00,TICKER_0145.JP,1778.18,1781.21,0.371,0.07,12350.05,True
2025-02-10,2025-02-10 08:30:00,2025-02-10 09:00:00,2025-02-10 15:00:00,TICKER_0182.JP,1878.42,1871.3,-0.18,-0.479,-83994.13,False
2025-02-10,2025-02-10 08:30:00,2025-02-10 09:00:00,2025-02-10 15:00:00,TICKER_0219.JP,2001.34,2004.56,0.362,0.061,10712.87,True
2025-02-10,2025-02-10 08:30:00,2025-02-10 09:00:00,2025-02-10 15:00:00,TICKER_0256.JP,2078.48,2036.28,-1.834,-2.13,-373494.79,False
2025-02-10,2025-02-10 08:30:00,2025-02-10 09:00:00,2025-02-10 15:00:00,TICKER_0293.JP,2131.79,2177.82,2.364,2.059,361072.65,True
2025-02-10,2025-02-10 08:30:00,2025-02-10 09:00:00,2025-02-10 15:00:00,TICKER_0330.JP,2249.02,2214.37,-1.343,-1.64,-287629.02,False
2025-02-10,2025-02-10 08:30:00,2025-02-10 09:00:00,2025-02-10 15:00:00,TICKER_0367.JP,2325.0,2318.61,-0.075,-0.375,-65752.56,False
2025-02-11,2025-02-11 08:30:00,2025-02-11 09:00:00,2025-02-11 15:00:00,TICKER_0162.JP,1689.26,1673.78,-0.718,-1.016,-177750.0,False
2025-02-11,2025-02-11 08:30:00,2025-02-11 09:00:00,2025-02-11 15:00:00,TICKER_0199.JP,1756.07,1814.24,3.519,3.212,562044.63,True
2025-02-11,2025-02-11 08:30:00,2025-02-11 09:00:00,2025-02-11 15:00:00,TICKER_0236.JP,1808.94,1804.34,-0.054,-0.354,-61920.89,False
2025-02-11,2025-02-11 08:30:00,2025-02-11 09:00:00,2025-02-11 15:00:00,TICKER_0273.JP,1940.42,2036.62,5.168,4.858,849911.25,True
2025-02-11,2025-02-11 08:30:00,2025-02-11 09:00:00,2025-02-11 15:00:00,TICKER_0310.JP,2010.38,2008.62,0.113,-0.187,-32803.65,False
2025-02-11,2025-02-11 08:30:00,2025-02-11 09:00:00,2025-02-11 15:00:00,TICKER_0347.JP,2065.0,2119.55,2.847,2.541,444638.08,True
2025-02-11,2025-02-11 08:30:00,2025-02-11 09:00:00,2025-02-11 15:00:00,TICKER_0384.JP,2210.52,2265.77,2.705,2.4,419822.14,True
2025-02-11,2025-02-11 08:30:00,2025-02-11 09:00:00,2025-02-11 15:00:00,TICKER_0421.JP,2253.08,2313.64,2.894,2.588,452790.73,True
2025-02-11,2025-02-11 08:30:00,2025-02-11 09:00:00,2025-02-11 15:00:00,TICKER_0458.JP,2383.87,2357.34,-0.915,-1.213,-212212.8,False
2025-02-11,2025-02-11 08:30:00,2025-02-11 09:00:00,2025-02-11 15:00:00,TICKER_0495.JP,2519.54,2535.81,0.847,0.546,95515.33,True
2025-02-12,2025-02-12 08:30:00,2025-02-12 09:00:00,2025-02-12 15:00:00,TICKER_0059.JP,1574.54,1563.8,-0.483,-0.782,-138553.98,False
2025-02-12,2025-02-12 08:30:00,2025-02-12 09:00:00,2025-02-12 15:00:00,TICKER_0096.JP,1670.48,1644.34,-1.367,-1.665,-294917.16,False
2025-02-12,2025-02-12 08:30:00,2025-02-12 09:00:00,2025-02-12 15:00:00,TICKER_0133.JP,1763.62,1776.17,0.913,0.612,108365.64,True
2025-02-12,2025-02-12 08:30:00,2025-02-12 09:00:00,2025-02-12 15:00:00,TICKER_0170.JP,1789.19,1822.78,2.081,1.777,314897.23,True
2025-02-12,2025-02-12 08:30:00,2025-02-12 09:00:00,2025-02-12 15:00:00,TICKER_0207.JP,1899.24,1879.45,-0.844,-1.142,-202326.22,False
2025-02-12,2025-02-12 08:30:00,2025-02-12 09:00:00,2025-02-12 15:00:00,TICKER_0244.JP,1970.75,2061.91,4.835,4.526,801828.75,True
2025-02-12,2025-02-12 08:30:00,2025-02-12 09:00:00,2025-02-12 15:00:00,TICKER_0281.JP,2068.38,2105.73,2.01,1.706,302276.77,True
2025-02-12,2025-02-12 08:30:00,2025-02-12 09:00:00,2025-02-12 15:00:00,TICKER_0318.JP,2182.5,2217.25,1.796,1.492,264391.0,True
2025-02-12,2025-02-12 08:30:00,2025-02-12 09:00:00,2025-02-12 15:00:00,TICKER_0355.JP,2254.21,2254.99,0.235,-0.065,-11581.0,False
2025-02-12,2025-02-12 08:30:00,2025-02-12 09:00:00,2025-02-12 15:00:00,TICKER_0392.JP,2342.48,2337.12,-0.029,-0.329,-58256.7,False
2025-02-13,2025-02-13 08:30:00,2025-02-13 09:00:00,2025-02-13 15:00:00,TICKER_0374.JP,1885.43,1984.22,5.45,5.14,915945.56,True
2025-02-13,2025-02-13 08:30:00,2025-02-13 09:00:00,2025-02-13 15:00:00,TICKER_0411.JP,1949.16,1980.84,1.829,1.525,271828.81,True
2025-02-13,2025-02-13 08:30:00,2025-02-13 09:00:00,2025-02-13 15:00:00,TICKER_0448.JP,2045.17,2013.18,-1.367,-1.664,-296559.71,False
2025-02-13,2025-02-13 08:30:00,2025-02-13 09:00:00,2025-02-13 15:00:00,TICKER_0485.JP,2148.48,2213.79,3.246,2.94,523974.64,True
2025-02-13,2025-02-13 08:30:00,2025-02-13 09:00:00,2025-02-13 15:00:00,TICKER_0522.JP,2181.49,2148.55,-1.313,-1.61,-286916.5,False
2025-02-13,2025-02-13 08:30:00,2025-02-13 09:00:00,2025-02-13 15:00:00,TICKER_0559.JP,2372.41,2441.07,3.1,2.794,497914.52,True
2025-02-13,2025-02-13 08:30:00,2025-02-13 09:00:00,2025-02-13 15:00:00,TICKER_0596.JP,2367.39,2450.48,3.717,3.41,607677.18,True
2025-02-13,2025-02-13 08:30:00,2025-02-13 09:00:00,2025-02-13 15:00:00,TICKER_0633.JP,2466.03,2578.92,4.787,4.478,797957.92,True
2025-02-13,2025-02-13 08:30:00,2025-02-13 09:00:00,2025-02-13 15:00:00,TICKER_0670.JP,2584.6,2624.29,1.739,1.436,255853.52,True
2025-02-13,2025-02-13 08:30:00,2025-02-13 09:00:00,2025-02-13 15:00:00,TICKER_0707.JP,2662.81,2683.85,0.992,0.69,123013.48,True
2025-02-14,2025-02-14 08:30:00,2025-02-14 09:00:00,2025-02-14 15:00:00,TICKER_0618.JP,1623.45,1570.87,-3.045,-3.339,-605874.3,False
2025-02-14,2025-02-14 08:30:00,2025-02-14 09:00:00,2025-02-14 15:00:00,TICKER_0655.JP,1742.29,1785.77,2.701,2.396,434698.84,True
2025-02-14,2025-02-14 08:30:00,2025-02-14 09:00:00,2025-02-14 15:00:00,TICKER_0692.JP,1819.91,1833.37,0.942,0.64,116122.84,True
2025-02-14,2025-02-14 08:30:00,2025-02-14 09:00:00,2025-02-14 15:00:00,TICKER_0729.JP,1877.02,1876.66,0.181,-0.119,-21564.19,False
2025-02-14,2025-02-14 08:30:00,2025-02-14 09:00:00,2025-02-14 15:00:00,TICKER_0766.JP,1949.48,2017.43,3.693,3.386,614341.42,True
2025-02-14,2025-02-14 08:30:00,2025-02-14 09:00:00,2025-02-14 15:00:00,TICKER_0803.JP,1992.8,1955.1,-1.695,-1.992,-361397.66,False
2025-02-14,2025-02-14 08:30:00,2025-02-14 09:00:00,2025-02-14 15:00:00,TICKER_0840.JP,2160.04,2153.85,-0.087,-0.386,-70092.24,False
2025-02-14,2025-02-14 08:30:00,2025-02-14 09:00:00,2025-02-14 15:00:00,TICKER_0877.JP,2169.79,2201.48,1.664,1.36,246856.13,True
2025-02-14,2025-02-14 08:30:00,2025-02-14 09:00:00,2025-02-14 15:00:00,TICKER_0914.JP,2299.48,2347.02,2.272,1.968,357019.89,True
2025-02-14,2025-02-14 08:30:00,2025-02-14 09:00:00,2025-02-14 15:00:00,TICKER_0951.JP,2412.14,2414.53,0.3,-0.001,-141.57,False
2025-02-17,2025-02-17 08:30:00,2025-02-17 09:00:00,2025-02-17 15:00:00,TICKER_0368.JP,1916.61,2007.99,4.977,4.668,850080.0,True
2025-02-17,2025-02-17 08:30:00,2025-02-17 09:00:00,2025-02-17 15:00:00,TICKER_0405.JP,1985.22,1952.94,-1.429,-1.726,-314426.65,False
2025-02-17,2025-02-17 08:30:00,2025-02-17 09:00:00,2025-02-17 15:00:00,TICKER_0442.JP,2031.55,2041.71,0.701,0.4,72841.3,True
2025-02-17,2025-02-17 08:30:00,2025-02-17 09:00:00,2025-02-17 15:00:00,TICKER_0479.JP,2158.0,2172.79,0.887,0.585,106602.22,True
2025-02-17,2025-02-17 08:30:00,2025-02-17 09:00:00,2025-02-17 15:00:00,TICKER_0516.JP,2173.27,2222.85,2.486,2.182,397313.37,True
2025-02-17,2025-02-17 08:30:00,2025-02-17 09:00:00,2025-02-17 15:00:00,TICKER_0553.JP,2294.68,2311.74,0.945,0.643,117139.36,True
2025-02-17,2025-02-17 08:30:00,2025-02-17 09:00:00,2025-02-17 15:00:00,TICKER_0590.JP,2412.51,2438.18,1.266,0.964,175570.83,True
2025-02-17,2025-02-17 08:30:00,2025-02-17 09:00:00,2025-02-17 15:00:00,TICKER_0627.JP,2497.96,2559.62,2.674,2.369,431367.98,True
2025-02-17,2025-02-17 08:30:00,2025-02-17 09:00:00,2025-02-17 15:00:00,TICKER_0664.JP,2557.04,2606.98,2.157,1.853,337457.1,True
2025-02-17,2025-02-17 08:30:00,2025-02-17 09:00:00,2025-02-17 15:00:00,TICKER_0701.JP,2624.39,2663.91,1.709,1.406,256057.52,True
2025-02-18,2025-02-18 08:30:00,2025-02-18 09:00:00,2025-02-18 15:00:00,TICKER_0380.JP,1884.71,1909.54,1.52,1.217,224496.52,True
2025-02-18,2025-02-18 08:30:00,2025-02-18 09:00:00,2025-02-18 15:00:00,TICKER_0417.JP,1974.72,2050.3,4.035,3.727,687408.74,True
2025-02-18,2025-02-18 08:30:00,2025-02-18 09:00:00,2025-02-18 15:00:00,TICKER_0454.JP,2091.94,2076.86,-0.522,-0.821,-151384.66,False
2025-02-18,2025-02-18 08:30:00,2025-02-18 09:00:00,2025-02-18 15:00:00,TICKER_0491.JP,2143.87,2150.51,0.51,0.21,38641.85,True
2025-02-18,2025-02-18 08:30:00,2025-02-18 09:00:00,2025-02-18 15:00:00,TICKER_0528.JP,2227.26,2264.93,1.895,1.592,293558.67,True
2025-02-18,2025-02-18 08:30:00,2025-02-18 09:00:00,2025-02-18 15:00:00,TICKER_0565.JP,2346.59,2307.8,-1.456,-1.753,-323354.33,False
2025-02-18,2025-02-18 08:30:00,2025-02-18 09:00:00,2025-02-18 15:00:00,TICKER_0602.JP,2406.53,2461.27,2.479,2.174,401018.64,True
2025-02-18,2025-02-18 08:30:00,2025-02-18 09:00:00,2025-02-18 15:00:00,TICKER_0639.JP,2488.0,2550.05,2.699,2.394,441545.85,True
2025-02-18,2025-02-18 08:30:00,2025-02-18 09:00:00,2025-02-18 15:00:00,TICKER_0676.JP,2606.73,2657.37,2.147,1.843,339820.9,True
2025-02-18,2025-02-18 08:30:00,2025-02-18 09:00:00,2025-02-18 15:00:00,TICKER_0713.JP,2648.8,2566.03,-2.931,-3.225,-594730.94,False
2025-02-19,2025-02-19 08:30:00,2025-02-19 09:00:00,2025-02-19 15:00:00,TICKER_0041.JP,1532.26,1561.48,2.111,1.807,335554.52,True
2025-02-19,2025-02-19 08:30:00,2025-02-19 09:00:00,2025-02-19 15:00:00,TICKER_0078.JP,1623.49,1683.78,3.921,3.614,671161.79,True
2025-02-19,2025-02-19 08:30:00,2025-02-19 09:00:00,2025-02-19 15:00:00,TICKER_0115.JP,1735.04,1723.4,-0.472,-0.771,-143153.39,False
2025-02-19,2025-02-19 08:30:00,2025-02-19 09:00:00,2025-02-19 15:00:00,TICKER_0152.JP,1808.19,1873.08,3.796,3.489,647916.79,True
2025-02-19,2025-02-19 08:30:00,2025-02-19 09:00:00,2025-02-19 15:00:00,TICKER_0189.JP,1911.47,1897.77,-0.518,-0.817,-151677.93,False
2025-02-19,2025-02-19 08:30:00,2025-02-19 09:00:00,2025-02-19 15:00:00,TICKER_0226.JP,1940.07,2066.16,6.713,6.399,1188528.63,True
2025-02-19,2025-02-19 08:30:00,2025-02-19 09:00:00,2025-02-19 15:00:00,TICKER_0263.JP,2056.51,2024.76,-1.347,-1.644,-305317.78,False
2025-02-19,2025-02-19 08:30:00,2025-02-19 09:00:00,2025-02-19 15:00:00,TICKER_0300.JP,2150.96,2167.91,0.99,0.688,127791.35,True
2025-02-19,2025-02-19 08:30:00,2025-02-19 09:00:00,2025-02-19 15:00:00,TICKER_0337.JP,2243.11,2220.22,-0.822,-1.121,-208123.02,False
2025-02-19,2025-02-19 08:30:00,2025-02-19 09:00:00,2025-02-19 15:00:00,TICKER_0374.JP,2325.25,2303.98,-0.716,-1.015,-188454.93,False
2025-02-20,2025-02-20 08:30:00,2025-02-20 09:00:00,2025-02-20 15:00:00,TICKER_0138.JP,1627.39,1613.83,-0.634,-0.933,-174973.46,False
2025-02-20,2025-02-20 08:30:00,2025-02-20 09:00:00,2025-02-20 15:00:00,TICKER_0175.JP,1735.56,1714.78,-1.0,-1.297,-243377.09,False
2025-02-20,2025-02-20 08:30:00,2025-02-20 09:00:00,2025-02-20 15:00:00,TICKER_0212.JP,1796.7,1847.52,3.034,2.728,511821.97,True
2025-02-20,2025-02-20 08:30:00,2025-02-20 09:00:00,2025-02-20 15:00:00,TICKER_0249.JP,1909.49,1937.68,1.68,1.376,258222.67,True
2025-02-20,2025-02-20 08:30:00,2025-02-20 09:00:00,2025-02-20 15:00:00,TICKER_0286.JP,1990.59,2053.94,3.389,3.083,578321.04,True
2025-02-20,2025-02-20 08:30:00,2025-02-20 09:00:00,2025-02-20 15:00:00,TICKER_0323.JP,2076.73,2056.81,-0.761,-1.059,-198736.66,False
2025-02-20,2025-02-20 08:30:00,2025-02-20 09:00:00,2025-02-20 15:00:00,TICKER_0360.JP,2243.57,2280.12,1.832,1.529,286826.65,True
2025-02-20,2025-02-20 08:30:00,2025-02-20 09:00:00,2025-02-20 15:00:00,TICKER_0397.JP,2267.23,2316.52,2.378,2.074,389051.9,True
2025-02-20,2025-02-20 08:30:00,2025-02-20 09:00:00,2025-02-20 15:00:00,TICKER_0434.JP,2315.31,2394.77,3.639,3.332,625066.83,True
2025-02-20,2025-02-20 08:30:00,2025-02-20 09:00:00,2025-02-20 15:00:00,TICKER_0471.JP,2399.35,2439.15,1.862,1.559,292438.26,True
2025-02-21,2025-02-21 08:30:00,2025-02-21 09:00:00,2025-02-21 15:00:00,TICKER_0662.JP,1672.26,1705.13,2.17,1.866,354134.9,True
2025-02-21,2025-02-21 08:30:00,2025-02-21 09:00:00,2025-02-21 15:00:00,TICKER_0699.JP,1735.87,1729.88,-0.146,-0.445,-84540.79,False
2025-02-21,2025-02-21 08:30:00,2025-02-21 09:00:00,2025-02-21 15:00:00,TICKER_0736.JP,1828.25,1867.26,2.338,2.034,386065.41,True
2025-02-21,2025-02-21 08:30:00,2025-02-21 09:00:00,2025-02-21 15:00:00,TICKER_0773.JP,1914.87,2005.23,4.928,4.619,876691.39,True
2025-02-21,2025-02-21 08:30:00,2025-02-21 09:00:00,2025-02-21 15:00:00,TICKER_0810.JP,1968.33,1986.43,1.122,0.82,155609.68,True
2025-02-21,2025-02-21 08:30:00,2025-02-21 09:00:00,2025-02-21 15:00:00,TICKER_0847.JP,2069.88,2032.5,-1.609,-1.906,-361776.62,False
2025-02-21,2025-02-21 08:30:00,2025-02-21 09:00:00,2025-02-21 15:00:00,TICKER_0884.JP,2181.14,2210.55,1.551,1.248,236936.78,True
2025-02-21,2025-02-21 08:30:00,2025-02-21 09:00:00,2025-02-21 15:00:00,TICKER_0921.JP,2259.07,2289.19,1.536,1.233,234103.02,True
2025-02-21,2025-02-21 08:30:00,2025-02-21 09:00:00,2025-02-21 15:00:00,TICKER_0958.JP,2346.36,2420.06,3.347,3.041,577158.29,True
2025-02-21,2025-02-21 08:30:00,2025-02-21 09:00:00,2025-02-21 15:00:00,TICKER_0995.JP,2427.34,2513.49,3.756,3.449,654667.01,True
2025-02-24,2025-02-24 08:30:00,2025-02-24 09:00:00,2025-02-24 15:00:00,TICKER_0118.JP,1593.64,1589.56,-0.057,-0.356,-68637.99,False
2025-02-24,2025-02-24 08:30:00,2025-02-24 09:00:00,2025-02-24 15:00:00,TICKER_0155.JP,1736.54,1724.44,-0.498,-0.797,-153539.79,False
2025-02-24,2025-02-24 08:30:00,2025-02-24 09:00:00,2025-02-24 15:00:00,TICKER_0192.JP,1769.79,1755.45,-0.611,-0.91,-175343.03,False
2025-02-24,2025-02-24 08:30:00,2025-02-24 09:00:00,2025-02-24 15:00:00,TICKER_0229.JP,1914.04,1992.58,4.311,4.003,771320.69,True
2025-02-24,2025-02-24 08:30:00,2025-02-24 09:00:00,2025-02-24 15:00:00,TICKER_0266.JP,1973.53,2038.28,3.488,3.181,612898.18,True
2025-02-24,2025-02-24 08:30:00,2025-02-24 09:00:00,2025-02-24 15:00:00,TICKER_0303.JP,2039.21,2112.17,3.785,3.478,670118.93,True
2025-02-24,2025-02-24 08:30:00,2025-02-24 09:00:00,2025-02-24 15:00:00,TICKER_0340.JP,2121.85,2176.71,2.791,2.486,478927.93,True
2025-02-24,2025-02-24 08:30:00,2025-02-24 09:00:00,2025-02-24 15:00:00,TICKER_0377.JP,2237.21,2321.3,3.966,3.658,704901.83,True
2025-02-24,2025-02-24 08:30:00,2025-02-24 09:00:00,2025-02-24 15:00:00,TICKER_0414.JP,2319.02,2350.09,1.543,1.24,238896.81,True
2025-02-24,2025-02-24 08:30:00,2025-02-24 09:00:00,2025-02-24 15:00:00,TICKER_0451.JP,2423.11,2540.46,5.053,4.743,913866.98,True
2025-02-25,2025-02-25 08:30:00,2025-02-25 09:00:00,2025-02-25 15:00:00,TICKER_0726.JP,1743.25,1734.98,-0.275,-0.574,-112837.76,False
2025-02-25,2025-02-25 08:30:00,2025-02-25 09:00:00,2025-02-25 15:00:00,TICKER_0763.JP,1822.29,1858.24,2.177,1.873,367958.18,True
2025-02-25,2025-02-25 08:30:00,2025-02-25 09:00:00,2025-02-25 15:00:00,TICKER_0800.JP,1928.69,1957.22,1.683,1.379,271034.04,True
2025-02-25,2025-02-25 08:30:00,2025-02-25 09:00:00,2025-02-25 15:00:00,TICKER_0837.JP,2007.22,2078.36,3.752,3.444,676758.34,True
2025-02-25,2025-02-25 08:30:00,2025-02-25 09:00:00,2025-02-25 15:00:00,TICKER_0874.JP,2090.61,2147.88,2.945,2.639,518599.12,True
2025-02-25,2025-02-25 08:30:00,2025-02-25 09:00:00,2025-02-25 15:00:00,TICKER_0911.JP,2124.42,2113.62,-0.309,-0.608,-119514.5,False
2025-02-25,2025-02-25 08:30:00,2025-02-25 09:00:00,2025-02-25 15:00:00,TICKER_0948.JP,2243.86,2314.66,3.362,3.055,600309.64,True
2025-02-25,2025-02-25 08:30:00,2025-02-25 09:00:00,2025-02-25 15:00:00,TICKER_0985.JP,2310.76,2411.92,4.587,4.278,840471.04,True
2025-02-25,2025-02-25 08:30:00,2025-02-25 09:00:00,2025-02-25 15:00:00,TICKER_1022.JP,2444.07,2526.45,3.578,3.271,642600.35,True
2025-02-25,2025-02-25 08:30:00,2025-02-25 09:00:00,2025-02-25 15:00:00,TICKER_1059.JP,2489.31,2524.77,1.628,1.325,260281.48,True
2025-02-26,2025-02-26 08:30:00,2025-02-26 09:00:00,2025-02-26 15:00:00,TICKER_0818.JP,1788.72,1810.62,1.427,1.124,225131.09,True
2025-02-26,2025-02-26 08:30:00,2025-02-26 09:00:00,2025-02-26 15:00:00,TICKER_0855.JP,1915.03,1929.83,0.974,0.673,134668.49,True
2025-02-26,2025-02-26 08:30:00,2025-02-26 09:00:00,2025-02-26 15:00:00,TICKER_0892.JP,2013.18,2060.97,2.579,2.274,455246.27,True
2025-02-26,2025-02-26 08:30:00,2025-02-26 09:00:00,2025-02-26 15:00:00,TICKER_0929.JP,2068.56,2095.42,1.502,1.199,240028.52,True
2025-02-26,2025-02-26 08:30:00,2025-02-26 09:00:00,2025-02-26 15:00:00,TICKER_0966.JP,2141.07,2152.14,0.718,0.417,83471.01,True
2025-02-26,2025-02-26 08:30:00,2025-02-26 09:00:00,2025-02-26 15:00:00,TICKER_1003.JP,2253.1,2271.39,1.013,0.712,142475.8,True
2025-02-26,2025-02-26 08:30:00,2025-02-26 09:00:00,2025-02-26 15:00:00,TICKER_1040.JP,2365.99,2371.66,0.44,0.139,27896.05,True
2025-02-26,2025-02-26 08:30:00,2025-02-26 09:00:00,2025-02-26 15:00:00,TICKER_1077.JP,2385.96,2383.72,0.106,-0.194,-38817.97,False
2025-02-26,2025-02-26 08:30:00,2025-02-26 09:00:00,2025-02-26 15:00:00,TICKER_1114.JP,2508.54,2440.52,-2.517,-2.812,-562939.6,False
2025-02-26,2025-02-26 08:30:00,2025-02-26 09:00:00,2025-02-26 15:00:00,TICKER_1151.JP,2596.16,2607.95,0.655,0.354,70875.0,True
2025-02-27,2025-02-27 08:30:00,2025-02-27 09:00:00,2025-02-27 15:00:00,TICKER_0565.JP,1577.89,1615.07,2.562,2.257,453533.3,True
2025-02-27,2025-02-27 08:30:00,2025-02-27 09:00:00,2025-02-27 15:00:00,TICKER_0602.JP,1629.75,1728.71,6.285,5.972,1200210.74,True
2025-02-27,2025-02-27 08:30:00,2025-02-27 09:00:00,2025-02-27 15:00:00,TICKER_0639.JP,1737.76,1754.28,1.153,0.851,171044.26,True
2025-02-27,2025-02-27 08:30:00,2025-02-27 09:00:00,2025-02-27 15:00:00,TICKER_0676.JP,1842.63,1915.81,4.18,3.872,778057.16,True
2025-02-27,2025-02-27 08:30:00,2025-02-27 09:00:00,2025-02-27 15:00:00,TICKER_0713.JP,1925.79,1896.08,-1.346,-1.643,-330155.14,False
2025-02-27,2025-02-27 08:30:00,2025-02-27 09:00:00,2025-02-27 15:00:00,TICKER_0750.JP,1995.07,2057.7,3.346,3.039,610755.57,True
2025-02-27,2025-02-27 08:30:00,2025-02-27 09:00:00,2025-02-27 15:00:00,TICKER_0787.JP,2128.04,2149.96,1.232,0.93,186929.19,True
2025-02-27,2025-02-27 08:30:00,2025-02-27 09:00:00,2025-02-27 15:00:00,TICKER_0824.JP,2192.59,2277.09,4.062,3.754,754408.14,True
2025-02-27,2025-02-27 08:30:00,2025-02-27 09:00:00,2025-02-27 15:00:00,TICKER_0861.JP,2260.78,2316.39,2.665,2.36,474259.83,True
2025-02-27,2025-02-27 08:30:00,2025-02-27 09:00:00,2025-02-27 15:00:00,TICKER_0898.JP,2373.7,2359.76,-0.388,-0.687,-138147.17,False
2025-02-28,2025-02-28 08:30:00,2025-02-28 09:00:00,2025-02-28 15:00:00,TICKER_0752.JP,1746.68,1804.54,3.519,3.212,658300.82,True
2025-02-28,2025-02-28 08:30:00,2025-02-28 09:00:00,2025-02-28 15:00:00,TICKER_0789.JP,1829.73,1848.51,1.229,0.926,189853.13,True
2025-02-28,2025-02-28 08:30:00,2025-02-28 09:00:00,2025-02-28 15:00:00,TICKER_0826.JP,1924.02,1937.25,0.889,0.588,120401.4,True
2025-02-28,2025-02-28 08:30:00,2025-02-28 09:00:00,2025-02-28 15:00:00,TICKER_0863.JP,2031.8,2024.93,-0.138,-0.438,-89747.09,False
2025-02-28,2025-02-28 08:30:00,2025-02-28 09:00:00,2025-02-28 15:00:00,TICKER_0900.JP,2128.67,2091.77,-1.537,-1.833,-375719.35,False
2025-02-28,2025-02-28 08:30:00,2025-02-28 09:00:00,2025-02-28 15:00:00,TICKER_0937.JP,2164.51,2174.71,0.672,0.371,76081.01,True
2025-02-28,2025-02-28 08:30:00,2025-02-28 09:00:00,2025-02-28 15:00:00,TICKER_0974.JP,2300.43,2281.06,-0.644,-0.942,-193050.67,False
2025-02-28,2025-02-28 08:30:00,2025-02-28 09:00:00,2025-02-28 15:00:00,TICKER_1011.JP,2329.99,2307.25,-0.778,-1.076,-220462.82,False
2025-02-28,2025-02-28 08:30:00,2025-02-28 09:00:00,2025-02-28 15:00:00,TICKER_1048.JP,2425.62,2432.22,0.473,0.172,35199.29,True
2025-02-28,2025-02-28 08:30:00,2025-02-28 09:00:00,2025-02-28 15:00:00,TICKER_1085.JP,2590.81,2513.2,-2.801,-3.095,-634298.51,False
2025-03-03,2025-03-03 08:30:00,2025-03-03 09:00:00,2025-03-03 15:00:00,TICKER_0575.JP,1571.27,1596.83,1.83,1.527,312248.13,True
2025-03-03,2025-03-03 08:30:00,2025-03-03 09:00:00,2025-03-03 15:00:00,TICKER_0612.JP,1646.11,1669.76,1.639,1.336,273295.42,True
2025-03-03,2025-03-03 08:30:00,2025-03-03 09:00:00,2025-03-03 15:00:00,TICKER_0649.JP,1741.95,1732.69,-0.333,-0.632,-129218.93,False
2025-03-03,2025-03-03 08:30:00,2025-03-03 09:00:00,2025-03-03 15:00:00,TICKER_0686.JP,1859.46,1825.05,-1.654,-1.95,-398839.48,False
2025-03-03,2025-03-03 08:30:00,2025-03-03 09:00:00,2025-03-03 15:00:00,TICKER_0723.JP,1926.47,1992.26,3.622,3.315,677858.79,True
2025-03-03,2025-03-03 08:30:00,2025-03-03 09:00:00,2025-03-03 15:00:00,TICKER_0760.JP,2014.85,2046.57,1.778,1.474,301492.49,True
2025-03-03,2025-03-03 08:30:00,2025-03-03 09:00:00,2025-03-03 15:00:00,TICKER_0797.JP,2090.19,2118.55,1.56,1.257,257040.4,True
2025-03-03,2025-03-03 08:30:00,2025-03-03 09:00:00,2025-03-03 15:00:00,TICKER_0834.JP,2204.36,2171.57,-1.291,-1.588,-324711.61,False
2025-03-03,2025-03-03 08:30:00,2025-03-03 09:00:00,2025-03-03 15:00:00,TICKER_0871.JP,2264.11,2405.37,6.452,6.139,1255494.16,True
2025-03-03,2025-03-03 08:30:00,2025-03-03 09:00:00,2025-03-03 15:00:00,TICKER_0908.JP,2347.87,2428.39,3.637,3.33,680939.54,True
2025-03-04,2025-03-04 08:30:00,2025-03-04 09:00:00,2025-03-04 15:00:00,TICKER_0545.JP,1544.64,1581.62,2.599,2.294,475404.78,True
2025-03-04,2025-03-04 08:30:00,2025-03-04 09:00:00,2025-03-04 15:00:00,TICKER_0582.JP,1661.6,1666.91,0.521,0.22,45528.59,True
2025-03-04,2025-03-04 08:30:00,2025-03-04 09:00:00,2025-03-04 15:00:00,TICKER_0619.JP,1706.93,1669.23,-2.013,-2.308,-478461.94,False
2025-03-04,2025-03-04 08:30:00,2025-03-04 09:00:00,2025-03-04 15:00:00,TICKER_0656.JP,1804.77,1787.79,-0.743,-1.041,-215761.73,False
2025-03-04,2025-03-04 08:30:00,2025-03-04 09:00:00,2025-03-04 15:00:00,TICKER_0693.JP,1926.86,1882.51,-2.107,-2.402,-497888.74,False
2025-03-04,2025-03-04 08:30:00,2025-03-04 09:00:00,2025-03-04 15:00:00,TICKER_0730.JP,1938.92,1941.22,0.319,0.019,3858.44,True
2025-03-04,2025-03-04 08:30:00,2025-03-04 09:00:00,2025-03-04 15:00:00,TICKER_0767.JP,2046.01,2101.16,2.901,2.595,537887.55,True
2025-03-04,2025-03-04 08:30:00,2025-03-04 09:00:00,2025-03-04 15:00:00,TICKER_0804.JP,2113.85,2229.66,5.69,5.378,1114780.76,True
2025-03-04,2025-03-04 08:30:00,2025-03-04 09:00:00,2025-03-04 15:00:00,TICKER_0841.JP,2218.52,2240.46,1.191,0.889,184260.01,True
2025-03-04,2025-03-04 08:30:00,2025-03-04 09:00:00,2025-03-04 15:00:00,TICKER_0878.JP,2360.78,2407.41,2.179,1.875,388683.43,True
2025-03-05,2025-03-05 08:30:00,2025-03-05 09:00:00,2025-03-05 15:00:00,TICKER_0921.JP,1904.58,1998.92,5.163,4.853,1013082.03,True
2025-03-05,2025-03-05 08:30:00,2025-03-05 09:00:00,2025-03-05 15:00:00,TICKER_0958.JP,2027.29,2001.59,-1.07,-1.368,-285494.29,False
2025-03-05,2025-03-05 08:30:00,2025-03-05 09:00:00,2025-03-05 15:00:00,TICKER_0995.JP,2103.59,2092.13,-0.346,-0.645,-134653.93,False
2025-03-05,2025-03-05 08:30:00,2025-03-05 09:00:00,2025-03-05 15:00:00,TICKER_1032.JP,2238.72,2255.24,0.94,0.638,133221.44,True
2025-03-05,2025-03-05 08:30:00,2025-03-05 09:00:00,2025-03-05 15:00:00,TICKER_1069.JP,2288.79,2249.47,-1.521,-1.818,-379475.85,False
2025-03-05,2025-03-05 08:30:00,2025-03-05 09:00:00,2025-03-05 15:00:00,TICKER_1106.JP,2408.34,2382.35,-0.881,-1.179,-246155.12,False
2025-03-05,2025-03-05 08:30:00,2025-03-05 09:00:00,2025-03-05 15:00:00,TICKER_1143.JP,2466.7,2506.46,1.815,1.512,315572.58,True
2025-03-05,2025-03-05 08:30:00,2025-03-05 09:00:00,2025-03-05 15:00:00,TICKER_1180.JP,2516.84,2573.78,2.467,2.162,451382.6,True
2025-03-05,2025-03-05 08:30:00,2025-03-05 09:00:00,2025-03-05 15:00:00,TICKER_1217.JP,2601.9,2711.22,4.41,4.101,856164.88,True
2025-03-05,2025-03-05 08:30:00,2025-03-05 09:00:00,2025-03-05 15:00:00,TICKER_1254.JP,2701.82,2739.24,1.588,1.285,268231.56,True
2025-03-06,2025-03-06 08:30:00,2025-03-06 09:00:00,2025-03-06 15:00:00,TICKER_0261.JP,1766.83,1790.98,1.57,1.267,266877.7,True
2025-03-06,2025-03-06 08:30:00,2025-03-06 09:00:00,2025-03-06 15:00:00,TICKER_0298.JP,1888.26,1873.12,-0.603,-0.902,-189970.41,False
2025-03-06,2025-03-06 08:30:00,2025-03-06 09:00:00,2025-03-06 15:00:00,TICKER_0335.JP,1943.3,2036.88,5.025,4.716,993276.14,True
2025-03-06,2025-03-06 08:30:00,2025-03-06 09:00:00,2025-03-06 15:00:00,TICKER_0372.JP,2007.6,2063.8,3.006,2.7,568686.18,True
2025-03-06,2025-03-06 08:30:00,2025-03-06 09:00:00,2025-03-06 15:00:00,TICKER_0409.JP,2079.61,2182.54,5.159,4.849,1021476.96,True
2025-03-06,2025-03-06 08:30:00,2025-03-06 09:00:00,2025-03-06 15:00:00,TICKER_0446.JP,2213.35,2196.48,-0.564,-0.862,-181611.05,False
2025-03-06,2025-03-06 08:30:00,2025-03-06 09:00:00,2025-03-06 15:00:00,TICKER_0483.JP,2278.32,2342.59,3.027,2.721,573132.08,True
2025-03-06,2025-03-06 08:30:00,2025-03-06 09:00:00,2025-03-06 15:00:00,TICKER_0520.JP,2387.03,2424.41,1.769,1.466,308777.45,True
2025-03-06,2025-03-06 08:30:00,2025-03-06 09:00:00,2025-03-06 15:00:00,TICKER_0557.JP,2444.73,2415.6,-0.994,-1.292,-272053.73,False
2025-03-06,2025-03-06 08:30:00,2025-03-06 09:00:00,2025-03-06 15:00:00,TICKER_0594.JP,2543.37,2691.77,6.046,5.735,1207932.83,True
2025-03-07,2025-03-07 08:30:00,2025-03-07 09:00:00,2025-03-07 15:00:00,TICKER_0842.JP,1850.12,1879.78,1.807,1.503,322758.63,True
2025-03-07,2025-03-07 08:30:00,2025-03-07 09:00:00,2025-03-07 15:00:00,TICKER_0879.JP,1938.15,1962.09,1.438,1.135,243750.05,True
2025-03-07,2025-03-07 08:30:00,2025-03-07 09:00:00,2025-03-07 15:00:00,TICKER_0916.JP,2033.5,2105.9,3.768,3.46,743022.17,True
2025-03-07,2025-03-07 08:30:00,2025-03-07 09:00:00,2025-03-07 15:00:00,TICKER_0953.JP,2090.92,2176.91,4.321,4.013,861604.41,True
2025-03-07,2025-03-07 08:30:00,2025-03-07 09:00:00,2025-03-07 15:00:00,TICKER_0990.JP,2205.53,2224.69,1.071,0.769,165059.76,True
2025-03-07,2025-03-07 08:30:00,2025-03-07 09:00:00,2025-03-07 15:00:00,TICKER_1027.JP,2288.12,2331.76,2.111,1.807,388056.76,True
2025-03-07,2025-03-07 08:30:00,2025-03-07 09:00:00,2025-03-07 15:00:00,TICKER_1064.JP,2348.06,2386.87,1.857,1.553,333478.97,True
2025-03-07,2025-03-07 08:30:00,2025-03-07 09:00:00,2025-03-07 15:00:00,TICKER_1101.JP,2490.64,2554.12,2.754,2.449,525844.55,True
2025-03-07,2025-03-07 08:30:00,2025-03-07 09:00:00,2025-03-07 15:00:00,TICKER_1138.JP,2534.73,2639.66,4.348,4.04,867372.87,True
2025-03-07,2025-03-07 08:30:00,2025-03-07 09:00:00,2025-03-07 15:00:00,TICKER_1175.JP,2663.42,2702.94,1.687,1.384,297162.95,True
2025-03-10,2025-03-10 08:30:00,2025-03-10 09:00:00,2025-03-10 15:00:00,TICKER_0236.JP,1748.01,1759.42,0.854,0.553,121211.75,True
2025-03-10,2025-03-10 08:30:00,2025-03-10 09:00:00,2025-03-10 15:00:00,TICKER_0273.JP,1836.8,1826.1,-0.384,-0.683,-149668.42,False
2025-03-10,2025-03-10 08:30:00,2025-03-10 09:00:00,2025-03-10 15:00:00,TICKER_0310.JP,1915.18,1893.27,-0.946,-1.244,-272711.45,False
2025-03-10,2025-03-10 08:30:00,2025-03-10 09:00:00,2025-03-10 15:00:00,TICKER_0347.JP,1977.4,2010.06,1.855,1.552,340204.56,True
2025-03-10,2025-03-10 08:30:00,2025-03-10 09:00:00,2025-03-10 15:00:00,TICKER_0384.JP,2088.97,2086.61,0.087,-0.213,-46644.65,False
2025-03-10,2025-03-10 08:30:00,2025-03-10 09:00:00,2025-03-10 15:00:00,TICKER_0421.JP,2193.41,2168.52,-0.937,-1.235,-270719.68,False
2025-03-10,2025-03-10 08:30:00,2025-03-10 09:00:00,2025-03-10 15:00:00,TICKER_0458.JP,2257.53,2222.73,-1.344,-1.642,-359875.49,False
2025-03-10,2025-03-10 08:30:00,2025-03-10 09:00:00,2025-03-10 15:00:00,TICKER_0495.JP,2341.47,2480.88,6.166,5.854,1283356.56,True
2025-03-10,2025-03-10 08:30:00,2025-03-10 09:00:00,2025-03-10 15:00:00,TICKER_0532.JP,2439.49,2451.77,0.705,0.403,88423.78,True
2025-03-10,2025-03-10 08:30:00,2025-03-10 09:00:00,2025-03-10 15:00:00,TICKER_0569.JP,2513.06,2572.93,2.587,2.283,500401.67,True
2025-03-11,2025-03-11 08:30:00,2025-03-11 09:00:00,2025-03-11 15:00:00,TICKER_0310.JP,1830.76,1858.72,1.731,1.427,314576.12,True
2025-03-11,2025-03-11 08:30:00,2025-03-11 09:00:00,2025-03-11 15:00:00,TICKER_0347.JP,1910.65,1962.35,2.911,2.606,574316.09,True
2025-03-11,2025-03-11 08:30:00,2025-03-11 09:00:00,2025-03-11 15:00:00,TICKER_0384.JP,1985.18,1983.24,0.102,-0.198,-43561.98,False
2025-03-11,2025-03-11 08:30:00,2025-03-11 09:00:00,2025-03-11 15:00:00,TICKER_0421.JP,2066.39,2022.69,-1.919,-2.215,-488248.86,False
2025-03-11,2025-03-11 08:30:00,2025-03-11 09:00:00,2025-03-11 15:00:00,TICKER_0458.JP,2150.63,2159.4,0.609,0.308,67837.64,True
2025-03-11,2025-03-11 08:30:00,2025-03-11 09:00:00,2025-03-11 15:00:00,TICKER_0495.JP,2234.65,2261.46,1.402,1.099,242327.74,True
2025-03-11,2025-03-11 08:30:00,2025-03-11 09:00:00,2025-03-11 15:00:00,TICKER_0532.JP,2319.21,2293.11,-0.927,-1.225,-270008.07,False
2025-03-11,2025-03-11 08:30:00,2025-03-11 09:00:00,2025-03-11 15:00:00,TICKER_0569.JP,2416.14,2417.81,0.269,-0.031,-6842.59,False
2025-03-11,2025-03-11 08:30:00,2025-03-11 09:00:00,2025-03-11 15:00:00,TICKER_0606.JP,2484.15,2497.42,0.735,0.434,95682.86,True
2025-03-11,2025-03-11 08:30:00,2025-03-11 09:00:00,2025-03-11 15:00:00,TICKER_0643.JP,2578.37,2526.76,-1.805,-2.101,-463173.88,False
2025-03-12,2025-03-12 08:30:00,2025-03-12 09:00:00,2025-03-12 15:00:00,TICKER_0367.JP,1921.29,1966.41,2.553,2.249,495639.0,True
2025-03-12,2025-03-12 08:30:00,2025-03-12 09:00:00,2025-03-12 15:00:00,TICKER_0404.JP,1973.15,1946.06,-1.175,-1.473,-324664.71,False
2025-03-12,2025-03-12 08:30:00,2025-03-12 09:00:00,2025-03-12 15:00:00,TICKER_0441.JP,2021.37,2055.79,1.907,1.603,353332.31,True
2025-03-12,2025-03-12 08:30:00,2025-03-12 09:00:00,2025-03-12 15:00:00,TICKER_0478.JP,2158.39,2147.05,-0.326,-0.625,-137806.74,False
2025-03-12,2025-03-12 08:30:00,2025-03-12 09:00:00,2025-03-12 15:00:00,TICKER_0515.JP,2217.04,2241.87,1.322,1.02,224737.71,True
2025-03-12,2025-03-12 08:30:00,2025-03-12 09:00:00,2025-03-12 15:00:00,TICKER_0552.JP,2286.96,2348.07,2.877,2.572,566911.36,True
2025-03-12,2025-03-12 08:30:00,2025-03-12 09:00:00,2025-03-12 15:00:00,TICKER_0589.JP,2364.46,2275.74,-3.56,-3.852,-849136.2,False
2025-03-12,2025-03-12 08:30:00,2025-03-12 09:00:00,2025-03-12 15:00:00,TICKER_0626.JP,2453.32,2421.79,-1.088,-1.385,-305380.44,False
2025-03-12,2025-03-12 08:30:00,2025-03-12 09:00:00,2025-03-12 15:00:00,TICKER_0663.JP,2552.21,2573.3,1.028,0.727,160144.1,True
2025-03-12,2025-03-12 08:30:00,2025-03-12 09:00:00,2025-03-12 15:00:00,TICKER_0700.JP,2662.89,2698.97,1.558,1.255,276602.29,True
2025-03-13,2025-03-13 08:30:00,2025-03-13 09:00:00,2025-03-13 15:00:00,TICKER_0007.JP,1551.42,1603.49,3.564,3.257,719267.97,True
2025-03-13,2025-03-13 08:30:00,2025-03-13 09:00:00,2025-03-13 15:00:00,TICKER_0044.JP,1610.15,1610.48,0.221,-0.08,-17568.46,False
2025-03-13,2025-03-13 08:30:00,2025-03-13 09:00:00,2025-03-13 15:00:00,TICKER_0081.JP,1718.09,1713.54,-0.065,-0.364,-80470.25,False
2025-03-13,2025-03-13 08:30:00,2025-03-13 09:00:00,2025-03-13 15:00:00,TICKER_0118.JP,1759.57,1790.41,1.956,1.653,365023.14,True
2025-03-13,2025-03-13 08:30:00,2025-03-13 09:00:00,2025-03-13 15:00:00,TICKER_0155.JP,1855.71,1878.61,1.436,1.134,250414.29,True
2025-03-13,2025-03-13 08:30:00,2025-03-13 09:00:00,2025-03-13 15:00:00,TICKER_0192.JP,1913.57,1984.54,3.916,3.609,797069.99,True
2025-03-13,2025-03-13 08:30:00,2025-03-13 09:00:00,2025-03-13 15:00:00,TICKER_0229.JP,2040.56,2065.41,1.421,1.118,246926.35,True
2025-03-13,2025-03-13 08:30:00,2025-03-13 09:00:00,2025-03-13 15:00:00,TICKER_0266.JP,2087.85,2022.67,-2.928,-3.222,-711602.9,False
2025-03-13,2025-03-13 08:30:00,2025-03-13 09:00:00,2025-03-13 15:00:00,TICKER_0303.JP,2224.93,2192.73,-1.25,-1.548,-341804.8,False
2025-03-13,2025-03-13 08:30:00,2025-03-13 09:00:00,2025-03-13 15:00:00,TICKER_0340.JP,2246.78,2194.33,-2.139,-2.434,-537693.22,False
2025-03-14,2025-03-14 08:30:00,2025-03-14 09:00:00,2025-03-14 15:00:00,TICKER_0949.JP,1932.38,1929.01,0.025,-0.274,-60800.06,False
2025-03-14,2025-03-14 08:30:00,2025-03-14 09:00:00,2025-03-14 15:00:00,TICKER_0986.JP,2011.82,2046.74,1.939,1.636,362364.1,True
2025-03-14,2025-03-14 08:30:00,2025-03-14 09:00:00,2025-03-14 15:00:00,TICKER_1023.JP,2117.87,2101.64,-0.568,-0.866,-191905.3,False
2025-03-14,2025-03-14 08:30:00,2025-03-14 09:00:00,2025-03-14 15:00:00,TICKER_1060.JP,2209.23,2257.31,2.381,2.076,459981.01,True
2025-03-14,2025-03-14 08:30:00,2025-03-14 09:00:00,2025-03-14 15:00:00,TICKER_1097.JP,2325.15,2449.75,5.569,5.259,1164875.91,True
2025-03-14,2025-03-14 08:30:00,2025-03-14 09:00:00,2025-03-14 15:00:00,TICKER_1134.JP,2381.68,2376.1,-0.034,-0.334,-74030.76,False
2025-03-14,2025-03-14 08:30:00,2025-03-14 09:00:00,2025-03-14 15:00:00,TICKER_1171.JP,2441.27,2470.41,1.396,1.094,242247.39,True
2025-03-14,2025-03-14 08:30:00,2025-03-14 09:00:00,2025-03-14 15:00:00,TICKER_1208.JP,2577.5,2671.27,3.845,3.538,783662.84,True
2025-03-14,2025-03-14 08:30:00,2025-03-14 09:00:00,2025-03-14 15:00:00,TICKER_1245.JP,2646.11,2639.81,-0.039,-0.338,-74941.98,False
2025-03-14,2025-03-14 08:30:00,2025-03-14 09:00:00,2025-03-14 15:00:00,TICKER_1282.JP,2750.65,2743.56,-0.058,-0.358,-79203.61,False
2025-03-17,2025-03-17 08:30:00,2025-03-17 09:00:00,2025-03-17 15:00:00,TICKER_0932.JP,1961.07,1958.76,0.082,-0.218,-48767.36,False
2025-03-17,2025-03-17 08:30:00,2025-03-17 09:00:00,2025-03-17 15:00:00,TICKER_0969.JP,1999.54,2076.93,4.079,3.771,844324.73,True
2025-03-17,2025-03-17 08:30:00,2025-03-17 09:00:00,2025-03-17 15:00:00,TICKER_1006.JP,2113.95,2149.69,1.894,1.59,356152.5,True
2025-03-17,2025-03-17 08:30:00,2025-03-17 09:00:00,2025-03-17 15:00:00,TICKER_1043.JP,2183.21,2183.46,0.212,-0.088,-19794.29,False
2025-03-17,2025-03-17 08:30:00,2025-03-17 09:00:00,2025-03-17 15:00:00,TICKER_1080.JP,2317.46,2350.44,1.626,1.323,296298.17,True
2025-03-17,2025-03-17 08:30:00,2025-03-17 09:00:00,2025-03-17 15:00:00,TICKER_1117.JP,2376.41,2398.47,1.13,0.828,185428.53,True
2025-03-17,2025-03-17 08:30:00,2025-03-17 09:00:00,2025-03-17 15:00:00,TICKER_1154.JP,2446.44,2426.39,-0.621,-0.92,-205937.68,False
2025-03-17,2025-03-17 08:30:00,2025-03-17 09:00:00,2025-03-17 15:00:00,TICKER_1191.JP,2555.39,2601.66,2.014,1.71,383002.1,True
2025-03-17,2025-03-17 08:30:00,2025-03-17 09:00:00,2025-03-17 15:00:00,TICKER_1228.JP,2606.93,2623.2,0.826,0.524,117358.83,True
2025-03-17,2025-03-17 08:30:00,2025-03-17 09:00:00,2025-03-17 15:00:00,TICKER_1265.JP,2692.27,2696.99,0.376,0.075,16871.39,True
2025-03-18,2025-03-18 08:30:00,2025-03-18 09:00:00,2025-03-18 15:00:00,TICKER_0037.JP,1553.26,1600.09,3.221,2.915,658010.69,True
2025-03-18,2025-03-18 08:30:00,2025-03-18 09:00:00,2025-03-18 15:00:00,TICKER_0074.JP,1652.63,1643.19,-0.373,-0.672,-151607.66,False
2025-03-18,2025-03-18 08:30:00,2025-03-18 09:00:00,2025-03-18 15:00:00,TICKER_0111.JP,1719.97,1725.43,0.519,0.218,49149.89,True
2025-03-18,2025-03-18 08:30:00,2025-03-18 09:00:00,2025-03-18 15:00:00,TICKER_0148.JP,1810.6,1769.51,-2.074,-2.369,-534905.3,False
2025-03-18,2025-03-18 08:30:00,2025-03-18 09:00:00,2025-03-18 15:00:00,TICKER_0185.JP,1886.7,1929.2,2.457,2.152,485887.48,True
2025-03-18,2025-03-18 08:30:00,2025-03-18 09:00:00,2025-03-18 15:00:00,TICKER_0222.JP,1949.66,2014.56,3.536,3.229,728977.6,True
2025-03-18,2025-03-18 08:30:00,2025-03-18 09:00:00,2025-03-18 15:00:00,TICKER_0259.JP,2091.06,2120.89,1.63,1.326,299452.31,True
2025-03-18,2025-03-18 08:30:00,2025-03-18 09:00:00,2025-03-18 15:00:00,TICKER_0296.JP,2153.58,2136.68,-0.586,-0.885,-199735.88,False
2025-03-18,2025-03-18 08:30:00,2025-03-18 09:00:00,2025-03-18 15:00:00,TICKER_0333.JP,2207.94,2261.52,2.632,2.327,525266.61,True
2025-03-18,2025-03-18 08:30:00,2025-03-18 09:00:00,2025-03-18 15:00:00,TICKER_0370.JP,2332.36,2340.77,0.561,0.26,58796.3,True
2025-03-19,2025-03-19 08:30:00,2025-03-19 09:00:00,2025-03-19 15:00:00,TICKER_0173.JP,1693.27,1710.1,1.196,0.894,203393.34,True
2025-03-19,2025-03-19 08:30:00,2025-03-19 09:00:00,2025-03-19 15:00:00,TICKER_0210.JP,1789.09,1852.0,3.723,3.416,777461.22,True
2025-03-19,2025-03-19 08:30:00,2025-03-19 09:00:00,2025-03-19 15:00:00,TICKER_0247.JP,1836.54,1863.23,1.656,1.353,307976.23,True
2025-03-19,2025-03-19 08:30:00,2025-03-19 09:00:00,2025-03-19 15:00:00,TICKER_0284.JP,1881.33,1898.75,1.128,0.826,187964.06,True
2025-03-19,2025-03-19 08:30:00,2025-03-19 09:00:00,2025-03-19 15:00:00,TICKER_0321.JP,2044.46,2040.48,0.005,-0.295,-67115.64,False
2025-03-19,2025-03-19 08:30:00,2025-03-19 09:00:00,2025-03-19 15:00:00,TICKER_0358.JP,2083.15,2082.7,0.178,-0.122,-27737.72,False
2025-03-19,2025-03-19 08:30:00,2025-03-19 09:00:00,2025-03-19 15:00:00,TICKER_0395.JP,2215.65,2283.47,3.267,2.961,673852.26,True
2025-03-19,2025-03-19 08:30:00,2025-03-19 09:00:00,2025-03-19 15:00:00,TICKER_0432.JP,2277.01,2332.51,2.642,2.337,531843.45,True
2025-03-19,2025-03-19 08:30:00,2025-03-19 09:00:00,2025-03-19 15:00:00,TICKER_0469.JP,2385.8,2510.48,5.436,5.126,1166479.3,True
2025-03-19,2025-03-19 08:30:00,2025-03-19 09:00:00,2025-03-19 15:00:00,TICKER_0506.JP,2448.97,2453.89,0.402,0.101,23029.03,True
2025-03-20,2025-03-20 08:30:00,2025-03-20 09:00:00,2025-03-20 15:00:00,TICKER_0198.JP,1711.75,1706.07,-0.132,-0.432,-99793.37,False
2025-03-20,2025-03-20 08:30:00,2025-03-20 09:00:00,2025-03-20 15:00:00,TICKER_0235.JP,1803.79,1836.99,2.044,1.741,402348.38,True
2025-03-20,2025-03-20 08:30:00,2025-03-20 09:00:00,2025-03-20 15:00:00,TICKER_0272.JP,1863.7,1928.43,3.68,3.373,779738.74,True
2025-03-20,2025-03-20 08:30:00,2025-03-20 09:00:00,2025-03-20 15:00:00,TICKER_0309.JP,1945.4,2032.91,4.707,4.398,1016634.03,True
2025-03-20,2025-03-20 08:30:00,2025-03-20 09:00:00,2025-03-20 15:00:00,TICKER_0346.JP,2042.72,2027.66,-0.539,-0.837,-193547.9,False
2025-03-20,2025-03-20 08:30:00,2025-03-20 09:00:00,2025-03-20 15:00:00,TICKER_0383.JP,2139.49,2191.42,2.632,2.327,537961.7,True
2025-03-20,2025-03-20 08:30:00,2025-03-20 09:00:00,2025-03-20 15:00:00,TICKER_0420.JP,2225.8,2240.15,0.846,0.544,125856.34,True
2025-03-20,2025-03-20 08:30:00,2025-03-20 09:00:00,2025-03-20 15:00:00,TICKER_0457.JP,2307.57,2340.89,1.647,1.344,310689.0,True
2025-03-20,2025-03-20 08:30:00,2025-03-20 09:00:00,2025-03-20 15:00:00,TICKER_0494.JP,2404.27,2395.68,-0.158,-0.457,-105707.01,False
2025-03-20,2025-03-20 08:30:00,2025-03-20 09:00:00,2025-03-20 15:00:00,TICKER_0531.JP,2493.62,2453.39,-1.416,-1.713,-396031.51,False
2025-03-21,2025-03-21 08:30:00,2025-03-21 09:00:00,2025-03-21 15:00:00,TICKER_0683.JP,1681.54,1734.85,3.377,3.071,716734.97,True
2025-03-21,2025-03-21 08:30:00,2025-03-21 09:00:00,2025-03-21 15:00:00,TICKER_0720.JP,1770.51,1777.0,0.568,0.267,62254.68,True
2025-03-21,2025-03-21 08:30:00,2025-03-21 09:00:00,2025-03-21 15:00:00,TICKER_0757.JP,1855.88,1817.52,-1.871,-2.167,-505859.49,False
2025-03-21,2025-03-21 08:30:00,2025-03-21 09:00:00,2025-03-21 15:00:00,TICKER_0794.JP,1968.27,2029.58,3.321,3.015,703782.39,True
2025-03-21,2025-03-21 08:30:00,2025-03-21 09:00:00,2025-03-21 15:00:00,TICKER_0831.JP,2057.88,2065.4,0.567,0.266,62032.93,True
2025-03-21,2025-03-21 08:30:00,2025-03-21 09:00:00,2025-03-21 15:00:00,TICKER_0868.JP,2124.33,2119.39,-0.033,-0.333,-77664.77,False
2025-03-21,2025-03-21 08:30:00,2025-03-21 09:00:00,2025-03-21 15:00:00,TICKER_0905.JP,2185.44,2189.68,0.394,0.094,21889.69,True
2025-03-21,2025-03-21 08:30:00,2025-03-21 09:00:00,2025-03-21 15:00:00,TICKER_0942.JP,2274.89,2280.64,0.453,0.153,35600.91,True
2025-03-21,2025-03-21 08:30:00,2025-03-21 09:00:00,2025-03-21 15:00:00,TICKER_0979.JP,2382.64,2430.5,2.213,1.909,445505.46,True
2025-03-21,2025-03-21 08:30:00,2025-03-21 09:00:00,2025-03-21 15:00:00,TICKER_1016.JP,2419.08,2407.6,-0.275,-0.574,-134084.63,False
2025-03-24,2025-03-24 08:30:00,2025-03-24 09:00:00,2025-03-24 15:00:00,TICKER_0872.JP,1876.81,1899.94,1.435,1.132,265677.95,True
2025-03-24,2025-03-24 08:30:00,2025-03-24 09:00:00,2025-03-24 15:00:00,TICKER_0909.JP,1955.76,1967.31,0.792,0.49,115092.13,True
2025-03-24,2025-03-24 08:30:00,2025-03-24 09:00:00,2025-03-24 15:00:00,TICKER_0946.JP,2050.28,2051.89,0.279,-0.022,-5064.55,False
2025-03-24,2025-03-24 08:30:00,2025-03-24 09:00:00,2025-03-24 15:00:00,TICKER_0983.JP,2162.45,2170.41,0.569,0.268,62889.02,True
2025-03-24,2025-03-24 08:30:00,2025-03-24 09:00:00,2025-03-24 15:00:00,TICKER_1020.JP,2210.22,2255.01,2.231,1.927,452176.48,True
2025-03-24,2025-03-24 08:30:00,2025-03-24 09:00:00,2025-03-24 15:00:00,TICKER_1057.JP,2307.3,2250.24,-2.278,-2.573,-603932.81,False
2025-03-24,2025-03-24 08:30:00,2025-03-24 09:00:00,2025-03-24 15:00:00,TICKER_1094.JP,2389.47,2366.93,-0.745,-1.043,-244816.33,False
2025-03-24,2025-03-24 08:30:00,2025-03-24 09:00:00,2025-03-24 15:00:00,TICKER_1131.JP,2478.7,2508.27,1.396,1.093,256534.75,True
2025-03-24,2025-03-24 08:30:00,2025-03-24 09:00:00,2025-03-24 15:00:00,TICKER_1168.JP,2558.87,2633.07,3.106,2.8,657135.21,True
2025-03-24,2025-03-24 08:30:00,2025-03-24 09:00:00,2025-03-24 15:00:00,TICKER_1205.JP,2633.14,2624.2,-0.14,-0.439,-103126.17,False
2025-03-25,2025-03-25 08:30:00,2025-03-25 09:00:00,2025-03-25 15:00:00,TICKER_0165.JP,1684.02,1665.13,-0.924,-1.222,-287700.71,False
2025-03-25,2025-03-25 08:30:00,2025-03-25 09:00:00,2025-03-25 15:00:00,TICKER_0202.JP,1767.48,1766.98,0.172,-0.128,-30138.01,False
2025-03-25,2025-03-25 08:30:00,2025-03-25 09:00:00,2025-03-25 15:00:00,TICKER_0239.JP,1813.24,1797.89,-0.648,-0.947,-222925.5,False
2025-03-25,2025-03-25 08:30:00,2025-03-25 09:00:00,2025-03-25 15:00:00,TICKER_0276.JP,1898.97,1968.4,3.864,3.556,837510.29,True
2025-03-25,2025-03-25 08:30:00,2025-03-25 09:00:00,2025-03-25 15:00:00,TICKER_0313.JP,2013.76,2002.29,-0.371,-0.67,-157755.75,False
2025-03-25,2025-03-25 08:30:00,2025-03-25 09:00:00,2025-03-25 15:00:00,TICKER_0350.JP,2104.7,2067.86,-1.554,-1.85,-435786.32,False
2025-03-25,2025-03-25 08:30:00,2025-03-25 09:00:00,2025-03-25 15:00:00,TICKER_0387.JP,2168.29,2242.15,3.613,3.306,778640.54,True
2025-03-25,2025-03-25 08:30:00,2025-03-25 09:00:00,2025-03-25 15:00:00,TICKER_0424.JP,2280.56,2316.88,1.796,1.493,351528.98,True
2025-03-25,2025-03-25 08:30:00,2025-03-25 09:00:00,2025-03-25 15:00:00,TICKER_0461.JP,2321.38,2429.65,4.874,4.564,1074811.5,True
2025-03-25,2025-03-25 08:30:00,2025-03-25 09:00:00,2025-03-25 15:00:00,TICKER_0498.JP,2426.74,2472.48,2.088,1.784,420234.38,True
2025-03-26,2025-03-26 08:30:00,2025-03-26 09:00:00,2025-03-26 15:00:00,TICKER_0927.JP,1952.79,1992.9,2.258,1.954,464412.18,True
2025-03-26,2025-03-26 08:30:00,2025-03-26 09:00:00,2025-03-26 15:00:00,TICKER_0964.JP,2018.5,2044.26,1.479,1.177,279679.12,True
2025-03-26,2025-03-26 08:30:00,2025-03-26 09:00:00,2025-03-26 15:00:00,TICKER_1001.JP,2095.72,2122.79,1.494,1.191,283177.22,True
2025-03-26,2025-03-26 08:30:00,2025-03-26 09:00:00,2025-03-26 15:00:00,TICKER_1038.JP,2183.66,2200.12,0.955,0.654,155368.82,True
2025-03-26,2025-03-26 08:30:00,2025-03-26 09:00:00,2025-03-26 15:00:00,TICKER_1075.JP,2296.35,2341.02,2.149,1.845,438559.86,True
2025-03-26,2025-03-26 08:30:00,2025-03-26 09:00:00,2025-03-26 15:00:00,TICKER_1112.JP,2362.69,2404.85,1.988,1.685,400424.98,True
2025-03-26,2025-03-26 08:30:00,2025-03-26 09:00:00,2025-03-26 15:00:00,TICKER_1149.JP,2409.06,2346.28,-2.411,-2.706,-643197.27,False
2025-03-26,2025-03-26 08:30:00,2025-03-26 09:00:00,2025-03-26 15:00:00,TICKER_1186.JP,2563.62,2704.67,5.713,5.402,1284121.37,True
2025-03-26,2025-03-26 08:30:00,2025-03-26 09:00:00,2025-03-26 15:00:00,TICKER_1223.JP,2651.35,2725.58,3.006,2.7,641774.94,True
2025-03-26,2025-03-26 08:30:00,2025-03-26 09:00:00,2025-03-26 15:00:00,TICKER_1260.JP,2678.74,2764.11,3.394,3.087,733862.57,True
2025-03-27,2025-03-27 08:30:00,2025-03-27 09:00:00,2025-03-27 15:00:00,TICKER_0527.JP,1515.58,1466.81,-3.024,-3.318,-801465.07,False
2025-03-27,2025-03-27 08:30:00,2025-03-27 09:00:00,2025-03-27 15:00:00,TICKER_0564.JP,1635.76,1676.47,2.694,2.389,576959.47,True
2025-03-27,2025-03-27 08:30:00,2025-03-27 09:00:00,2025-03-27 15:00:00,TICKER_0601.JP,1752.68,1756.54,0.421,0.12,29052.73,True
2025-03-27,2025-03-27 08:30:00,2025-03-27 09:00:00,2025-03-27 15:00:00,TICKER_0638.JP,1785.73,1796.41,0.799,0.498,120278.7,True
2025-03-27,2025-03-27 08:30:00,2025-03-27 09:00:00,2025-03-27 15:00:00,TICKER_0675.JP,1886.91,1930.22,2.5,2.195,530301.69,True
2025-03-27,2025-03-27 08:30:00,2025-03-27 09:00:00,2025-03-27 15:00:00,TICKER_0712.JP,1950.76,2003.21,2.895,2.589,625364.83,True
2025-03-27,2025-03-27 08:30:00,2025-03-27 09:00:00,2025-03-27 15:00:00,TICKER_0749.JP,2071.88,2062.47,-0.255,-0.554,-133910.12,False
2025-03-27,2025-03-27 08:30:00,2025-03-27 09:00:00,2025-03-27 15:00:00,TICKER_0786.JP,2157.64,2210.7,2.664,2.359,569868.24,True
2025-03-27,2025-03-27 08:30:00,2025-03-27 09:00:00,2025-03-27 15:00:00,TICKER_0823.JP,2171.64,2117.91,-2.279,-2.574,-621775.73,False
2025-03-27,2025-03-27 08:30:00,2025-03-27 09:00:00,2025-03-27 15:00:00,TICKER_0860.JP,2294.43,2287.48,-0.103,-0.403,-97340.95,False
2025-03-28,2025-03-28 08:30:00,2025-03-28 09:00:00,2025-03-28 15:00:00,TICKER_0436.JP,1969.66,2066.74,5.139,4.829,1170074.68,True
2025-03-28,2025-03-28 08:30:00,2025-03-28 09:00:00,2025-03-28 15:00:00,TICKER_0473.JP,2065.91,2044.71,-0.828,-1.126,-272885.15,False
2025-03-28,2025-03-28 08:30:00,2025-03-28 09:00:00,2025-03-28 15:00:00,TICKER_0510.JP,2110.52,2210.67,4.955,4.645,1125555.09,True
2025-03-28,2025-03-28 08:30:00,2025-03-28 09:00:00,2025-03-28 15:00:00,TICKER_0547.JP,2231.21,2326.38,4.474,4.166,1009318.36,True
2025-03-28,2025-03-28 08:30:00,2025-03-28 09:00:00,2025-03-28 15:00:00,TICKER_0584.JP,2335.62,2311.86,-0.819,-1.118,-270800.6,False
2025-03-28,2025-03-28 08:30:00,2025-03-28 09:00:00,2025-03-28 15:00:00,TICKER_0621.JP,2386.09,2402.1,0.872,0.571,138265.23,True
2025-03-28,2025-03-28 08:30:00,2025-03-28 09:00:00,2025-03-28 15:00:00,TICKER_0658.JP,2456.1,2470.09,0.771,0.469,113725.03,True
2025-03-28,2025-03-28 08:30:00,2025-03-28 09:00:00,2025-03-28 15:00:00,TICKER_0695.JP,2564.2,2622.13,2.464,2.159,523118.26,True
2025-03-28,2025-03-28 08:30:00,2025-03-28 09:00:00,2025-03-28 15:00:00,TICKER_0732.JP,2646.62,2690.87,1.875,1.572,380818.66,True
2025-03-28,2025-03-28 08:30:00,2025-03-28 09:00:00,2025-03-28 15:00:00,TICKER_0769.JP,2747.9,2762.98,0.75,0.449,108822.33,True
2025-03-31,2025-03-31 08:30:00,2025-03-31 09:00:00,2025-03-31 15:00:00,TICKER_0053.JP,1559.45,1612.44,3.605,3.298,811701.3,True
2025-03-31,2025-03-31 08:30:00,2025-03-31 09:00:00,2025-03-31 15:00:00,TICKER_0090.JP,1640.85,1641.48,0.239,-0.062,-15197.77,False
2025-03-31,2025-03-31 08:30:00,2025-03-31 09:00:00,2025-03-31 15:00:00,TICKER_0127.JP,1712.33,1711.49,0.151,-0.149,-36741.86,False
2025-03-31,2025-03-31 08:30:00,2025-03-31 09:00:00,2025-03-31 15:00:00,TICKER_0164.JP,1836.44,1855.99,1.267,0.964,237372.22,True
2025-03-31,2025-03-31 08:30:00,2025-03-31 09:00:00,2025-03-31 15:00:00,TICKER_0201.JP,1904.65,1880.69,-1.061,-1.358,-334304.69,False
2025-03-31,2025-03-31 08:30:00,2025-03-31 09:00:00,2025-03-31 15:00:00,TICKER_0238.JP,2010.32,2014.57,0.412,0.112,27483.47,True
2025-03-31,2025-03-31 08:30:00,2025-03-31 09:00:00,2025-03-31 15:00:00,TICKER_0275.JP,2056.52,2062.15,0.474,0.173,42664.15,True
2025-03-31,2025-03-31 08:30:00,2025-03-31 09:00:00,2025-03-31 15:00:00,TICKER_0312.JP,2184.67,2189.78,0.434,0.134,32906.96,True
2025-03-31,2025-03-31 08:30:00,2025-03-31 09:00:00,2025-03-31 15:00:00,TICKER_0349.JP,2276.4,2320.42,2.138,1.833,451264.65,True
2025-03-31,2025-03-31 08:30:00,2025-03-31 09:00:00,2025-03-31 15:00:00,TICKER_0386.JP,2331.74,2355.38,1.216,0.914,224951.23,True
2025-04-01,2025-04-01 08:30:00,2025-04-01 09:00:00,2025-04-01 15:00:00,TICKER_0785.JP,1774.99,1808.96,2.118,1.814,448860.05,True
2025-04-01,2025-04-01 08:30:00,2025-04-01 09:00:00,2025-04-01 15:00:00,TICKER_0822.JP,1895.51,1857.98,-1.784,-2.08,-514827.24,False
2025-04-01,2025-04-01 08:30:00,2025-04-01 09:00:00,2025-04-01 15:00:00,TICKER_0859.JP,1990.81,1900.9,-4.325,-4.616,-1142537.31,False
2025-04-01,2025-04-01 08:30:00,2025-04-01 09:00:00,2025-04-01 15:00:00,TICKER_0896.JP,2055.91,2072.86,1.026,0.724,179194.85,True
2025-04-01,2025-04-01 08:30:00,2025-04-01 09:00:00,2025-04-01 15:00:00,TICKER_0933.JP,2131.6,2207.49,3.768,3.46,856413.95,True
2025-04-01,2025-04-01 08:30:00,2025-04-01 09:00:00,2025-04-01 15:00:00,TICKER_0970.JP,2256.07,2329.43,3.458,3.151,779972.25,True
2025-04-01,2025-04-01 08:30:00,2025-04-01 09:00:00,2025-04-01 15:00:00,TICKER_1007.JP,2319.43,2327.37,0.543,0.242,60009.39,True
2025-04-01,2025-04-01 08:30:00,2025-04-01 09:00:00,2025-04-01 15:00:00,TICKER_1044.JP,2385.58,2553.39,7.249,6.934,1716248.75,True
2025-04-01,2025-04-01 08:30:00,2025-04-01 09:00:00,2025-04-01 15:00:00,TICKER_1081.JP,2480.59,2542.45,2.699,2.394,592522.14,True
2025-04-01,2025-04-01 08:30:00,2025-04-01 09:00:00,2025-04-01 15:00:00,TICKER_1118.JP,2544.7,2460.82,-3.103,-3.396,-840622.92,False
2025-04-02,2025-04-02 08:30:00,2025-04-02 09:00:00,2025-04-02 15:00:00,TICKER_0452.JP,1991.31,2032.63,2.279,1.975,492770.49,True
2025-04-02,2025-04-02 08:30:00,2025-04-02 09:00:00,2025-04-02 15:00:00,TICKER_0489.JP,2043.89,2038.6,-0.059,-0.359,-89565.74,False
2025-04-02,2025-04-02 08:30:00,2025-04-02 09:00:00,2025-04-02 15:00:00,TICKER_0526.JP,2125.5,2188.16,3.154,2.848,710611.54,True
2025-04-02,2025-04-02 08:30:00,2025-04-02 09:00:00,2025-04-02 15:00:00,TICKER_0563.JP,2214.55,2214.53,0.199,-0.101,-25167.82,False
2025-04-02,2025-04-02 08:30:00,2025-04-02 09:00:00,2025-04-02 15:00:00,TICKER_0600.JP,2297.86,2420.71,5.557,5.246,1309106.01,True
2025-04-02,2025-04-02 08:30:00,2025-04-02 09:00:00,2025-04-02 15:00:00,TICKER_0637.JP,2406.89,2351.72,-2.097,-2.393,-596999.03,False
2025-04-02,2025-04-02 08:30:00,2025-04-02 09:00:00,2025-04-02 15:00:00,TICKER_0674.JP,2502.55,2587.91,3.618,3.311,826159.29,True
2025-04-02,2025-04-02 08:30:00,2025-04-02 09:00:00,2025-04-02 15:00:00,TICKER_0711.JP,2570.74,2663.82,3.828,3.521,878574.68,True
2025-04-02,2025-04-02 08:30:00,2025-04-02 09:00:00,2025-04-02 15:00:00,TICKER_0748.JP,2659.82,2663.91,0.355,0.054,13475.8,True
2025-04-02,2025-04-02 08:30:00,2025-04-02 09:00:00,2025-04-02 15:00:00,TICKER_0785.JP,2739.78,2795.67,2.244,1.94,484110.43,True
2025-04-03,2025-04-03 08:30:00,2025-04-03 09:00:00,2025-04-03 15:00:00,TICKER_0668.JP,1654.2,1662.25,0.687,0.386,97848.45,True
2025-04-03,2025-04-03 08:30:00,2025-04-03 09:00:00,2025-04-03 15:00:00,TICKER_0705.JP,1740.99,1770.83,1.917,1.614,408839.8,True
2025-04-03,2025-04-03 08:30:00,2025-04-03 09:00:00,2025-04-03 15:00:00,TICKER_0742.JP,1806.5,1841.91,2.164,1.86,471110.69,True
2025-04-03,2025-04-03 08:30:00,2025-04-03 09:00:00,2025-04-03 15:00:00,TICKER_0779.JP,1947.53,2003.3,3.07,2.764,700230.16,True
2025-04-03,2025-04-03 08:30:00,2025-04-03 09:00:00,2025-04-03 15:00:00,TICKER_0816.JP,2014.25,2053.15,2.135,1.831,463939.75,True
2025-04-03,2025-04-03 08:30:00,2025-04-03 09:00:00,2025-04-03 15:00:00,TICKER_0853.JP,2104.3,2153.94,2.564,2.259,572287.31,True
2025-04-03,2025-04-03 08:30:00,2025-04-03 09:00:00,2025-04-03 15:00:00,TICKER_0890.JP,2199.07,2274.88,3.655,3.348,848058.73,True
2025-04-03,2025-04-03 08:30:00,2025-04-03 09:00:00,2025-04-03 15:00:00,TICKER_0927.JP,2275.88,2288.3,0.747,0.446,112868.08,True
2025-04-03,2025-04-03 08:30:00,2025-04-03 09:00:00,2025-04-03 15:00:00,TICKER_0964.JP,2358.8,2417.77,2.705,2.4,608029.43,True
2025-04-03,2025-04-03 08:30:00,2025-04-03 09:00:00,2025-04-03 15:00:00,TICKER_1001.JP,2428.72,2444.75,0.862,0.56,141937.7,True
2025-04-04,2025-04-04 08:30:00,2025-04-04 09:00:00,2025-04-04 15:00:00,TICKER_0156.JP,1671.54,1669.42,0.073,-0.227,-58431.01,False
2025-04-04,2025-04-04 08:30:00,2025-04-04 09:00:00,2025-04-04 15:00:00,TICKER_0193.JP,1750.1,1814.79,3.904,3.597,926260.12,True
2025-04-04,2025-04-04 08:30:00,2025-04-04 09:00:00,2025-04-04 15:00:00,TICKER_0230.JP,1836.51,1815.97,-0.921,-1.219,-313819.96,False
2025-04-04,2025-04-04 08:30:00,2025-04-04 09:00:00,2025-04-04 15:00:00,TICKER_0267.JP,1924.36,1970.46,2.6,2.295,591129.54,True
2025-04-04,2025-04-04 08:30:00,2025-04-04 09:00:00,2025-04-04 15:00:00,TICKER_0304.JP,1993.56,2032.82,2.173,1.869,481335.62,True
2025-04-04,2025-04-04 08:30:00,2025-04-04 09:00:00,2025-04-04 15:00:00,TICKER_0341.JP,2066.68,2194.63,6.404,6.091,1568640.95,True
2025-04-04,2025-04-04 08:30:00,2025-04-04 09:00:00,2025-04-04 15:00:00,TICKER_0378.JP,2211.58,2302.3,4.31,4.002,1030616.68,True
2025-04-04,2025-04-04 08:30:00,2025-04-04 09:00:00,2025-04-04 15:00:00,TICKER_0415.JP,2267.31,2302.6,1.76,1.456,375092.12,True
2025-04-04,2025-04-04 08:30:00,2025-04-04 09:00:00,2025-04-04 15:00:00,TICKER_0452.JP,2379.51,2403.37,1.205,0.903,232560.07,True
2025-04-04,2025-04-04 08:30:00,2025-04-04 09:00:00,2025-04-04 15:00:00,TICKER_0489.JP,2441.01,2404.33,-1.305,-1.602,-412689.35,False
2025-04-07,2025-04-07 08:30:00,2025-04-07 09:00:00,2025-04-07 15:00:00,TICKER_0232.JP,1749.01,1776.06,1.75,1.447,378695.06,True
2025-04-07,2025-04-07 08:30:00,2025-04-07 09:00:00,2025-04-07 15:00:00,TICKER_0269.JP,1831.84,1839.74,0.632,0.331,86679.27,True
2025-04-07,2025-04-07 08:30:00,2025-04-07 09:00:00,2025-04-07 15:00:00,TICKER_0306.JP,1907.08,1874.32,-1.521,-1.817,-475664.63,False
2025-04-07,2025-04-07 08:30:00,2025-04-07 09:00:00,2025-04-07 15:00:00,TICKER_0343.JP,2013.6,2048.73,1.948,1.645,430425.57,True
2025-04-07,2025-04-07 08:30:00,2025-04-07 09:00:00,2025-04-07 15:00:00,TICKER_0380.JP,2101.83,2154.62,2.717,2.412,631245.91,True
2025-04-07,2025-04-07 08:30:00,2025-04-07 09:00:00,2025-04-07 15:00:00,TICKER_0417.JP,2173.41,2189.75,0.953,0.652,170563.25,True
2025-04-07,2025-04-07 08:30:00,2025-04-07 09:00:00,2025-04-07 15:00:00,TICKER_0454.JP,2266.1,2323.27,2.728,2.423,634143.26,True
2025-04-07,2025-04-07 08:30:00,2025-04-07 09:00:00,2025-04-07 15:00:00,TICKER_0491.JP,2348.61,2388.46,1.9,1.597,417955.7,True
2025-04-07,2025-04-07 08:30:00,2025-04-07 09:00:00,2025-04-07 15:00:00,TICKER_0528.JP,2430.42,2486.51,2.513,2.208,577896.77,True
2025-04-07,2025-04-07 08:30:00,2025-04-07 09:00:00,2025-04-07 15:00:00,TICKER_0565.JP,2492.8,2534.83,1.89,1.586,415148.52,True
2025-04-08,2025-04-08 08:30:00,2025-04-08 09:00:00,2025-04-08 15:00:00,TICKER_0620.JP,1637.78,1667.16,1.998,1.694,448688.34,True
2025-04-08,2025-04-08 08:30:00,2025-04-08 09:00:00,2025-04-08 15:00:00,TICKER_0657.JP,1714.93,1705.84,-0.331,-0.63,-166872.64,False
2025-04-08,2025-04-08 08:30:00,2025-04-08 09:00:00,2025-04-08 15:00:00,TICKER_0694.JP,1792.6,1753.39,-1.991,-2.287,-605709.44,False
2025-04-08,2025-04-08 08:30:00,2025-04-08 09:00:00,2025-04-08 15:00:00,TICKER_0731.JP,1890.2,1941.01,2.894,2.588,685402.13,True
2025-04-08,2025-04-08 08:30:00,2025-04-08 09:00:00,2025-04-08 15:00:00,TICKER_0768.JP,1965.53,1991.49,1.523,1.22,323208.17,True
2025-04-08,2025-04-08 08:30:00,2025-04-08 09:00:00,2025-04-08 15:00:00,TICKER_0805.JP,2080.32,2081.5,0.257,-0.043,-11484.78,False
2025-04-08,2025-04-08 08:30:00,2025-04-08 09:00:00,2025-04-08 15:00:00,TICKER_0842.JP,2194.23,2182.68,-0.328,-0.627,-165972.15,False
2025-04-08,2025-04-08 08:30:00,2025-04-08 09:00:00,2025-04-08 15:00:00,TICKER_0879.JP,2230.44,2254.08,1.262,0.96,254277.21,True
2025-04-08,2025-04-08 08:30:00,2025-04-08 09:00:00,2025-04-08 15:00:00,TICKER_0916.JP,2334.29,2419.94,3.877,3.569,945210.45,True
2025-04-08,2025-04-08 08:30:00,2025-04-08 09:00:00,2025-04-08 15:00:00,TICKER_0953.JP,2360.75,2281.9,-3.147,-3.44,-911080.75,False
2025-04-09,2025-04-09 08:30:00,2025-04-09 09:00:00,2025-04-09 15:00:00,TICKER_0555.JP,1546.59,1538.71,-0.31,-0.609,-161800.79,False
2025-04-09,2025-04-09 08:30:00,2025-04-09 09:00:00,2025-04-09 15:00:00,TICKER_0592.JP,1646.06,1666.24,1.428,1.126,299008.35,True
2025-04-09,2025-04-09 08:30:00,2025-04-09 09:00:00,2025-04-09 15:00:00,TICKER_0629.JP,1757.4,1678.01,-4.326,-4.617,-1226301.16,False
2025-04-09,2025-04-09 08:30:00,2025-04-09 09:00:00,2025-04-09 15:00:00,TICKER_0666.JP,1789.69,1844.59,3.274,2.968,788251.71,True
2025-04-09,2025-04-09 08:30:00,2025-04-09 09:00:00,2025-04-09 15:00:00,TICKER_0703.JP,1889.68,1947.05,3.242,2.936,779818.32,True
2025-04-09,2025-04-09 08:30:00,2025-04-09 09:00:00,2025-04-09 15:00:00,TICKER_0740.JP,2005.76,2023.05,1.064,0.762,202401.63,True
2025-04-09,2025-04-09 08:30:00,2025-04-09 09:00:00,2025-04-09 15:00:00,TICKER_0777.JP,2092.45,2152.3,3.066,2.76,733051.55,True
2025-04-09,2025-04-09 08:30:00,2025-04-09 09:00:00,2025-04-09 15:00:00,TICKER_0814.JP,2137.82,2108.72,-1.164,-1.461,-388042.21,False
2025-04-09,2025-04-09 08:30:00,2025-04-09 09:00:00,2025-04-09 15:00:00,TICKER_0851.JP,2221.0,2204.57,-0.541,-0.84,-222980.8,False
2025-04-09,2025-04-09 08:30:00,2025-04-09 09:00:00,2025-04-09 15:00:00,TICKER_0888.JP,2318.18,2304.33,-0.398,-0.697,-185152.78,False
2025-04-10,2025-04-10 08:30:00,2025-04-10 09:00:00,2025-04-10 15:00:00,TICKER_0909.JP,1886.14,1883.71,0.071,-0.229,-60909.27,False
2025-04-10,2025-04-10 08:30:00,2025-04-10 09:00:00,2025-04-10 15:00:00,TICKER_0946.JP,2018.49,2046.37,1.584,1.281,341106.77,True
2025-04-10,2025-04-10 08:30:00,2025-04-10 09:00:00,2025-04-10 15:00:00,TICKER_0983.JP,2045.79,2079.36,1.844,1.541,410097.62,True
2025-04-10,2025-04-10 08:30:00,2025-04-10 09:00:00,2025-04-10 15:00:00,TICKER_1020.JP,2169.2,2194.81,1.383,1.081,287713.56,True
2025-04-10,2025-04-10 08:30:00,2025-04-10 09:00:00,2025-04-10 15:00:00,TICKER_1057.JP,2271.65,2242.21,-1.099,-1.396,-371626.28,False
2025-04-10,2025-04-10 08:30:00,2025-04-10 09:00:00,2025-04-10 15:00:00,TICKER_1094.JP,2323.98,2375.18,2.408,2.103,559817.53,True
2025-04-10,2025-04-10 08:30:00,2025-04-10 09:00:00,2025-04-10 15:00:00,TICKER_1131.JP,2426.86,2492.59,2.914,2.608,694319.51,True
2025-04-10,2025-04-10 08:30:00,2025-04-10 09:00:00,2025-04-10 15:00:00,TICKER_1168.JP,2550.89,2614.7,2.707,2.402,639273.14,True
2025-04-10,2025-04-10 08:30:00,2025-04-10 09:00:00,2025-04-10 15:00:00,TICKER_1205.JP,2623.15,2779.78,6.183,5.871,1562732.17,True
2025-04-10,2025-04-10 08:30:00,2025-04-10 09:00:00,2025-04-10 15:00:00,TICKER_1242.JP,2656.52,2750.39,3.741,3.433,913878.27,True
2025-04-11,2025-04-11 08:30:00,2025-04-11 09:00:00,2025-04-11 15:00:00,TICKER_0401.JP,1900.19,1933.95,1.981,1.677,454305.57,True
2025-04-11,2025-04-11 08:30:00,2025-04-11 09:00:00,2025-04-11 15:00:00,TICKER_0438.JP,1985.95,1984.85,0.145,-0.155,-42107.2,False
2025-04-11,2025-04-11 08:30:00,2025-04-11 09:00:00,2025-04-11 15:00:00,TICKER_0475.JP,2094.98,2136.79,2.2,1.896,513542.67,True
2025-04-11,2025-04-11 08:30:00,2025-04-11 09:00:00,2025-04-11 15:00:00,TICKER_0512.JP,2180.47,2226.6,2.32,2.016,546078.53,True
2025-04-11,2025-04-11 08:30:00,2025-04-11 09:00:00,2025-04-11 15:00:00,TICKER_0549.JP,2241.2,2354.01,5.244,4.934,1336573.04,True
2025-04-11,2025-04-11 08:30:00,2025-04-11 09:00:00,2025-04-11 15:00:00,TICKER_0586.JP,2315.02,2297.05,-0.578,-0.876,-237403.17,False
2025-04-11,2025-04-11 08:30:00,2025-04-11 09:00:00,2025-04-11 15:00:00,TICKER_0623.JP,2433.34,2455.65,1.119,0.817,221301.32,True
2025-04-11,2025-04-11 08:30:00,2025-04-11 09:00:00,2025-04-11 15:00:00,TICKER_0660.JP,2506.56,2490.25,-0.452,-0.751,-203441.99,False
2025-04-11,2025-04-11 08:30:00,2025-04-11 09:00:00,2025-04-11 15:00:00,TICKER_0697.JP,2539.58,2624.13,3.536,3.23,874908.54,True
2025-04-11,2025-04-11 08:30:00,2025-04-11 09:00:00,2025-04-11 15:00:00,TICKER_0734.JP,2705.92,2690.86,-0.358,-0.657,-177934.41,False
2025-04-14,2025-04-14 08:30:00,2025-04-14 09:00:00,2025-04-14 15:00:00,TICKER_0521.JP,1530.15,1511.87,-0.997,-1.295,-354809.85,False
2025-04-14,2025-04-14 08:30:00,2025-04-14 09:00:00,2025-04-14 15:00:00,TICKER_0558.JP,1595.86,1665.02,4.543,4.234,1160143.75,True
2025-04-14,2025-04-14 08:30:00,2025-04-14 09:00:00,2025-04-14 15:00:00,TICKER_0595.JP,1699.45,1726.59,1.801,1.497,410282.98,True
2025-04-14,2025-04-14 08:30:00,2025-04-14 09:00:00,2025-04-14 15:00:00,TICKER_0632.JP,1759.56,1856.39,5.715,5.403,1480668.1,True
2025-04-14,2025-04-14 08:30:00,2025-04-14 09:00:00,2025-04-14 15:00:00,TICKER_0669.JP,1831.38,1812.45,-0.836,-1.134,-310710.01,False
2025-04-14,2025-04-14 08:30:00,2025-04-14 09:00:00,2025-04-14 15:00:00,TICKER_0706.JP,1934.79,1922.17,-0.454,-0.753,-206241.75,False
2025-04-14,2025-04-14 08:30:00,2025-04-14 09:00:00,2025-04-14 15:00:00,TICKER_0743.JP,2053.91,2076.59,1.307,1.004,275183.0,True
2025-04-14,2025-04-14 08:30:00,2025-04-14 09:00:00,2025-04-14 15:00:00,TICKER_0780.JP,2138.31,2046.24,-4.114,-4.405,-1207234.02,False
2025-04-14,2025-04-14 08:30:00,2025-04-14 09:00:00,2025-04-14 15:00:00,TICKER_0817.JP,2244.05,2245.71,0.274,-0.026,-7129.27,False
2025-04-14,2025-04-14 08:30:00,2025-04-14 09:00:00,2025-04-14 15:00:00,TICKER_0854.JP,2309.98,2318.74,0.58,0.279,76530.87,True
2025-04-15,2025-04-15 08:30:00,2025-04-15 09:00:00,2025-04-15 15:00:00,TICKER_0122.JP,1634.43,1684.09,3.245,2.938,808898.19,True
2025-04-15,2025-04-15 08:30:00,2025-04-15 09:00:00,2025-04-15 15:00:00,TICKER_0159.JP,1679.0,1724.35,2.907,2.601,716117.66,True
2025-04-15,2025-04-15 08:30:00,2025-04-15 09:00:00,2025-04-15 15:00:00,TICKER_0196.JP,1807.61,1806.6,0.145,-0.156,-42821.19,False
2025-04-15,2025-04-15 08:30:00,2025-04-15 09:00:00,2025-04-15 15:00:00,TICKER_0233.JP,1889.77,1973.37,4.633,4.324,1190363.37,True
2025-04-15,2025-04-15 08:30:00,2025-04-15 09:00:00,2025-04-15 15:00:00,TICKER_0270.JP,1957.69,1946.32,-0.381,-0.68,-187323.3,False
2025-04-15,2025-04-15 08:30:00,2025-04-15 09:00:00,2025-04-15 15:00:00,TICKER_0307.JP,2117.8,2209.48,4.538,4.229,1164203.93,True
2025-04-15,2025-04-15 08:30:00,2025-04-15 09:00:00,2025-04-15 15:00:00,TICKER_0344.JP,2177.69,2229.36,2.578,2.273,625667.56,True
2025-04-15,2025-04-15 08:30:00,2025-04-15 09:00:00,2025-04-15 15:00:00,TICKER_0381.JP,2240.72,2198.41,-1.692,-1.988,-547310.95,False
2025-04-15,2025-04-15 08:30:00,2025-04-15 09:00:00,2025-04-15 15:00:00,TICKER_0418.JP,2334.8,2447.38,5.032,4.722,1299798.61,True
2025-04-15,2025-04-15 08:30:00,2025-04-15 09:00:00,2025-04-15 15:00:00,TICKER_0455.JP,2415.01,2469.72,2.47,2.165,596041.46,True
2025-04-16,2025-04-16 08:30:00,2025-04-16 09:00:00,2025-04-16 15:00:00,TICKER_0249.JP,1741.82,1810.51,4.152,3.843,1078557.35,True
2025-04-16,2025-04-16 08:30:00,2025-04-16 09:00:00,2025-04-16 15:00:00,TICKER_0286.JP,1839.1,1828.45,-0.38,-0.679,-190530.33,False
2025-04-16,2025-04-16 08:30:00,2025-04-16 09:00:00,2025-04-16 15:00:00,TICKER_0323.JP,1956.14,1971.86,1.005,0.703,197337.42,True
2025-04-16,2025-04-16 08:30:00,2025-04-16 09:00:00,2025-04-16 15:00:00,TICKER_0360.JP,2015.24,2064.31,2.64,2.335,655243.91,True
2025-04-16,2025-04-16 08:30:00,2025-04-16 09:00:00,2025-04-16 15:00:00,TICKER_0397.JP,2107.69,2118.96,0.736,0.435,122034.04,True
2025-04-16,2025-04-16 08:30:00,2025-04-16 09:00:00,2025-04-16 15:00:00,TICKER_0434.JP,2187.21,2193.28,0.479,0.178,49938.97,True
2025-04-16,2025-04-16 08:30:00,2025-04-16 09:00:00,2025-04-16 15:00:00,TICKER_0471.JP,2246.91,2310.74,3.046,2.74,769030.83,True
2025-04-16,2025-04-16 08:30:00,2025-04-16 09:00:00,2025-04-16 15:00:00,TICKER_0508.JP,2351.42,2355.84,0.389,0.088,24719.44,True
2025-04-16,2025-04-16 08:30:00,2025-04-16 09:00:00,2025-04-16 15:00:00,TICKER_0545.JP,2419.19,2459.35,1.864,1.56,437805.82,True
2025-04-16,2025-04-16 08:30:00,2025-04-16 09:00:00,2025-04-16 15:00:00,TICKER_0582.JP,2514.71,2404.16,-4.205,-4.496,-1261703.77,False
2025-04-17,2025-04-17 08:30:00,2025-04-17 09:00:00,2025-04-17 15:00:00,TICKER_0201.JP,1699.55,1693.51,-0.155,-0.455,-128491.6,False
2025-04-17,2025-04-17 08:30:00,2025-04-17 09:00:00,2025-04-17 15:00:00,TICKER_0238.JP,1794.44,1788.01,-0.159,-0.458,-129475.74,False
2025-04-17,2025-04-17 08:30:00,2025-04-17 09:00:00,2025-04-17 15:00:00,TICKER_0275.JP,1883.99,1936.41,2.988,2.682,757530.38,True
2025-04-17,2025-04-17 08:30:00,2025-04-17 09:00:00,2025-04-17 15:00:00,TICKER_0312.JP,1999.65,2090.8,4.768,4.458,1259067.79,True
2025-04-17,2025-04-17 08:30:00,2025-04-17 09:00:00,2025-04-17 15:00:00,TICKER_0349.JP,2052.56,2087.05,1.884,1.58,446310.84,True
2025-04-17,2025-04-17 08:30:00,2025-04-17 09:00:00,2025-04-17 15:00:00,TICKER_0386.JP,2151.96,2148.35,0.032,-0.268,-75620.86,False
2025-04-17,2025-04-17 08:30:00,2025-04-17 09:00:00,2025-04-17 15:00:00,TICKER_0423.JP,2277.02,2315.51,1.894,1.59,449104.77,True
2025-04-17,2025-04-17 08:30:00,2025-04-17 09:00:00,2025-04-17 15:00:00,TICKER_0460.JP,2307.53,2274.6,-1.229,-1.527,-431165.22,False
2025-04-17,2025-04-17 08:30:00,2025-04-17 09:00:00,2025-04-17 15:00:00,TICKER_0497.JP,2406.56,2444.35,1.774,1.47,415214.9,True
2025-04-17,2025-04-17 08:30:00,2025-04-17 09:00:00,2025-04-17 15:00:00,TICKER_0534.JP,2492.2,2590.19,4.14,3.832,1082134.79,True
2025-04-18,2025-04-18 08:30:00,2025-04-18 09:00:00,2025-04-18 15:00:00,TICKER_0347.JP,1872.28,1926.29,3.091,2.785,796098.5,True
2025-04-18,2025-04-18 08:30:00,2025-04-18 09:00:00,2025-04-18 15:00:00,TICKER_0384.JP,1952.34,1948.16,-0.014,-0.314,-89800.84,False
2025-04-18,2025-04-18 08:30:00,2025-04-18 09:00:00,2025-04-18 15:00:00,TICKER_0421.JP,2017.7,1998.04,-0.776,-1.074,-307076.06,False
2025-04-18,2025-04-18 08:30:00,2025-04-18 09:00:00,2025-04-18 15:00:00,TICKER_0458.JP,2086.95,2087.95,0.248,-0.052,-14956.5,False
2025-04-18,2025-04-18 08:30:00,2025-04-18 09:00:00,2025-04-18 15:00:00,TICKER_0495.JP,2248.02,2277.79,1.527,1.224,350042.1,True
2025-04-18,2025-04-18 08:30:00,2025-04-18 09:00:00,2025-04-18 15:00:00,TICKER_0532.JP,2242.91,2321.02,3.69,3.382,966924.91,True
2025-04-18,2025-04-18 08:30:00,2025-04-18 09:00:00,2025-04-18 15:00:00,TICKER_0569.JP,2392.81,2441.16,2.225,1.92,549011.49,True
2025-04-18,2025-04-18 08:30:00,2025-04-18 09:00:00,2025-04-18 15:00:00,TICKER_0606.JP,2414.3,2473.88,2.673,2.368,676910.87,True
2025-04-18,2025-04-18 08:30:00,2025-04-18 09:00:00,2025-04-18 15:00:00,TICKER_0643.JP,2542.78,2598.32,2.389,2.084,595811.68,True
2025-04-18,2025-04-18 08:30:00,2025-04-18 09:00:00,2025-04-18 15:00:00,TICKER_0680.JP,2649.82,2703.33,2.224,1.92,548774.9,True
2025-04-21,2025-04-21 08:30:00,2025-04-21 09:00:00,2025-04-21 15:00:00,TICKER_0221.JP,1739.14,1722.87,-0.737,-1.036,-300067.04,False
2025-04-21,2025-04-21 08:30:00,2025-04-21 09:00:00,2025-04-21 15:00:00,TICKER_0258.JP,1824.58,1814.64,-0.346,-0.645,-186807.99,False
2025-04-21,2025-04-21 08:30:00,2025-04-21 09:00:00,2025-04-21 15:00:00,TICKER_0295.JP,1920.19,1891.68,-1.288,-1.585,-459196.29,False
2025-04-21,2025-04-21 08:30:00,2025-04-21 09:00:00,2025-04-21 15:00:00,TICKER_0332.JP,1979.22,1969.56,-0.289,-0.588,-170371.01,False
2025-04-21,2025-04-21 08:30:00,2025-04-21 09:00:00,2025-04-21 15:00:00,TICKER_0369.JP,2059.08,2086.34,1.527,1.224,354677.43,True
2025-04-21,2025-04-21 08:30:00,2025-04-21 09:00:00,2025-04-21 15:00:00,TICKER_0406.JP,2210.83,2212.82,0.291,-0.01,-2811.0,False
2025-04-21,2025-04-21 08:30:00,2025-04-21 09:00:00,2025-04-21 15:00:00,TICKER_0443.JP,2264.45,2313.11,2.353,2.049,593672.21,True
2025-04-21,2025-04-21 08:30:00,2025-04-21 09:00:00,2025-04-21 15:00:00,TICKER_0480.JP,2322.2,2324.98,0.32,0.02,5747.05,True
2025-04-21,2025-04-21 08:30:00,2025-04-21 09:00:00,2025-04-21 15:00:00,TICKER_0517.JP,2423.37,2420.62,0.086,-0.214,-61901.31,False
2025-04-21,2025-04-21 08:30:00,2025-04-21 09:00:00,2025-04-21 15:00:00,TICKER_0554.JP,2471.39,2421.93,-1.805,-2.101,-608874.07,False
2025-04-22,2025-04-22 08:30:00,2025-04-22 09:00:00,2025-04-22 15:00:00,TICKER_0596.JP,1584.06,1616.89,2.277,1.972,569936.95,True
2025-04-22,2025-04-22 08:30:00,2025-04-22 09:00:00,2025-04-22 15:00:00,TICKER_0633.JP,1714.8,1705.08,-0.368,-0.667,-192676.7,False
2025-04-22,2025-04-22 08:30:00,2025-04-22 09:00:00,2025-04-22 15:00:00,TICKER_0670.JP,1758.16,1794.01,2.244,1.94,560417.3,True
2025-04-22,2025-04-22 08:30:00,2025-04-22 09:00:00,2025-04-22 15:00:00,TICKER_0707.JP,1850.65,1888.18,2.232,1.928,557090.84,True
2025-04-22,2025-04-22 08:30:00,2025-04-22 09:00:00,2025-04-22 15:00:00,TICKER_0744.JP,1937.39,1913.02,-1.06,-1.358,-392362.28,False
2025-04-22,2025-04-22 08:30:00,2025-04-22 09:00:00,2025-04-22 15:00:00,TICKER_0781.JP,2023.66,1984.37,-1.745,-2.041,-589866.98,False
2025-04-22,2025-04-22 08:30:00,2025-04-22 09:00:00,2025-04-22 15:00:00,TICKER_0818.JP,2102.7,2206.43,5.143,4.833,1396546.88,True
2025-04-22,2025-04-22 08:30:00,2025-04-22 09:00:00,2025-04-22 15:00:00,TICKER_0855.JP,2212.06,2224.15,0.748,0.447,129078.69,True
2025-04-22,2025-04-22 08:30:00,2025-04-22 09:00:00,2025-04-22 15:00:00,TICKER_0892.JP,2272.74,2236.46,-1.399,-1.696,-490134.62,False
2025-04-22,2025-04-22 08:30:00,2025-04-22 09:00:00,2025-04-22 15:00:00,TICKER_0929.JP,2401.61,2467.88,2.965,2.659,768432.9,True
2025-04-23,2025-04-23 08:30:00,2025-04-23 09:00:00,2025-04-23 15:00:00,TICKER_0060.JP,1561.98,1562.91,0.26,-0.041,-11871.07,False
2025-04-23,2025-04-23 08:30:00,2025-04-23 09:00:00,2025-04-23 15:00:00,TICKER_0097.JP,1628.38,1705.31,4.934,4.625,1346479.59,True
2025-04-23,2025-04-23 08:30:00,2025-04-23 09:00:00,2025-04-23 15:00:00,TICKER_0134.JP,1760.82,1775.39,1.03,0.728,211859.93,True
2025-04-23,2025-04-23 08:30:00,2025-04-23 09:00:00,2025-04-23 15:00:00,TICKER_0171.JP,1828.35,1821.67,-0.166,-0.465,-135488.23,False
2025-04-23,2025-04-23 08:30:00,2025-04-23 09:00:00,2025-04-23 15:00:00,TICKER_0208.JP,1925.96,1937.87,0.82,0.518,150870.68,True
2025-04-23,2025-04-23 08:30:00,2025-04-23 09:00:00,2025-04-23 15:00:00,TICKER_0245.JP,1966.2,2093.79,6.702,6.389,1860189.69,True
2025-04-23,2025-04-23 08:30:00,2025-04-23 09:00:00,2025-04-23 15:00:00,TICKER_0282.JP,2092.91,2125.49,1.76,1.457,424132.8,True
2025-04-23,2025-04-23 08:30:00,2025-04-23 09:00:00,2025-04-23 15:00:00,TICKER_0319.JP,2172.1,2255.99,4.07,3.762,1095371.58,True
2025-04-23,2025-04-23 08:30:00,2025-04-23 09:00:00,2025-04-23 15:00:00,TICKER_0356.JP,2237.54,2302.74,3.12,2.814,819394.0,True
2025-04-23,2025-04-23 08:30:00,2025-04-23 09:00:00,2025-04-23 15:00:00,TICKER_0393.JP,2332.39,2345.64,0.77,0.468,136307.06,True
2025-04-24,2025-04-24 08:30:00,2025-04-24 09:00:00,2025-04-24 15:00:00,TICKER_0988.JP,1994.44,2002.67,0.613,0.312,92672.2,True
2025-04-24,2025-04-24 08:30:00,2025-04-24 09:00:00,2025-04-24 15:00:00,TICKER_1025.JP,2076.42,2076.0,0.18,-0.12,-35712.21,False
2025-04-24,2025-04-24 08:30:00,2025-04-24 09:00:00,2025-04-24 15:00:00,TICKER_1062.JP,2163.75,2275.46,5.373,5.063,1502396.74,True
2025-04-24,2025-04-24 08:30:00,2025-04-24 09:00:00,2025-04-24 15:00:00,TICKER_1099.JP,2226.38,2265.6,1.965,1.662,493054.26,True
2025-04-24,2025-04-24 08:30:00,2025-04-24 09:00:00,2025-04-24 15:00:00,TICKER_1136.JP,2359.82,2418.95,2.711,2.406,713908.74,True
2025-04-24,2025-04-24 08:30:00,2025-04-24 09:00:00,2025-04-24 15:00:00,TICKER_1173.JP,2448.52,2476.66,1.352,1.049,311429.01,True
2025-04-24,2025-04-24 08:30:00,2025-04-24 09:00:00,2025-04-24 15:00:00,TICKER_1210.JP,2581.72,2625.88,1.914,1.611,477940.62,True
2025-04-24,2025-04-24 08:30:00,2025-04-24 09:00:00,2025-04-24 15:00:00,TICKER_1247.JP,2606.01,2598.67,-0.082,-0.382,-113310.08,False
2025-04-24,2025-04-24 08:30:00,2025-04-24 09:00:00,2025-04-24 15:00:00,TICKER_1284.JP,2645.73,2645.39,0.187,-0.113,-33501.26,False
2025-04-24,2025-04-24 08:30:00,2025-04-24 09:00:00,2025-04-24 15:00:00,TICKER_1321.JP,2776.84,2840.91,2.512,2.207,654933.11,True
2025-04-25,2025-04-25 08:30:00,2025-04-25 09:00:00,2025-04-25 15:00:00,TICKER_0678.JP,1661.92,1675.9,1.043,0.741,222850.91,True
2025-04-25,2025-04-25 08:30:00,2025-04-25 09:00:00,2025-04-25 15:00:00,TICKER_0715.JP,1773.74,1738.75,-1.777,-2.073,-623108.64,False
2025-04-25,2025-04-25 08:30:00,2025-04-25 09:00:00,2025-04-25 15:00:00,TICKER_0752.JP,1876.92,1973.93,5.38,5.069,1523820.19,True
2025-04-25,2025-04-25 08:30:00,2025-04-25 09:00:00,2025-04-25 15:00:00,TICKER_0789.JP,1933.42,1988.9,3.075,2.769,832513.58,True
2025-04-25,2025-04-25 08:30:00,2025-04-25 09:00:00,2025-04-25 15:00:00,TICKER_0826.JP,2002.67,2047.83,2.46,2.155,647805.95,True
2025-04-25,2025-04-25 08:30:00,2025-04-25 09:00:00,2025-04-25 15:00:00,TICKER_0863.JP,2096.78,2167.7,3.589,3.282,986637.89,True
2025-04-25,2025-04-25 08:30:00,2025-04-25 09:00:00,2025-04-25 15:00:00,TICKER_0900.JP,2200.7,2246.2,2.272,1.968,591502.22,True
2025-04-25,2025-04-25 08:30:00,2025-04-25 09:00:00,2025-04-25 15:00:00,TICKER_0937.JP,2299.72,2384.62,3.9,3.592,1079796.18,True
2025-04-25,2025-04-25 08:30:00,2025-04-25 09:00:00,2025-04-25 15:00:00,TICKER_0974.JP,2381.4,2345.9,-1.293,-1.591,-478154.21,False
2025-04-25,2025-04-25 08:30:00,2025-04-25 09:00:00,2025-04-25 15:00:00,TICKER_1011.JP,2450.26,2513.05,2.768,2.463,740363.09,True
2025-04-28,2025-04-28 08:30:00,2025-04-28 09:00:00,2025-04-28 15:00:00,TICKER_0161.JP,1679.52,1693.33,1.025,0.723,221039.67,True
2025-04-28,2025-04-28 08:30:00,2025-04-28 09:00:00,2025-04-28 15:00:00,TICKER_0198.JP,1726.19,1765.89,2.505,2.2,672808.74,True
2025-04-28,2025-04-28 08:30:00,2025-04-28 09:00:00,2025-04-28 15:00:00,TICKER_0235.JP,1856.51,1890.24,2.02,1.716,525001.12,True
2025-04-28,2025-04-28 08:30:00,2025-04-28 09:00:00,2025-04-28 15:00:00,TICKER_0272.JP,1940.45,1921.43,-0.782,-1.08,-330414.1,False
2025-04-28,2025-04-28 08:30:00,2025-04-28 09:00:00,2025-04-28 15:00:00,TICKER_0309.JP,2031.67,2083.46,2.755,2.449,749162.92,True
2025-04-28,2025-04-28 08:30:00,2025-04-28 09:00:00,2025-04-28 15:00:00,TICKER_0346.JP,2082.1,2138.24,2.902,2.596,794101.38,True
2025-04-28,2025-04-28 08:30:00,2025-04-28 09:00:00,2025-04-28 15:00:00,TICKER_0383.JP,2174.61,2199.07,1.327,1.025,313391.78,True
2025-04-28,2025-04-28 08:30:00,2025-04-28 09:00:00,2025-04-28 15:00:00,TICKER_0420.JP,2262.44,2304.39,2.058,1.754,536578.19,True
2025-04-28,2025-04-28 08:30:00,2025-04-28 09:00:00,2025-04-28 15:00:00,TICKER_0457.JP,2362.44,2372.38,0.622,0.321,98042.25,True
2025-04-28,2025-04-28 08:30:00,2025-04-28 09:00:00,2025-04-28 15:00:00,TICKER_0494.JP,2461.41,2458.4,0.078,-0.222,-67986.38,False
2025-04-29,2025-04-29 08:30:00,2025-04-29 09:00:00,2025-04-29 15:00:00,TICKER_0990.JP,1990.42,2012.65,1.319,1.017,314357.49,True
2025-04-29,2025-04-29 08:30:00,2025-04-29 09:00:00,2025-04-29 15:00:00,TICKER_1027.JP,2109.98,2151.89,2.19,1.886,583200.04,True
2025-04-29,2025-04-29 08:30:00,2025-04-29 09:00:00,2025-04-29 15:00:00,TICKER_1064.JP,2152.28,2134.13,-0.645,-0.943,-291609.71,False
2025-04-29,2025-04-29 08:30:00,2025-04-29 09:00:00,2025-04-29 15:00:00,TICKER_1101.JP,2251.54,2230.25,-0.747,-1.046,-323311.35,False
2025-04-29,2025-04-29 08:30:00,2025-04-29 09:00:00,2025-04-29 15:00:00,TICKER_1138.JP,2286.24,2339.04,2.514,2.209,683084.06,True
2025-04-29,2025-04-29 08:30:00,2025-04-29 09:00:00,2025-04-29 15:00:00,TICKER_1175.JP,2469.61,2468.74,0.165,-0.135,-41791.3,False
2025-04-29,2025-04-29 08:30:00,2025-04-29 09:00:00,2025-04-29 15:00:00,TICKER_1212.JP,2514.15,2544.44,1.407,1.105,341609.75,True
2025-04-29,2025-04-29 08:30:00,2025-04-29 09:00:00,2025-04-29 15:00:00,TICKER_1249.JP,2626.97,2583.68,-1.451,-1.748,-540450.93,False
2025-04-29,2025-04-29 08:30:00,2025-04-29 09:00:00,2025-04-29 15:00:00,TICKER_1286.JP,2686.26,2727.3,1.731,1.428,441419.13,True
2025-04-29,2025-04-29 08:30:00,2025-04-29 09:00:00,2025-04-29 15:00:00,TICKER_1323.JP,2806.29,2918.05,4.19,3.882,1200394.83,True
2025-04-30,2025-04-30 08:30:00,2025-04-30 09:00:00,2025-04-30 15:00:00,TICKER_0700.JP,1706.29,1709.84,0.408,0.108,33540.43,True
2025-04-30,2025-04-30 08:30:00,2025-04-30 09:00:00,2025-04-30 15:00:00,TICKER_0737.JP,1777.87,1823.93,2.797,2.491,775870.56,True
2025-04-30,2025-04-30 08:30:00,2025-04-30 09:00:00,2025-04-30 15:00:00,TICKER_0774.JP,1852.59,1864.59,0.849,0.548,170637.85,True
2025-04-30,2025-04-30 08:30:00,2025-04-30 09:00:00,2025-04-30 15:00:00,TICKER_0811.JP,1951.53,1989.42,2.146,1.842,573524.99,True
2025-04-30,2025-04-30 08:30:00,2025-04-30 09:00:00,2025-04-30 15:00:00,TICKER_0848.JP,2080.36,2090.24,0.676,0.375,116756.86,True
2025-04-30,2025-04-30 08:30:00,2025-04-30 09:00:00,2025-04-30 15:00:00,TICKER_0885.JP,2116.65,2135.42,1.089,0.787,245005.93,True
2025-04-30,2025-04-30 08:30:00,2025-04-30 09:00:00,2025-04-30 15:00:00,TICKER_0922.JP,2200.73,2243.96,2.169,1.865,580714.76,True
2025-04-30,2025-04-30 08:30:00,2025-04-30 09:00:00,2025-04-30 15:00:00,TICKER_0959.JP,2351.92,2429.06,3.487,3.18,990338.41,True
2025-04-30,2025-04-30 08:30:00,2025-04-30 09:00:00,2025-04-30 15:00:00,TICKER_0996.JP,2406.17,2539.16,5.738,5.427,1690145.4,True
2025-04-30,2025-04-30 08:30:00,2025-04-30 09:00:00,2025-04-30 15:00:00,TICKER_1033.JP,2470.52,2486.69,0.856,0.555,172736.36,True
2025-05-01,2025-05-01 08:30:00,2025-05-01 09:00:00,2025-05-01 15:00:00,TICKER_0591.JP,1621.25,1623.67,0.35,0.05,15693.44,True
2025-05-01,2025-05-01 08:30:00,2025-05-01 09:00:00,2025-05-01 15:00:00,TICKER_0628.JP,1684.26,1674.92,-0.355,-0.654,-207165.04,False
2025-05-01,2025-05-01 08:30:00,2025-05-01 09:00:00,2025-05-01 15:00:00,TICKER_0665.JP,1760.7,1804.91,2.716,2.411,763200.87,True
2025-05-01,2025-05-01 08:30:00,2025-05-01 09:00:00,2025-05-01 15:00:00,TICKER_0702.JP,1857.72,1846.71,-0.393,-0.692,-219150.68,False
2025-05-01,2025-05-01 08:30:00,2025-05-01 09:00:00,2025-05-01 15:00:00,TICKER_0739.JP,1975.51,1913.2,-2.96,-3.254,-1029990.15,False
2025-05-01,2025-05-01 08:30:00,2025-05-01 09:00:00,2025-05-01 15:00:00,TICKER_0776.JP,2040.82,2037.64,0.044,-0.256,-80949.67,False
2025-05-01,2025-05-01 08:30:00,2025-05-01 09:00:00,2025-05-01 15:00:00,TICKER_0813.JP,2106.26,2082.48,-0.931,-1.229,-389145.34,False
2025-05-01,2025-05-01 08:30:00,2025-05-01 09:00:00,2025-05-01 15:00:00,TICKER_0850.JP,2190.17,2214.55,1.316,1.013,320766.01,True
2025-05-01,2025-05-01 08:30:00,2025-05-01 09:00:00,2025-05-01 15:00:00,TICKER_0887.JP,2283.04,2316.91,1.687,1.384,437928.6,True
2025-05-01,2025-05-01 08:30:00,2025-05-01 09:00:00,2025-05-01 15:00:00,TICKER_0924.JP,2348.78,2414.17,2.99,2.684,849649.98,True
2025-05-02,2025-05-02 08:30:00,2025-05-02 09:00:00,2025-05-02 15:00:00,TICKER_0993.JP,2026.1,1960.23,-3.058,-3.351,-1062264.08,False
2025-05-02,2025-05-02 08:30:00,2025-05-02 09:00:00,2025-05-02 15:00:00,TICKER_1030.JP,2098.29,2167.29,3.495,3.189,1010671.56,True
2025-05-02,2025-05-02 08:30:00,2025-05-02 09:00:00,2025-05-02 15:00:00,TICKER_1067.JP,2167.22,2173.85,0.507,0.206,65400.4,True
2025-05-02,2025-05-02 08:30:00,2025-05-02 09:00:00,2025-05-02 15:00:00,TICKER_1104.JP,2274.59,2288.67,0.82,0.519,164462.17,True
2025-05-02,2025-05-02 08:30:00,2025-05-02 09:00:00,2025-05-02 15:00:00,TICKER_1141.JP,2334.48,2349.44,0.842,0.541,171369.05,True
2025-05-02,2025-05-02 08:30:00,2025-05-02 09:00:00,2025-05-02 15:00:00,TICKER_1178.JP,2367.39,2421.55,2.493,2.188,693452.47,True
2025-05-02,2025-05-02 08:30:00,2025-05-02 09:00:00,2025-05-02 15:00:00,TICKER_1215.JP,2473.1,2522.19,2.189,1.885,597394.38,True
2025-05-02,2025-05-02 08:30:00,2025-05-02 09:00:00,2025-05-02 15:00:00,TICKER_1252.JP,2582.93,2611.43,1.306,1.003,317986.67,True
2025-05-02,2025-05-02 08:30:00,2025-05-02 09:00:00,2025-05-02 15:00:00,TICKER_1289.JP,2679.33,2663.58,-0.389,-0.688,-217934.38,False
2025-05-02,2025-05-02 08:30:00,2025-05-02 09:00:00,2025-05-02 15:00:00,TICKER_1326.JP,2734.39,2680.28,-1.783,-2.079,-658978.86,False
2025-05-05,2025-05-05 08:30:00,2025-05-05 09:00:00,2025-05-05 15:00:00,TICKER_0141.JP,1634.38,1685.96,3.362,3.056,971750.95,True
2025-05-05,2025-05-05 08:30:00,2025-05-05 09:00:00,2025-05-05 15:00:00,TICKER_0178.JP,1738.97,1784.8,2.841,2.536,806370.4,True
2025-05-05,2025-05-05 08:30:00,2025-05-05 09:00:00,2025-05-05 15:00:00,TICKER_0215.JP,1775.98,1753.26,-1.082,-1.379,-438588.24,False
2025-05-05,2025-05-05 08:30:00,2025-05-05 09:00:00,2025-05-05 15:00:00,TICKER_0252.JP,1903.27,1954.09,2.876,2.57,817324.34,True
2025-05-05,2025-05-05 08:30:00,2025-05-05 09:00:00,2025-05-05 15:00:00,TICKER_0289.JP,2018.19,2095.45,4.036,3.729,1185629.82,True
2025-05-05,2025-05-05 08:30:00,2025-05-05 09:00:00,2025-05-05 15:00:00,TICKER_0326.JP,2086.38,2084.52,0.111,-0.189,-60161.69,False
2025-05-05,2025-05-05 08:30:00,2025-05-05 09:00:00,2025-05-05 15:00:00,TICKER_0363.JP,2152.8,2126.38,-1.029,-1.327,-422037.52,False
2025-05-05,2025-05-05 08:30:00,2025-05-05 09:00:00,2025-05-05 15:00:00,TICKER_0400.JP,2241.54,2355.75,5.306,4.995,1588452.5,True
2025-05-05,2025-05-05 08:30:00,2025-05-05 09:00:00,2025-05-05 15:00:00,TICKER_0437.JP,2298.24,2380.18,3.773,3.465,1101968.74,True
2025-05-05,2025-05-05 08:30:00,2025-05-05 09:00:00,2025-05-05 15:00:00,TICKER_0474.JP,2427.45,2501.45,3.255,2.949,937601.31,True
2025-05-06,2025-05-06 08:30:00,2025-05-06 09:00:00,2025-05-06 15:00:00,TICKER_0760.JP,1777.44,1780.22,0.357,0.057,18326.66,True
2025-05-06,2025-05-06 08:30:00,2025-05-06 09:00:00,2025-05-06 15:00:00,TICKER_0797.JP,1839.49,1856.55,1.13,0.828,268285.62,True
2025-05-06,2025-05-06 08:30:00,2025-05-06 09:00:00,2025-05-06 15:00:00,TICKER_0834.JP,1961.12,2022.03,3.312,3.006,974317.55,True
2025-05-06,2025-05-06 08:30:00,2025-05-06 09:00:00,2025-05-06 15:00:00,TICKER_0871.JP,2074.67,2099.9,1.419,1.116,361715.95,True
2025-05-06,2025-05-06 08:30:00,2025-05-06 09:00:00,2025-05-06 15:00:00,TICKER_0908.JP,2113.23,2118.69,0.459,0.158,51307.49,True
2025-05-06,2025-05-06 08:30:00,2025-05-06 09:00:00,2025-05-06 15:00:00,TICKER_0945.JP,2200.39,2264.17,3.105,2.799,907252.36,True
2025-05-06,2025-05-06 08:30:00,2025-05-06 09:00:00,2025-05-06 15:00:00,TICKER_0982.JP,2311.35,2360.5,2.331,2.026,656861.52,True
2025-05-06,2025-05-06 08:30:00,2025-05-06 09:00:00,2025-05-06 15:00:00,TICKER_1019.JP,2366.35,2443.25,3.456,3.15,1021003.08,True
2025-05-06,2025-05-06 08:30:00,2025-05-06 09:00:00,2025-05-06 15:00:00,TICKER_1056.JP,2447.01,2469.21,1.109,0.807,261584.1,True
2025-05-06,2025-05-06 08:30:00,2025-05-06 09:00:00,2025-05-06 15:00:00,TICKER_1093.JP,2566.09,2655.31,3.684,3.377,1094613.35,True
2025-05-07,2025-05-07 08:30:00,2025-05-07 09:00:00,2025-05-07 15:00:00,TICKER_0178.JP,1693.95,1701.04,0.619,0.318,104860.87,True
2025-05-07,2025-05-07 08:30:00,2025-05-07 09:00:00,2025-05-07 15:00:00,TICKER_0215.JP,1739.82,1762.57,1.51,1.207,397848.39,True
2025-05-07,2025-05-07 08:30:00,2025-05-07 09:00:00,2025-05-07 15:00:00,TICKER_0252.JP,1846.24,1904.11,3.341,3.034,999818.63,True
2025-05-07,2025-05-07 08:30:00,2025-05-07 09:00:00,2025-05-07 15:00:00,TICKER_0289.JP,1940.4,1989.96,2.759,2.454,808597.79,True
2025-05-07,2025-05-07 08:30:00,2025-05-07 09:00:00,2025-05-07 15:00:00,TICKER_0326.JP,2019.63,2049.18,1.666,1.363,449159.45,True
2025-05-07,2025-05-07 08:30:00,2025-05-07 09:00:00,2025-05-07 15:00:00,TICKER_0363.JP,2090.28,2135.45,2.366,2.061,679129.81,True
2025-05-07,2025-05-07 08:30:00,2025-05-07 09:00:00,2025-05-07 15:00:00,TICKER_0400.JP,2178.14,2179.72,0.273,-0.027,-9015.71,False
2025-05-07,2025-05-07 08:30:00,2025-05-07 09:00:00,2025-05-07 15:00:00,TICKER_0437.JP,2304.26,2307.12,0.325,0.024,7926.69,True
2025-05-07,2025-05-07 08:30:00,2025-05-07 09:00:00,2025-05-07 15:00:00,TICKER_0474.JP,2355.1,2439.94,3.81,3.502,1153928.82,True
2025-05-07,2025-05-07 08:30:00,2025-05-07 09:00:00,2025-05-07 15:00:00,TICKER_0511.JP,2479.65,2423.23,-2.079,-2.375,-782548.72,False
2025-05-08,2025-05-08 08:30:00,2025-05-08 09:00:00,2025-05-08 15:00:00,TICKER_0421.JP,1956.41,2013.93,3.146,2.84,946045.61,True
2025-05-08,2025-05-08 08:30:00,2025-05-08 09:00:00,2025-05-08 15:00:00,TICKER_0458.JP,2054.74,2064.81,0.691,0.39,129947.88,True
2025-05-08,2025-05-08 08:30:00,2025-05-08 09:00:00,2025-05-08 15:00:00,TICKER_0495.JP,2099.2,2150.29,2.639,2.334,777412.1,True
2025-05-08,2025-05-08 08:30:00,2025-05-08 09:00:00,2025-05-08 15:00:00,TICKER_0532.JP,2201.27,2192.69,-0.191,-0.49,-163208.1,False
2025-05-08,2025-05-08 08:30:00,2025-05-08 09:00:00,2025-05-08 15:00:00,TICKER_0569.JP,2290.85,2272.07,-0.621,-0.92,-306430.01,False
2025-05-08,2025-05-08 08:30:00,2025-05-08 09:00:00,2025-05-08 15:00:00,TICKER_0606.JP,2386.67,2434.92,2.226,1.922,640092.36,True
2025-05-08,2025-05-08 08:30:00,2025-05-08 09:00:00,2025-05-08 15:00:00,TICKER_0643.JP,2442.28,2444.55,0.293,-0.007,-2306.67,False
2025-05-08,2025-05-08 08:30:00,2025-05-08 09:00:00,2025-05-08 15:00:00,TICKER_0680.JP,2477.08,2461.19,-0.443,-0.742,-247104.43,False
2025-05-08,2025-05-08 08:30:00,2025-05-08 09:00:00,2025-05-08 15:00:00,TICKER_0717.JP,2609.46,2647.28,1.653,1.349,449519.15,True
2025-05-08,2025-05-08 08:30:00,2025-05-08 09:00:00,2025-05-08 15:00:00,TICKER_0754.JP,2723.48,2723.46,0.2,-0.101,-33518.18,False
2025-05-09,2025-05-09 08:30:00,2025-05-09 09:00:00,2025-05-09 15:00:00,TICKER_0437.JP,1975.99,2044.54,3.676,3.369,1129290.2,True
2025-05-09,2025-05-09 08:30:00,2025-05-09 09:00:00,2025-05-09 15:00:00,TICKER_0474.JP,2037.57,2144.02,5.435,5.125,1717772.45,True
2025-05-09,2025-05-09 08:30:00,2025-05-09 09:00:00,2025-05-09 15:00:00,TICKER_0511.JP,2092.2,2088.35,0.016,-0.284,-95208.28,False
2025-05-09,2025-05-09 08:30:00,2025-05-09 09:00:00,2025-05-09 15:00:00,TICKER_0548.JP,2205.35,2308.33,4.879,4.569,1531606.79,True
2025-05-09,2025-05-09 08:30:00,2025-05-09 09:00:00,2025-05-09 15:00:00,TICKER_0585.JP,2273.73,2344.35,3.312,3.006,1007575.98,True
2025-05-09,2025-05-09 08:30:00,2025-05-09 09:00:00,2025-05-09 15:00:00,TICKER_0622.JP,2403.28,2424.07,1.067,0.765,256479.15,True
2025-05-09,2025-05-09 08:30:00,2025-05-09 09:00:00,2025-05-09 15:00:00,TICKER_0659.JP,2443.37,2493.44,2.254,1.949,653400.49,True
2025-05-09,2025-05-09 08:30:00,2025-05-09 09:00:00,2025-05-09 15:00:00,TICKER_0696.JP,2542.85,2590.87,2.092,1.788,599414.04,True
2025-05-09,2025-05-09 08:30:00,2025-05-09 09:00:00,2025-05-09 15:00:00,TICKER_0733.JP,2619.06,2691.5,2.972,2.666,893567.6,True
2025-05-09,2025-05-09 08:30:00,2025-05-09 09:00:00,2025-05-09 15:00:00,TICKER_0770.JP,2718.2,2728.84,0.593,0.292,97722.73,True
2025-05-12,2025-05-12 08:30:00,2025-05-12 09:00:00,2025-05-12 15:00:00,TICKER_0788.JP,1813.05,1885.28,4.192,3.884,1330618.73,True
2025-05-12,2025-05-12 08:30:00,2025-05-12 09:00:00,2025-05-12 15:00:00,TICKER_0825.JP,1870.05,1952.47,4.616,4.307,1475622.17,True
2025-05-12,2025-05-12 08:30:00,2025-05-12 09:00:00,2025-05-12 15:00:00,TICKER_0862.JP,1978.48,1994.49,1.011,0.71,243090.25,True
2025-05-12,2025-05-12 08:30:00,2025-05-12 09:00:00,2025-05-12 15:00:00,TICKER_0899.JP,2080.93,2006.12,-3.402,-3.695,-1265836.23,False
2025-05-12,2025-05-12 08:30:00,2025-05-12 09:00:00,2025-05-12 15:00:00,TICKER_0936.JP,2108.6,2134.32,1.423,1.12,383737.89,True
2025-05-12,2025-05-12 08:30:00,2025-05-12 09:00:00,2025-05-12 15:00:00,TICKER_0973.JP,2230.13,2335.83,4.95,4.64,1589561.51,True
2025-05-12,2025-05-12 08:30:00,2025-05-12 09:00:00,2025-05-12 15:00:00,TICKER_1010.JP,2298.22,2303.82,0.445,0.144,49337.71,True
2025-05-12,2025-05-12 08:30:00,2025-05-12 09:00:00,2025-05-12 15:00:00,TICKER_1047.JP,2426.76,2363.72,-2.403,-2.698,-924214.6,False
2025-05-12,2025-05-12 08:30:00,2025-05-12 09:00:00,2025-05-12 15:00:00,TICKER_1084.JP,2482.75,2538.07,2.433,2.128,729082.43,True
2025-05-12,2025-05-12 08:30:00,2025-05-12 09:00:00,2025-05-12 15:00:00,TICKER_1121.JP,2560.7,2649.89,3.69,3.383,1158990.09,True
2025-05-13,2025-05-13 08:30:00,2025-05-13 09:00:00,2025-05-13 15:00:00,TICKER_0415.JP,1924.25,1985.09,3.368,3.062,1062813.88,True
2025-05-13,2025-05-13 08:30:00,2025-05-13 09:00:00,2025-05-13 15:00:00,TICKER_0452.JP,2002.6,2049.89,2.566,2.261,784950.33,True
2025-05-13,2025-05-13 08:30:00,2025-05-13 09:00:00,2025-05-13 15:00:00,TICKER_0489.JP,2109.51,2161.95,2.691,2.386,828172.1,True
2025-05-13,2025-05-13 08:30:00,2025-05-13 09:00:00,2025-05-13 15:00:00,TICKER_0526.JP,2226.77,2214.27,-0.362,-0.661,-229586.08,False
2025-05-13,2025-05-13 08:30:00,2025-05-13 09:00:00,2025-05-13 15:00:00,TICKER_0563.JP,2250.82,2268.6,0.992,0.69,239500.94,True
2025-05-13,2025-05-13 08:30:00,2025-05-13 09:00:00,2025-05-13 15:00:00,TICKER_0600.JP,2338.13,2402.59,2.963,2.657,922262.86,True
2025-05-13,2025-05-13 08:30:00,2025-05-13 09:00:00,2025-05-13 15:00:00,TICKER_0637.JP,2431.66,2495.07,2.813,2.508,870520.85,True
2025-05-13,2025-05-13 08:30:00,2025-05-13 09:00:00,2025-05-13 15:00:00,TICKER_0674.JP,2528.71,2587.29,2.522,2.217,769487.01,True
2025-05-13,2025-05-13 08:30:00,2025-05-13 09:00:00,2025-05-13 15:00:00,TICKER_0711.JP,2600.85,2675.6,3.08,2.774,962987.39,True
2025-05-13,2025-05-13 08:30:00,2025-05-13 09:00:00,2025-05-13 15:00:00,TICKER_0748.JP,2690.87,2817.38,4.911,4.602,1597292.71,True
2025-05-14,2025-05-14 08:30:00,2025-05-14 09:00:00,2025-05-14 15:00:00,TICKER_0746.JP,1794.07,1789.8,-0.038,-0.338,-119913.49,False
2025-05-14,2025-05-14 08:30:00,2025-05-14 09:00:00,2025-05-14 15:00:00,TICKER_0783.JP,1847.09,1886.42,2.334,2.03,719594.26,True
2025-05-14,2025-05-14 08:30:00,2025-05-14 09:00:00,2025-05-14 15:00:00,TICKER_0820.JP,1907.85,1914.37,0.543,0.242,85853.51,True
2025-05-14,2025-05-14 08:30:00,2025-05-14 09:00:00,2025-05-14 15:00:00,TICKER_0857.JP,1994.23,2045.95,2.799,2.493,884036.54,True
2025-05-14,2025-05-14 08:30:00,2025-05-14 09:00:00,2025-05-14 15:00:00,TICKER_0894.JP,2111.48,2136.69,1.397,1.094,387880.29,True
2025-05-14,2025-05-14 08:30:00,2025-05-14 09:00:00,2025-05-14 15:00:00,TICKER_0931.JP,2203.52,2292.46,4.244,3.936,1395470.57,True
2025-05-14,2025-05-14 08:30:00,2025-05-14 09:00:00,2025-05-14 15:00:00,TICKER_0968.JP,2290.56,2285.11,-0.038,-0.338,-119744.2,False
2025-05-14,2025-05-14 08:30:00,2025-05-14 09:00:00,2025-05-14 15:00:00,TICKER_1005.JP,2337.72,2435.96,4.411,4.103,1454561.31,True
2025-05-14,2025-05-14 08:30:00,2025-05-14 09:00:00,2025-05-14 15:00:00,TICKER_1042.JP,2431.8,2464.58,1.551,1.248,442509.89,True
2025-05-14,2025-05-14 08:30:00,2025-05-14 09:00:00,2025-05-14 15:00:00,TICKER_1079.JP,2510.32,2481.5,-0.95,-1.248,-442514.44,False
2025-05-15,2025-05-15 08:30:00,2025-05-15 09:00:00,2025-05-15 15:00:00,TICKER_0482.JP,1956.53,1967.65,0.769,0.468,168058.63,True
2025-05-15,2025-05-15 08:30:00,2025-05-15 09:00:00,2025-05-15 15:00:00,TICKER_0519.JP,2069.82,2053.06,-0.611,-0.909,-326465.45,False
2025-05-15,2025-05-15 08:30:00,2025-05-15 09:00:00,2025-05-15 15:00:00,TICKER_0556.JP,2148.92,2077.96,-3.108,-3.402,-1221291.95,False
2025-05-15,2025-05-15 08:30:00,2025-05-15 09:00:00,2025-05-15 15:00:00,TICKER_0593.JP,2315.75,2350.23,1.692,1.389,498525.6,True
2025-05-15,2025-05-15 08:30:00,2025-05-15 09:00:00,2025-05-15 15:00:00,TICKER_0630.JP,2364.36,2451.83,3.907,3.599,1292111.53,True
2025-05-15,2025-05-15 08:30:00,2025-05-15 09:00:00,2025-05-15 15:00:00,TICKER_0667.JP,2411.06,2463.18,2.366,2.062,740225.81,True
2025-05-15,2025-05-15 08:30:00,2025-05-15 09:00:00,2025-05-15 15:00:00,TICKER_0704.JP,2521.5,2509.24,-0.287,-0.586,-210459.64,False
2025-05-15,2025-05-15 08:30:00,2025-05-15 09:00:00,2025-05-15 15:00:00,TICKER_0741.JP,2565.73,2548.49,-0.473,-0.772,-277178.43,False
2025-05-15,2025-05-15 08:30:00,2025-05-15 09:00:00,2025-05-15 15:00:00,TICKER_0778.JP,2596.31,2697.39,4.101,3.793,1361689.27,True
2025-05-15,2025-05-15 08:30:00,2025-05-15 09:00:00,2025-05-15 15:00:00,TICKER_0815.JP,2786.68,2844.16,2.267,1.963,704574.65,True
2025-05-16,2025-05-16 08:30:00,2025-05-16 09:00:00,2025-05-16 15:00:00,TICKER_0224.JP,1726.25,1700.8,-1.277,-1.575,-569391.22,False
2025-05-16,2025-05-16 08:30:00,2025-05-16 09:00:00,2025-05-16 15:00:00,TICKER_0261.JP,1813.79,1780.09,-1.662,-1.958,-708060.41,False
2025-05-16,2025-05-16 08:30:00,2025-05-16 09:00:00,2025-05-16 15:00:00,TICKER_0298.JP,1899.97,1944.42,2.545,2.24,809886.2,True
2025-05-16,2025-05-16 08:30:00,2025-05-16 09:00:00,2025-05-16 15:00:00,TICKER_0335.JP,1992.6,1995.03,0.323,0.022,7980.1,True
2025-05-16,2025-05-16 08:30:00,2025-05-16 09:00:00,2025-05-16 15:00:00,TICKER_0372.JP,2111.15,2113.56,0.315,0.014,5209.01,True
2025-05-16,2025-05-16 08:30:00,2025-05-16 09:00:00,2025-05-16 15:00:00,TICKER_0409.JP,2143.74,2189.66,2.346,2.042,738321.71,True
2025-05-16,2025-05-16 08:30:00,2025-05-16 09:00:00,2025-05-16 15:00:00,TICKER_0446.JP,2222.6,2275.61,2.59,2.285,826272.03,True
2025-05-16,2025-05-16 08:30:00,2025-05-16 09:00:00,2025-05-16 15:00:00,TICKER_0483.JP,2327.98,2495.11,7.394,7.079,2559856.0,True
2025-05-16,2025-05-16 08:30:00,2025-05-16 09:00:00,2025-05-16 15:00:00,TICKER_0520.JP,2378.48,2340.86,-1.385,-1.682,-608066.0,False
2025-05-16,2025-05-16 08:30:00,2025-05-16 09:00:00,2025-05-16 15:00:00,TICKER_0557.JP,2537.19,2508.88,-0.918,-1.216,-439704.31,False
2025-05-19,2025-05-19 08:30:00,2025-05-19 09:00:00,2025-05-19 15:00:00,TICKER_0432.JP,1928.32,1929.92,0.283,-0.017,-6165.6,False
2025-05-19,2025-05-19 08:30:00,2025-05-19 09:00:00,2025-05-19 15:00:00,TICKER_0469.JP,2034.07,2072.1,2.073,1.769,644180.58,True
2025-05-19,2025-05-19 08:30:00,2025-05-19 09:00:00,2025-05-19 15:00:00,TICKER_0506.JP,2132.49,2163.1,1.639,1.336,486269.56,True
2025-05-19,2025-05-19 08:30:00,2025-05-19 09:00:00,2025-05-19 15:00:00,TICKER_0543.JP,2194.61,2198.3,0.369,0.068,24759.54,True
2025-05-19,2025-05-19 08:30:00,2025-05-19 09:00:00,2025-05-19 15:00:00,TICKER_0580.JP,2258.45,2349.43,4.237,3.929,1430292.43,True
2025-05-19,2025-05-19 08:30:00,2025-05-19 09:00:00,2025-05-19 15:00:00,TICKER_0617.JP,2365.01,2401.88,1.762,1.459,531076.01,True
2025-05-19,2025-05-19 08:30:00,2025-05-19 09:00:00,2025-05-19 15:00:00,TICKER_0654.JP,2448.6,2528.68,3.477,3.171,1154331.53,True
2025-05-19,2025-05-19 08:30:00,2025-05-19 09:00:00,2025-05-19 15:00:00,TICKER_0691.JP,2496.15,2630.53,5.594,5.283,1923505.1,True
2025-05-19,2025-05-19 08:30:00,2025-05-19 09:00:00,2025-05-19 15:00:00,TICKER_0728.JP,2616.85,2610.33,-0.05,-0.349,-127219.54,False
2025-05-19,2025-05-19 08:30:00,2025-05-19 09:00:00,2025-05-19 15:00:00,TICKER_0765.JP,2708.77,2819.81,4.308,3.999,1456072.35,True
2025-05-20,2025-05-20 08:30:00,2025-05-20 09:00:00,2025-05-20 15:00:00,TICKER_0100.JP,1580.93,1528.4,-3.129,-3.423,-1270569.11,False
2025-05-20,2025-05-20 08:30:00,2025-05-20 09:00:00,2025-05-20 15:00:00,TICKER_0137.JP,1692.01,1705.0,0.97,0.668,247938.44,True
2025-05-20,2025-05-20 08:30:00,2025-05-20 09:00:00,2025-05-20 15:00:00,TICKER_0174.JP,1777.16,1768.59,-0.283,-0.582,-216047.02,False
2025-05-20,2025-05-20 08:30:00,2025-05-20 09:00:00,2025-05-20 15:00:00,TICKER_0211.JP,1869.45,1901.99,1.944,1.641,609002.44,True
2025-05-20,2025-05-20 08:30:00,2025-05-20 09:00:00,2025-05-20 15:00:00,TICKER_0248.JP,1977.79,1992.38,0.939,0.638,236721.35,True
2025-05-20,2025-05-20 08:30:00,2025-05-20 09:00:00,2025-05-20 15:00:00,TICKER_0285.JP,2059.52,2020.95,-1.676,-1.973,-732339.27,False
2025-05-20,2025-05-20 08:30:00,2025-05-20 09:00:00,2025-05-20 15:00:00,TICKER_0322.JP,2118.2,2176.02,2.936,2.63,976290.89,True
2025-05-20,2025-05-20 08:30:00,2025-05-20 09:00:00,2025-05-20 15:00:00,TICKER_0359.JP,2223.14,2291.25,3.27,2.963,1100104.53,True
2025-05-20,2025-05-20 08:30:00,2025-05-20 09:00:00,2025-05-20 15:00:00,TICKER_0396.JP,2299.02,2341.47,2.05,1.746,648305.73,True
2025-05-20,2025-05-20 08:30:00,2025-05-20 09:00:00,2025-05-20 15:00:00,TICKER_0433.JP,2370.88,2383.9,0.751,0.449,166819.97,True
2025-05-21,2025-05-21 08:30:00,2025-05-21 09:00:00,2025-05-21 15:00:00,TICKER_0392.JP,1876.67,1885.02,0.646,0.345,128591.95,True
2025-05-21,2025-05-21 08:30:00,2025-05-21 09:00:00,2025-05-21 15:00:00,TICKER_0429.JP,2013.62,2039.08,1.467,1.164,434147.66,True
2025-05-21,2025-05-21 08:30:00,2025-05-21 09:00:00,2025-05-21 15:00:00,TICKER_0466.JP,2034.53,2102.83,3.564,3.257,1214406.45,True
2025-05-21,2025-05-21 08:30:00,2025-05-21 09:00:00,2025-05-21 15:00:00,TICKER_0503.JP,2173.18,2178.71,0.455,0.154,57567.35,True
2025-05-21,2025-05-21 08:30:00,2025-05-21 09:00:00,2025-05-21 15:00:00,TICKER_0540.JP,2261.33,2328.38,3.171,2.865,1068382.85,True
2025-05-21,2025-05-21 08:30:00,2025-05-21 09:00:00,2025-05-21 15:00:00,TICKER_0577.JP,2272.76,2369.79,4.478,4.169,1554664.61,True
2025-05-21,2025-05-21 08:30:00,2025-05-21 09:00:00,2025-05-21 15:00:00,TICKER_0614.JP,2423.6,2479.92,2.529,2.224,829201.11,True
2025-05-21,2025-05-21 08:30:00,2025-05-21 09:00:00,2025-05-21 15:00:00,TICKER_0651.JP,2471.19,2498.0,1.287,0.985,367280.18,True
2025-05-21,2025-05-21 08:30:00,2025-05-21 09:00:00,2025-05-21 15:00:00,TICKER_0688.JP,2591.66,2629.51,1.664,1.36,507293.42,True
2025-05-21,2025-05-21 08:30:00,2025-05-21 09:00:00,2025-05-21 15:00:00,TICKER_0725.JP,2715.26,2707.36,-0.091,-0.391,-145819.71,False
2025-05-22,2025-05-22 08:30:00,2025-05-22 09:00:00,2025-05-22 15:00:00,TICKER_0821.JP,1846.08,1874.68,1.752,1.449,548679.04,True
2025-05-22,2025-05-22 08:30:00,2025-05-22 09:00:00,2025-05-22 15:00:00,TICKER_0858.JP,1922.23,1961.79,2.262,1.958,741254.13,True
2025-05-22,2025-05-22 08:30:00,2025-05-22 09:00:00,2025-05-22 15:00:00,TICKER_0895.JP,1997.4,2080.71,4.38,4.071,1541341.99,True
2025-05-22,2025-05-22 08:30:00,2025-05-22 09:00:00,2025-05-22 15:00:00,TICKER_0932.JP,2086.07,2105.77,1.146,0.844,319650.85,True
2025-05-22,2025-05-22 08:30:00,2025-05-22 09:00:00,2025-05-22 15:00:00,TICKER_0969.JP,2203.44,2260.84,2.81,2.505,948357.09,True
2025-05-22,2025-05-22 08:30:00,2025-05-22 09:00:00,2025-05-22 15:00:00,TICKER_1006.JP,2273.18,2236.72,-1.407,-1.704,-645124.04,False
2025-05-22,2025-05-22 08:30:00,2025-05-22 09:00:00,2025-05-22 15:00:00,TICKER_1043.JP,2344.49,2347.73,0.339,0.038,14425.58,True
2025-05-22,2025-05-22 08:30:00,2025-05-22 09:00:00,2025-05-22 15:00:00,TICKER_1080.JP,2412.25,2445.27,1.572,1.269,480440.11,True
2025-05-22,2025-05-22 08:30:00,2025-05-22 09:00:00,2025-05-22 15:00:00,TICKER_1117.JP,2508.26,2430.11,-2.922,-3.216,-1217484.16,False
2025-05-22,2025-05-22 08:30:00,2025-05-22 09:00:00,2025-05-22 15:00:00,TICKER_1154.JP,2604.87,2667.83,2.622,2.317,877209.5,True
2025-05-23,2025-05-23 08:30:00,2025-05-23 09:00:00,2025-05-23 15:00:00,TICKER_0028.JP,1543.21,1575.62,2.305,2.0,764173.84,True
2025-05-23,2025-05-23 08:30:00,2025-05-23 09:00:00,2025-05-23 15:00:00,TICKER_0065.JP,1621.37,1656.46,2.369,2.064,788667.3,True
2025-05-23,2025-05-23 08:30:00,2025-05-23 09:00:00,2025-05-23 15:00:00,TICKER_0102.JP,1721.22,1693.85,-1.393,-1.69,-645597.87,False
2025-05-23,2025-05-23 08:30:00,2025-05-23 09:00:00,2025-05-23 15:00:00,TICKER_0139.JP,1811.03,1871.24,3.531,3.225,1231892.27,True
2025-05-23,2025-05-23 08:30:00,2025-05-23 09:00:00,2025-05-23 15:00:00,TICKER_0176.JP,1869.61,1865.87,0.0,-0.3,-114536.06,False
2025-05-23,2025-05-23 08:30:00,2025-05-23 09:00:00,2025-05-23 15:00:00,TICKER_0213.JP,1955.17,1954.53,0.167,-0.133,-50704.08,False
2025-05-23,2025-05-23 08:30:00,2025-05-23 09:00:00,2025-05-23 15:00:00,TICKER_0250.JP,2014.47,2079.65,3.442,3.135,1197844.12,True
2025-05-23,2025-05-23 08:30:00,2025-05-23 09:00:00,2025-05-23 15:00:00,TICKER_0287.JP,2179.7,2291.74,5.351,5.04,1925523.2,True
2025-05-23,2025-05-23 08:30:00,2025-05-23 09:00:00,2025-05-23 15:00:00,TICKER_0324.JP,2218.15,2289.63,3.429,3.123,1192965.28,True
2025-05-23,2025-05-23 08:30:00,2025-05-23 09:00:00,2025-05-23 15:00:00,TICKER_0361.JP,2276.98,2332.84,2.658,2.353,899038.42,True
2025-05-26,2025-05-26 08:30:00,2025-05-26 09:00:00,2025-05-26 15:00:00,TICKER_0492.JP,2004.4,2048.31,2.395,2.091,812950.68,True
2025-05-26,2025-05-26 08:30:00,2025-05-26 09:00:00,2025-05-26 15:00:00,TICKER_0529.JP,2095.12,2068.2,-1.087,-1.385,-538604.48,False
2025-05-26,2025-05-26 08:30:00,2025-05-26 09:00:00,2025-05-26 15:00:00,TICKER_0566.JP,2177.91,2220.6,2.164,1.86,723380.57,True
2025-05-26,2025-05-26 08:30:00,2025-05-26 09:00:00,2025-05-26 15:00:00,TICKER_0603.JP,2255.77,2256.2,0.219,-0.081,-31508.51,False
2025-05-26,2025-05-26 08:30:00,2025-05-26 09:00:00,2025-05-26 15:00:00,TICKER_0640.JP,2337.82,2407.13,3.171,2.865,1114094.96,True
2025-05-26,2025-05-26 08:30:00,2025-05-26 09:00:00,2025-05-26 15:00:00,TICKER_0677.JP,2414.62,2420.72,0.453,0.152,59266.27,True
2025-05-26,2025-05-26 08:30:00,2025-05-26 09:00:00,2025-05-26 15:00:00,TICKER_0714.JP,2476.07,2526.54,2.242,1.938,753709.95,True
2025-05-26,2025-05-26 08:30:00,2025-05-26 09:00:00,2025-05-26 15:00:00,TICKER_0751.JP,2587.04,2603.08,0.821,0.52,202215.6,True
2025-05-26,2025-05-26 08:30:00,2025-05-26 09:00:00,2025-05-26 15:00:00,TICKER_0788.JP,2672.42,2648.22,-0.707,-1.006,-391036.96,False
2025-05-26,2025-05-26 08:30:00,2025-05-26 09:00:00,2025-05-26 15:00:00,TICKER_0825.JP,2763.79,2706.5,-1.877,-2.173,-844972.63,False
2025-05-27,2025-05-27 08:30:00,2025-05-27 09:00:00,2025-05-27 15:00:00,TICKER_0260.JP,1741.32,1741.21,0.194,-0.106,-41588.2,False
2025-05-27,2025-05-27 08:30:00,2025-05-27 09:00:00,2025-05-27 15:00:00,TICKER_0297.JP,1876.48,1890.37,0.942,0.64,249948.63,True
2025-05-27,2025-05-27 08:30:00,2025-05-27 09:00:00,2025-05-27 15:00:00,TICKER_0334.JP,1951.11,1977.92,1.577,1.274,497726.4,True
2025-05-27,2025-05-27 08:30:00,2025-05-27 09:00:00,2025-05-27 15:00:00,TICKER_0371.JP,2051.48,2114.15,3.261,2.955,1154364.73,True
2025-05-27,2025-05-27 08:30:00,2025-05-27 09:00:00,2025-05-27 15:00:00,TICKER_0408.JP,2089.66,2095.91,0.5,0.199,77855.48,True
2025-05-27,2025-05-27 08:30:00,2025-05-27 09:00:00,2025-05-27 15:00:00,TICKER_0445.JP,2227.45,2279.57,2.545,2.24,875040.78,True
2025-05-27,2025-05-27 08:30:00,2025-05-27 09:00:00,2025-05-27 15:00:00,TICKER_0482.JP,2290.66,2318.53,1.419,1.117,436230.83,True
2025-05-27,2025-05-27 08:30:00,2025-05-27 09:00:00,2025-05-27 15:00:00,TICKER_0519.JP,2364.59,2389.85,1.27,0.968,378165.06,True
2025-05-27,2025-05-27 08:30:00,2025-05-27 09:00:00,2025-05-27 15:00:00,TICKER_0556.JP,2433.29,2466.81,1.581,1.278,499060.1,True
2025-05-27,2025-05-27 08:30:00,2025-05-27 09:00:00,2025-05-27 15:00:00,TICKER_0593.JP,2521.02,2640.78,4.96,4.65,1816615.31,True
2025-05-28,2025-05-28 08:30:00,2025-05-28 09:00:00,2025-05-28 15:00:00,TICKER_0269.JP,1764.73,1781.87,1.173,0.871,345114.37,True
2025-05-28,2025-05-28 08:30:00,2025-05-28 09:00:00,2025-05-28 15:00:00,TICKER_0306.JP,1865.48,1836.84,-1.338,-1.635,-648075.53,False
2025-05-28,2025-05-28 08:30:00,2025-05-28 09:00:00,2025-05-28 15:00:00,TICKER_0343.JP,1954.39,1945.52,-0.255,-0.554,-219479.8,False
2025-05-28,2025-05-28 08:30:00,2025-05-28 09:00:00,2025-05-28 15:00:00,TICKER_0380.JP,2009.46,1981.96,-1.171,-1.469,-581981.63,False
2025-05-28,2025-05-28 08:30:00,2025-05-28 09:00:00,2025-05-28 15:00:00,TICKER_0417.JP,2130.11,2154.06,1.327,1.025,406043.73,True
2025-05-28,2025-05-28 08:30:00,2025-05-28 09:00:00,2025-05-28 15:00:00,TICKER_0454.JP,2226.13,2260.86,1.763,1.46,578490.46,True
2025-05-28,2025-05-28 08:30:00,2025-05-28 09:00:00,2025-05-28 15:00:00,TICKER_0491.JP,2285.64,2286.14,0.222,-0.078,-30990.44,False
2025-05-28,2025-05-28 08:30:00,2025-05-28 09:00:00,2025-05-28 15:00:00,TICKER_0528.JP,2390.56,2454.3,2.872,2.567,1017076.44,True
2025-05-28,2025-05-28 08:30:00,2025-05-28 09:00:00,2025-05-28 15:00:00,TICKER_0565.JP,2485.83,2629.07,5.974,5.662,2243778.97,True
2025-05-28,2025-05-28 08:30:00,2025-05-28 09:00:00,2025-05-28 15:00:00,TICKER_0602.JP,2508.67,2594.51,3.629,3.322,1316457.8,True
2025-05-29,2025-05-29 08:30:00,2025-05-29 09:00:00,2025-05-29 15:00:00,TICKER_0291.JP,1802.6,1802.22,0.179,-0.121,-48598.56,False
2025-05-29,2025-05-29 08:30:00,2025-05-29 09:00:00,2025-05-29 15:00:00,TICKER_0328.JP,1903.71,1897.36,-0.134,-0.434,-173658.07,False
2025-05-29,2025-05-29 08:30:00,2025-05-29 09:00:00,2025-05-29 15:00:00,TICKER_0365.JP,1955.75,1983.79,1.637,1.334,534148.1,True
2025-05-29,2025-05-29 08:30:00,2025-05-29 09:00:00,2025-05-29 15:00:00,TICKER_0402.JP,2056.72,2104.12,2.509,2.205,882914.59,True
2025-05-29,2025-05-29 08:30:00,2025-05-29 09:00:00,2025-05-29 15:00:00,TICKER_0439.JP,2129.82,2133.41,0.369,0.069,27584.25,True
2025-05-29,2025-05-29 08:30:00,2025-05-29 09:00:00,2025-05-29 15:00:00,TICKER_0476.JP,2226.83,2313.66,4.107,3.799,1521549.92,True
2025-05-29,2025-05-29 08:30:00,2025-05-29 09:00:00,2025-05-29 15:00:00,TICKER_0513.JP,2316.66,2343.21,1.349,1.046,418930.79,True
2025-05-29,2025-05-29 08:30:00,2025-05-29 09:00:00,2025-05-29 15:00:00,TICKER_0550.JP,2398.61,2384.53,-0.388,-0.687,-275024.26,False
2025-05-29,2025-05-29 08:30:00,2025-05-29 09:00:00,2025-05-29 15:00:00,TICKER_0587.JP,2462.57,2473.18,0.632,0.331,132570.85,True
2025-05-29,2025-05-29 08:30:00,2025-05-29 09:00:00,2025-05-29 15:00:00,TICKER_0624.JP,2533.2,2525.6,-0.1,-0.4,-160182.92,False
2025-05-30,2025-05-30 08:30:00,2025-05-30 09:00:00,2025-05-30 15:00:00,TICKER_0855.JP,1875.67,1929.03,3.05,2.745,1106635.98,True
2025-05-30,2025-05-30 08:30:00,2025-05-30 09:00:00,2025-05-30 15:00:00,TICKER_0892.JP,1963.16,1939.78,-0.993,-1.291,-520573.53,False
2025-05-30,2025-05-30 08:30:00,2025-05-30 09:00:00,2025-05-30 15:00:00,TICKER_0929.JP,2051.15,2111.99,3.172,2.866,1155583.46,True
2025-05-30,2025-05-30 08:30:00,2025-05-30 09:00:00,2025-05-30 15:00:00,TICKER_0966.JP,2137.04,2131.97,-0.038,-0.338,-136148.67,False
2025-05-30,2025-05-30 08:30:00,2025-05-30 09:00:00,2025-05-30 15:00:00,TICKER_1003.JP,2224.14,2176.52,-1.945,-2.241,-903616.7,False
2025-05-30,2025-05-30 08:30:00,2025-05-30 09:00:00,2025-05-30 15:00:00,TICKER_1040.JP,2272.68,2362.33,4.153,3.844,1550108.93,True
2025-05-30,2025-05-30 08:30:00,2025-05-30 09:00:00,2025-05-30 15:00:00,TICKER_1077.JP,2383.22,2392.78,0.602,0.301,121487.97,True
2025-05-30,2025-05-30 08:30:00,2025-05-30 09:00:00,2025-05-30 15:00:00,TICKER_1114.JP,2455.21,2537.01,3.538,3.232,1302998.28,True
2025-05-30,2025-05-30 08:30:00,2025-05-30 09:00:00,2025-05-30 15:00:00,TICKER_1151.JP,2559.87,2639.29,3.309,3.003,1210640.47,True
2025-05-30,2025-05-30 08:30:00,2025-05-30 09:00:00,2025-05-30 15:00:00,TICKER_1188.JP,2631.1,2644.38,0.706,0.405,163259.48,True
2025-06-02,2025-06-02 08:30:00,2025-06-02 09:00:00,2025-06-02 15:00:00,TICKER_0740.JP,1740.65,1798.92,3.555,3.248,1325043.57,True
2025-06-02,2025-06-02 08:30:00,2025-06-02 09:00:00,2025-06-02 15:00:00,TICKER_0777.JP,1796.18,1809.5,0.943,0.641,261634.5,True
2025-06-02,2025-06-02 08:30:00,2025-06-02 09:00:00,2025-06-02 15:00:00,TICKER_0814.JP,1903.18,1946.6,2.486,2.181,890041.36,True
2025-06-02,2025-06-02 08:30:00,2025-06-02 09:00:00,2025-06-02 15:00:00,TICKER_0851.JP,1975.32,1994.69,1.183,0.881,359287.13,True
2025-06-02,2025-06-02 08:30:00,2025-06-02 09:00:00,2025-06-02 15:00:00,TICKER_0888.JP,2089.03,2111.87,1.296,0.993,405265.53,True
2025-06-02,2025-06-02 08:30:00,2025-06-02 09:00:00,2025-06-02 15:00:00,TICKER_0925.JP,2181.57,2158.44,-0.862,-1.16,-473384.86,False
2025-06-02,2025-06-02 08:30:00,2025-06-02 09:00:00,2025-06-02 15:00:00,TICKER_0962.JP,2243.52,2268.82,1.33,1.028,419259.24,True
2025-06-02,2025-06-02 08:30:00,2025-06-02 09:00:00,2025-06-02 15:00:00,TICKER_0999.JP,2388.77,2400.78,0.704,0.403,164339.3,True
2025-06-02,2025-06-02 08:30:00,2025-06-02 09:00:00,2025-06-02 15:00:00,TICKER_1036.JP,2446.08,2454.76,0.556,0.255,103966.7,True
2025-06-02,2025-06-02 08:30:00,2025-06-02 09:00:00,2025-06-02 15:00:00,TICKER_1073.JP,2541.53,2555.77,0.762,0.46,187844.3,True
2025-06-03,2025-06-03 08:30:00,2025-06-03 09:00:00,2025-06-03 15:00:00,TICKER_0012.JP,1508.91,1554.15,3.205,2.899,1192694.66,True
2025-06-03,2025-06-03 08:30:00,2025-06-03 09:00:00,2025-06-03 15:00:00,TICKER_0049.JP,1582.97,1602.1,1.411,1.108,455971.43,True
2025-06-03,2025-06-03 08:30:00,2025-06-03 09:00:00,2025-06-03 15:00:00,TICKER_0086.JP,1701.2,1678.98,-1.109,-1.406,-578580.41,False
2025-06-03,2025-06-03 08:30:00,2025-06-03 09:00:00,2025-06-03 15:00:00,TICKER_0123.JP,1800.37,1797.26,0.027,-0.273,-112169.84,False
2025-06-03,2025-06-03 08:30:00,2025-06-03 09:00:00,2025-06-03 15:00:00,TICKER_0160.JP,1900.39,1979.3,4.361,4.052,1667389.08,True
2025-06-03,2025-06-03 08:30:00,2025-06-03 09:00:00,2025-06-03 15:00:00,TICKER_0197.JP,1957.39,1973.43,1.022,0.72,296225.51,True
2025-06-03,2025-06-03 08:30:00,2025-06-03 09:00:00,2025-06-03 15:00:00,TICKER_0234.JP,2045.82,2113.77,3.528,3.221,1325500.83,True
2025-06-03,2025-06-03 08:30:00,2025-06-03 09:00:00,2025-06-03 15:00:00,TICKER_0271.JP,2126.73,2095.4,-1.276,-1.573,-647337.48,False
2025-06-03,2025-06-03 08:30:00,2025-06-03 09:00:00,2025-06-03 15:00:00,TICKER_0308.JP,2189.21,2167.05,-0.814,-1.112,-457576.84,False
2025-06-03,2025-06-03 08:30:00,2025-06-03 09:00:00,2025-06-03 15:00:00,TICKER_0345.JP,2299.99,2336.07,1.772,1.469,604390.38,True
2025-06-04,2025-06-04 08:30:00,2025-06-04 09:00:00,2025-06-04 15:00:00,TICKER_0900.JP,1918.96,1931.72,0.866,0.565,234450.84,True
2025-06-04,2025-06-04 08:30:00,2025-06-04 09:00:00,2025-06-04 15:00:00,TICKER_0937.JP,2008.61,2015.93,0.566,0.265,109858.23,True
2025-06-04,2025-06-04 08:30:00,2025-06-04 09:00:00,2025-06-04 15:00:00,TICKER_0974.JP,2067.3,2036.89,-1.273,-1.571,-651887.82,False
2025-06-04,2025-06-04 08:30:00,2025-06-04 09:00:00,2025-06-04 15:00:00,TICKER_1011.JP,2185.64,2193.46,0.559,0.258,107005.59,True
2025-06-04,2025-06-04 08:30:00,2025-06-04 09:00:00,2025-06-04 15:00:00,TICKER_1048.JP,2309.59,2318.87,0.603,0.302,125283.26,True
2025-06-04,2025-06-04 08:30:00,2025-06-04 09:00:00,2025-06-04 15:00:00,TICKER_1085.JP,2357.03,2321.47,-1.312,-1.609,-667788.62,False
2025-06-04,2025-06-04 08:30:00,2025-06-04 09:00:00,2025-06-04 15:00:00,TICKER_1122.JP,2472.03,2507.75,1.648,1.345,558196.93,True
2025-06-04,2025-06-04 08:30:00,2025-06-04 09:00:00,2025-06-04 15:00:00,TICKER_1159.JP,2483.56,2454.8,-0.96,-1.258,-522079.0,False
2025-06-04,2025-06-04 08:30:00,2025-06-04 09:00:00,2025-06-04 15:00:00,TICKER_1196.JP,2580.61,2493.69,-3.175,-3.468,-1439293.98,False
2025-06-04,2025-06-04 08:30:00,2025-06-04 09:00:00,2025-06-04 15:00:00,TICKER_1233.JP,2716.74,2743.15,1.174,0.872,361951.95,True
2025-06-05,2025-06-05 08:30:00,2025-06-05 09:00:00,2025-06-05 15:00:00,TICKER_0658.JP,1692.41,1695.65,0.392,0.092,37843.16,True
2025-06-05,2025-06-05 08:30:00,2025-06-05 09:00:00,2025-06-05 15:00:00,TICKER_0695.JP,1754.79,1814.01,3.582,3.275,1353579.61,True
2025-06-05,2025-06-05 08:30:00,2025-06-05 09:00:00,2025-06-05 15:00:00,TICKER_0732.JP,1844.32,1915.74,4.08,3.772,1559250.53,True
2025-06-05,2025-06-05 08:30:00,2025-06-05 09:00:00,2025-06-05 15:00:00,TICKER_0769.JP,1899.83,1939.22,2.278,1.973,815661.38,True
2025-06-05,2025-06-05 08:30:00,2025-06-05 09:00:00,2025-06-05 15:00:00,TICKER_0806.JP,2002.35,2048.59,2.514,2.209,913142.27,True
2025-06-05,2025-06-05 08:30:00,2025-06-05 09:00:00,2025-06-05 15:00:00,TICKER_0843.JP,2108.89,2086.76,-0.851,-1.149,-474982.15,False
2025-06-05,2025-06-05 08:30:00,2025-06-05 09:00:00,2025-06-05 15:00:00,TICKER_0880.JP,2178.22,2148.59,-1.163,-1.46,-603518.5,False
2025-06-05,2025-06-05 08:30:00,2025-06-05 09:00:00,2025-06-05 15:00:00,TICKER_0917.JP,2214.98,2209.08,-0.067,-0.367,-151506.29,False
2025-06-05,2025-06-05 08:30:00,2025-06-05 09:00:00,2025-06-05 15:00:00,TICKER_0954.JP,2339.5,2385.0,2.149,1.845,762631.96,True
2025-06-05,2025-06-05 08:30:00,2025-06-05 09:00:00,2025-06-05 15:00:00,TICKER_0991.JP,2431.88,2423.0,-0.165,-0.465,-192172.97,False
2025-06-06,2025-06-06 08:30:00,2025-06-06 09:00:00,2025-06-06 15:00:00,TICKER_0803.JP,1797.0,1864.18,3.947,3.639,1517981.51,True
2025-06-06,2025-06-06 08:30:00,2025-06-06 09:00:00,2025-06-06 15:00:00,TICKER_0840.JP,1886.57,1912.06,1.554,1.251,521713.49,True
2025-06-06,2025-06-06 08:30:00,2025-06-06 09:00:00,2025-06-06 15:00:00,TICKER_0877.JP,1974.54,2058.37,4.454,4.145,1729241.41,True
2025-06-06,2025-06-06 08:30:00,2025-06-06 09:00:00,2025-06-06 15:00:00,TICKER_0914.JP,2099.91,2067.07,-1.367,-1.664,-694023.25,False
2025-06-06,2025-06-06 08:30:00,2025-06-06 09:00:00,2025-06-06 15:00:00,TICKER_0951.JP,2154.57,2131.25,-0.885,-1.183,-493327.22,False
2025-06-06,2025-06-06 08:30:00,2025-06-06 09:00:00,2025-06-06 15:00:00,TICKER_0988.JP,2237.13,2261.33,1.284,0.981,409373.11,True
2025-06-06,2025-06-06 08:30:00,2025-06-06 09:00:00,2025-06-06 15:00:00,TICKER_1025.JP,2321.09,2379.65,2.728,2.423,1010716.56,True
2025-06-06,2025-06-06 08:30:00,2025-06-06 09:00:00,2025-06-06 15:00:00,TICKER_1062.JP,2439.37,2457.11,0.929,0.627,261711.02,True
2025-06-06,2025-06-06 08:30:00,2025-06-06 09:00:00,2025-06-06 15:00:00,TICKER_1099.JP,2487.28,2507.13,1.0,0.698,291119.61,True
2025-06-06,2025-06-06 08:30:00,2025-06-06 09:00:00,2025-06-06 15:00:00,TICKER_1136.JP,2592.9,2661.79,2.862,2.557,1066517.37,True
2025-06-09,2025-06-09 08:30:00,2025-06-09 09:00:00,2025-06-09 15:00:00,TICKER_0316.JP,1801.81,1841.85,2.427,2.122,896521.88,True
2025-06-09,2025-06-09 08:30:00,2025-06-09 09:00:00,2025-06-09 15:00:00,TICKER_0353.JP,1895.72,1902.26,0.545,0.245,103326.03,True
2025-06-09,2025-06-09 08:30:00,2025-06-09 09:00:00,2025-06-09 15:00:00,TICKER_0390.JP,1994.19,2022.97,1.646,1.343,567329.98,True
2025-06-09,2025-06-09 08:30:00,2025-06-09 09:00:00,2025-06-09 15:00:00,TICKER_0427.JP,2049.63,2042.8,-0.134,-0.433,-183084.98,False
2025-06-09,2025-06-09 08:30:00,2025-06-09 09:00:00,2025-06-09 15:00:00,TICKER_0464.JP,2195.68,2260.49,3.158,2.851,1204689.74,True
2025-06-09,2025-06-09 08:30:00,2025-06-09 09:00:00,2025-06-09 15:00:00,TICKER_0501.JP,2256.71,2259.54,0.326,0.025,10615.5,True
2025-06-09,2025-06-09 08:30:00,2025-06-09 09:00:00,2025-06-09 15:00:00,TICKER_0538.JP,2334.11,2435.63,4.558,4.249,1795326.66,True
2025-06-09,2025-06-09 08:30:00,2025-06-09 09:00:00,2025-06-09 15:00:00,TICKER_0575.JP,2432.42,2428.75,0.049,-0.251,-106013.55,False
2025-06-09,2025-06-09 08:30:00,2025-06-09 09:00:00,2025-06-09 15:00:00,TICKER_0612.JP,2472.53,2464.9,-0.109,-0.408,-172580.87,False
2025-06-09,2025-06-09 08:30:00,2025-06-09 09:00:00,2025-06-09 15:00:00,TICKER_0649.JP,2600.68,2722.38,4.889,4.58,1934915.98,True
2025-06-10,2025-06-10 08:30:00,2025-06-10 09:00:00,2025-06-10 15:00:00,TICKER_0729.JP,1732.97,1728.49,-0.059,-0.359,-153565.59,False
2025-06-10,2025-06-10 08:30:00,2025-06-10 09:00:00,2025-06-10 15:00:00,TICKER_0766.JP,1846.08,1895.08,2.86,2.554,1093802.45,True
2025-06-10,2025-06-10 08:30:00,2025-06-10 09:00:00,2025-06-10 15:00:00,TICKER_0803.JP,1894.27,1936.75,2.447,2.142,917494.23,True
2025-06-10,2025-06-10 08:30:00,2025-06-10 09:00:00,2025-06-10 15:00:00,TICKER_0840.JP,1992.72,2041.43,2.649,2.344,1003866.45,True
2025-06-10,2025-06-10 08:30:00,2025-06-10 09:00:00,2025-06-10 15:00:00,TICKER_0877.JP,2083.53,2133.09,2.584,2.279,975871.42,True
2025-06-10,2025-06-10 08:30:00,2025-06-10 09:00:00,2025-06-10 15:00:00,TICKER_0914.JP,2181.65,2170.27,-0.323,-0.622,-266239.56,False
2025-06-10,2025-06-10 08:30:00,2025-06-10 09:00:00,2025-06-10 15:00:00,TICKER_0951.JP,2265.33,2318.68,2.56,2.255,965623.4,True
2025-06-10,2025-06-10 08:30:00,2025-06-10 09:00:00,2025-06-10 15:00:00,TICKER_0988.JP,2335.2,2334.42,0.167,-0.133,-57120.76,False
2025-06-10,2025-06-10 08:30:00,2025-06-10 09:00:00,2025-06-10 15:00:00,TICKER_1025.JP,2440.02,2483.17,1.972,1.669,714601.54,True
2025-06-10,2025-06-10 08:30:00,2025-06-10 09:00:00,2025-06-10 15:00:00,TICKER_1062.JP,2491.92,2524.45,1.508,1.206,516266.52,True
2025-06-11,2025-06-11 08:30:00,2025-06-11 09:00:00,2025-06-11 15:00:00,TICKER_0939.JP,1933.38,1949.47,1.034,0.732,317471.73,True
2025-06-11,2025-06-11 08:30:00,2025-06-11 09:00:00,2025-06-11 15:00:00,TICKER_0976.JP,2027.59,2010.91,-0.624,-0.923,-400086.96,False
2025-06-11,2025-06-11 08:30:00,2025-06-11 09:00:00,2025-06-11 15:00:00,TICKER_1013.JP,2132.27,2188.43,2.839,2.534,1098802.2,True
2025-06-11,2025-06-11 08:30:00,2025-06-11 09:00:00,2025-06-11 15:00:00,TICKER_1050.JP,2221.68,2245.37,1.269,0.966,419108.89,True
2025-06-11,2025-06-11 08:30:00,2025-06-11 09:00:00,2025-06-11 15:00:00,TICKER_1087.JP,2309.3,2236.78,-2.946,-3.24,-1405140.83,False
2025-06-11,2025-06-11 08:30:00,2025-06-11 09:00:00,2025-06-11 15:00:00,TICKER_1124.JP,2413.76,2483.7,3.104,2.798,1213235.72,True
2025-06-11,2025-06-11 08:30:00,2025-06-11 09:00:00,2025-06-11 15:00:00,TICKER_1161.JP,2460.96,2463.55,0.306,0.005,2370.49,True
2025-06-11,2025-06-11 08:30:00,2025-06-11 09:00:00,2025-06-11 15:00:00,TICKER_1198.JP,2521.0,2575.12,2.351,2.047,887670.94,True
2025-06-11,2025-06-11 08:30:00,2025-06-11 09:00:00,2025-06-11 15:00:00,TICKER_1235.JP,2579.07,2701.52,4.958,4.648,2015579.41,True
2025-06-11,2025-06-11 08:30:00,2025-06-11 09:00:00,2025-06-11 15:00:00,TICKER_1272.JP,2688.42,2701.45,0.686,0.385,166819.5,True
2025-06-12,2025-06-12 08:30:00,2025-06-12 09:00:00,2025-06-12 15:00:00,TICKER_0901.JP,1909.13,1915.32,0.525,0.225,98287.21,True
2025-06-12,2025-06-12 08:30:00,2025-06-12 09:00:00,2025-06-12 15:00:00,TICKER_0938.JP,2018.84,2015.18,0.019,-0.281,-123009.45,False
2025-06-12,2025-06-12 08:30:00,2025-06-12 09:00:00,2025-06-12 15:00:00,TICKER_0975.JP,2091.12,2164.14,3.699,3.392,1484946.32,True
2025-06-12,2025-06-12 08:30:00,2025-06-12 09:00:00,2025-06-12 15:00:00,TICKER_1012.JP,2204.39,2207.51,0.342,0.041,18144.78,True
2025-06-12,2025-06-12 08:30:00,2025-06-12 09:00:00,2025-06-12 15:00:00,TICKER_1049.JP,2240.65,2241.15,0.222,-0.078,-34042.71,False
2025-06-12,2025-06-12 08:30:00,2025-06-12 09:00:00,2025-06-12 15:00:00,TICKER_1086.JP,2327.85,2319.13,-0.175,-0.474,-207702.72,False
2025-06-12,2025-06-12 08:30:00,2025-06-12 09:00:00,2025-06-12 15:00:00,TICKER_1123.JP,2416.31,2347.18,-2.667,-2.961,-1296261.43,False
2025-06-12,2025-06-12 08:30:00,2025-06-12 09:00:00,2025-06-12 15:00:00,TICKER_1160.JP,2499.69,2505.96,0.452,0.151,66104.22,True
2025-06-12,2025-06-12 08:30:00,2025-06-12 09:00:00,2025-06-12 15:00:00,TICKER_1197.JP,2576.89,2593.26,0.837,0.535,234313.69,True
2025-06-12,2025-06-12 08:30:00,2025-06-12 09:00:00,2025-06-12 15:00:00,TICKER_1234.JP,2712.13,2828.34,4.494,4.185,1831947.04,True
2025-06-13,2025-06-13 08:30:00,2025-06-13 09:00:00,2025-06-13 15:00:00,TICKER_0134.JP,1643.13,1680.82,2.498,2.194,964570.85,True
2025-06-13,2025-06-13 08:30:00,2025-06-13 09:00:00,2025-06-13 15:00:00,TICKER_0171.JP,1758.74,1756.44,0.069,-0.231,-101358.68,False
2025-06-13,2025-06-13 08:30:00,2025-06-13 09:00:00,2025-06-13 15:00:00,TICKER_0208.JP,1812.9,1817.09,0.432,0.131,57658.07,True
2025-06-13,2025-06-13 08:30:00,2025-06-13 09:00:00,2025-06-13 15:00:00,TICKER_0245.JP,1908.38,1872.93,-1.661,-1.958,-860846.44,False
2025-06-13,2025-06-13 08:30:00,2025-06-13 09:00:00,2025-06-13 15:00:00,TICKER_0282.JP,1990.15,1998.81,0.636,0.335,147395.7,True
2025-06-13,2025-06-13 08:30:00,2025-06-13 09:00:00,2025-06-13 15:00:00,TICKER_0319.JP,2069.44,2046.09,-0.93,-1.228,-540037.49,False
2025-06-13,2025-06-13 08:30:00,2025-06-13 09:00:00,2025-06-13 15:00:00,TICKER_0356.JP,2175.92,2162.28,-0.428,-0.727,-319788.4,False
2025-06-13,2025-06-13 08:30:00,2025-06-13 09:00:00,2025-06-13 15:00:00,TICKER_0393.JP,2240.3,2356.62,5.403,5.092,2239240.94,True
2025-06-13,2025-06-13 08:30:00,2025-06-13 09:00:00,2025-06-13 15:00:00,TICKER_0430.JP,2303.18,2321.47,0.996,0.694,305136.47,True
2025-06-13,2025-06-13 08:30:00,2025-06-13 09:00:00,2025-06-13 15:00:00,TICKER_0467.JP,2402.13,2462.56,2.721,2.416,1062346.94,True
2025-06-16,2025-06-16 08:30:00,2025-06-16 09:00:00,2025-06-16 15:00:00,TICKER_1000.JP,1994.58,2035.9,2.276,1.972,872500.21,True
2025-06-16,2025-06-16 08:30:00,2025-06-16 09:00:00,2025-06-16 15:00:00,TICKER_1037.JP,2071.86,2049.19,-0.896,-1.194,-528494.09,False
2025-06-16,2025-06-16 08:30:00,2025-06-16 09:00:00,2025-06-16 15:00:00,TICKER_1074.JP,2188.18,2335.57,6.95,6.636,2936690.28,True
2025-06-16,2025-06-16 08:30:00,2025-06-16 09:00:00,2025-06-16 15:00:00,TICKER_1111.JP,2248.88,2241.45,-0.131,-0.43,-190468.76,False
2025-06-16,2025-06-16 08:30:00,2025-06-16 09:00:00,2025-06-16 15:00:00,TICKER_1148.JP,2377.83,2455.54,3.475,3.168,1402130.29,True
2025-06-16,2025-06-16 08:30:00,2025-06-16 09:00:00,2025-06-16 15:00:00,TICKER_1185.JP,2391.61,2434.75,2.008,1.704,754064.65,True
2025-06-16,2025-06-16 08:30:00,2025-06-16 09:00:00,2025-06-16 15:00:00,TICKER_1222.JP,2505.37,2601.87,4.059,3.751,1660148.06,True
2025-06-16,2025-06-16 08:30:00,2025-06-16 09:00:00,2025-06-16 15:00:00,TICKER_1259.JP,2619.88,2595.79,-0.721,-1.019,-451097.36,False
2025-06-16,2025-06-16 08:30:00,2025-06-16 09:00:00,2025-06-16 15:00:00,TICKER_1296.JP,2717.29,2654.29,-2.123,-2.419,-1070294.13,False
2025-06-16,2025-06-16 08:30:00,2025-06-16 09:00:00,2025-06-16 15:00:00,TICKER_1333.JP,2737.57,2738.63,0.239,-0.062,-27218.91,False
2025-06-17,2025-06-17 08:30:00,2025-06-17 09:00:00,2025-06-17 15:00:00,TICKER_0515.JP,1490.03,1479.72,-0.493,-0.792,-354483.25,False
2025-06-17,2025-06-17 08:30:00,2025-06-17 09:00:00,2025-06-17 15:00:00,TICKER_0552.JP,1598.21,1598.17,0.198,-0.102,-45781.69,False
2025-06-17,2025-06-17 08:30:00,2025-06-17 09:00:00,2025-06-17 15:00:00,TICKER_0589.JP,1688.0,1644.5,-2.382,-2.677,-1198107.92,False
2025-06-17,2025-06-17 08:30:00,2025-06-17 09:00:00,2025-06-17 15:00:00,TICKER_0626.JP,1799.13,1825.39,1.663,1.36,608728.48,True
2025-06-17,2025-06-17 08:30:00,2025-06-17 09:00:00,2025-06-17 15:00:00,TICKER_0663.JP,1873.09,1899.72,1.625,1.322,591567.74,True
2025-06-17,2025-06-17 08:30:00,2025-06-17 09:00:00,2025-06-17 15:00:00,TICKER_0700.JP,1952.3,1925.19,-1.191,-1.488,-666288.57,False
2025-06-17,2025-06-17 08:30:00,2025-06-17 09:00:00,2025-06-17 15:00:00,TICKER_0737.JP,2039.87,1991.49,-2.176,-2.472,-1106439.77,False
2025-06-17,2025-06-17 08:30:00,2025-06-17 09:00:00,2025-06-17 15:00:00,TICKER_0774.JP,2123.43,2175.74,2.669,2.364,1057968.58,True
2025-06-17,2025-06-17 08:30:00,2025-06-17 09:00:00,2025-06-17 15:00:00,TICKER_0811.JP,2188.87,2221.03,1.672,1.369,612917.03,True
2025-06-17,2025-06-17 08:30:00,2025-06-17 09:00:00,2025-06-17 15:00:00,TICKER_0848.JP,2312.43,2336.58,1.247,0.944,422738.3,True
2025-06-18,2025-06-18 08:30:00,2025-06-18 09:00:00,2025-06-18 15:00:00,TICKER_0023.JP,1531.9,1507.96,-1.366,-1.663,-744172.77,False
2025-06-18,2025-06-18 08:30:00,2025-06-18 09:00:00,2025-06-18 15:00:00,TICKER_0060.JP,1639.33,1640.92,0.297,-0.003,-1353.52,False
2025-06-18,2025-06-18 08:30:00,2025-06-18 09:00:00,2025-06-18 15:00:00,TICKER_0097.JP,1705.85,1681.5,-1.231,-1.528,-683803.39,False
2025-06-18,2025-06-18 08:30:00,2025-06-18 09:00:00,2025-06-18 15:00:00,TICKER_0134.JP,1777.54,1768.07,-0.333,-0.633,-283083.65,False
2025-06-18,2025-06-18 08:30:00,2025-06-18 09:00:00,2025-06-18 15:00:00,TICKER_0171.JP,1882.5,1910.59,1.695,1.392,622994.81,True
2025-06-18,2025-06-18 08:30:00,2025-06-18 09:00:00,2025-06-18 15:00:00,TICKER_0208.JP,1939.39,2011.33,3.917,3.609,1615392.4,True
2025-06-18,2025-06-18 08:30:00,2025-06-18 09:00:00,2025-06-18 15:00:00,TICKER_0245.JP,2053.29,2099.18,2.44,2.135,955450.29,True
2025-06-18,2025-06-18 08:30:00,2025-06-18 09:00:00,2025-06-18 15:00:00,TICKER_0282.JP,2144.69,2229.9,4.181,3.873,1733308.39,True
2025-06-18,2025-06-18 08:30:00,2025-06-18 09:00:00,2025-06-18 15:00:00,TICKER_0319.JP,2250.49,2277.47,1.402,1.099,491835.38,True
2025-06-18,2025-06-18 08:30:00,2025-06-18 09:00:00,2025-06-18 15:00:00,TICKER_0356.JP,2351.5,2448.99,4.354,4.046,1810733.18,True
2025-06-19,2025-06-19 08:30:00,2025-06-19 09:00:00,2025-06-19 15:00:00,TICKER_0683.JP,1692.84,1680.26,-0.545,-0.843,-381847.99,False
2025-06-19,2025-06-19 08:30:00,2025-06-19 09:00:00,2025-06-19 15:00:00,TICKER_0720.JP,1797.49,1805.54,0.649,0.348,157679.3,True
2025-06-19,2025-06-19 08:30:00,2025-06-19 09:00:00,2025-06-19 15:00:00,TICKER_0757.JP,1857.95,1856.06,0.099,-0.201,-91194.33,False
2025-06-19,2025-06-19 08:30:00,2025-06-19 09:00:00,2025-06-19 15:00:00,TICKER_0794.JP,1923.3,1978.89,3.096,2.79,1263402.11,True
2025-06-19,2025-06-19 08:30:00,2025-06-19 09:00:00,2025-06-19 15:00:00,TICKER_0831.JP,2025.34,2087.86,3.293,2.987,1352375.08,True
2025-06-19,2025-06-19 08:30:00,2025-06-19 09:00:00,2025-06-19 15:00:00,TICKER_0868.JP,2119.48,2106.71,-0.403,-0.702,-318010.53,False
2025-06-19,2025-06-19 08:30:00,2025-06-19 09:00:00,2025-06-19 15:00:00,TICKER_0905.JP,2188.06,2118.79,-2.972,-3.266,-1478684.4,False
2025-06-19,2025-06-19 08:30:00,2025-06-19 09:00:00,2025-06-19 15:00:00,TICKER_0942.JP,2299.59,2255.32,-1.729,-2.025,-916868.21,False
2025-06-19,2025-06-19 08:30:00,2025-06-19 09:00:00,2025-06-19 15:00:00,TICKER_0979.JP,2376.4,2418.24,1.964,1.66,751842.78,True
2025-06-19,2025-06-19 08:30:00,2025-06-19 09:00:00,2025-06-19 15:00:00,TICKER_1016.JP,2480.9,2505.11,1.178,0.876,396656.16,True
2025-06-20,2025-06-20 08:30:00,2025-06-20 09:00:00,2025-06-20 15:00:00,TICKER_0284.JP,1801.7,1865.14,3.729,3.421,1551535.66,True
2025-06-20,2025-06-20 08:30:00,2025-06-20 09:00:00,2025-06-20 15:00:00,TICKER_0321.JP,1863.02,1927.01,3.642,3.335,1512284.64,True
2025-06-20,2025-06-20 08:30:00,2025-06-20 09:00:00,2025-06-20 15:00:00,TICKER_0358.JP,1982.57,2006.62,1.416,1.113,504789.4,True
2025-06-20,2025-06-20 08:30:00,2025-06-20 09:00:00,2025-06-20 15:00:00,TICKER_0395.JP,2075.33,2113.61,2.048,1.745,791153.25,True
2025-06-20,2025-06-20 08:30:00,2025-06-20 09:00:00,2025-06-20 15:00:00,TICKER_0432.JP,2154.52,2158.15,0.369,0.068,31000.15,True
2025-06-20,2025-06-20 08:30:00,2025-06-20 09:00:00,2025-06-20 15:00:00,TICKER_0469.JP,2232.69,2245.26,0.764,0.463,210008.11,True
2025-06-20,2025-06-20 08:30:00,2025-06-20 09:00:00,2025-06-20 15:00:00,TICKER_0506.JP,2298.69,2341.49,2.066,1.762,799022.15,True
2025-06-20,2025-06-20 08:30:00,2025-06-20 09:00:00,2025-06-20 15:00:00,TICKER_0543.JP,2362.92,2364.24,0.256,-0.044,-19961.53,False
2025-06-20,2025-06-20 08:30:00,2025-06-20 09:00:00,2025-06-20 15:00:00,TICKER_0580.JP,2472.1,2451.75,-0.625,-0.923,-418730.21,False
2025-06-20,2025-06-20 08:30:00,2025-06-20 09:00:00,2025-06-20 15:00:00,TICKER_0617.JP,2599.23,2663.66,2.684,2.379,1078901.43,True
2025-06-23,2025-06-23 08:30:00,2025-06-23 09:00:00,2025-06-23 15:00:00,TICKER_0272.JP,1803.93,1822.86,1.251,0.949,435809.94,True
2025-06-23,2025-06-23 08:30:00,2025-06-23 09:00:00,2025-06-23 15:00:00,TICKER_0309.JP,1857.66,1904.48,2.726,2.421,1111710.02,True
2025-06-23,2025-06-23 08:30:00,2025-06-23 09:00:00,2025-06-23 15:00:00,TICKER_0346.JP,1955.9,1925.82,-1.341,-1.638,-752220.03,False
2025-06-23,2025-06-23 08:30:00,2025-06-23 09:00:00,2025-06-23 15:00:00,TICKER_0383.JP,2035.16,2017.09,-0.69,-0.988,-453721.28,False
2025-06-23,2025-06-23 08:30:00,2025-06-23 09:00:00,2025-06-23 15:00:00,TICKER_0420.JP,2146.82,2165.19,1.058,0.756,346990.08,True
2025-06-23,2025-06-23 08:30:00,2025-06-23 09:00:00,2025-06-23 15:00:00,TICKER_0457.JP,2168.89,2246.91,3.805,3.497,1606131.39,True
2025-06-23,2025-06-23 08:30:00,2025-06-23 09:00:00,2025-06-23 15:00:00,TICKER_0494.JP,2256.79,2370.55,5.251,4.94,2268812.8,True
2025-06-23,2025-06-23 08:30:00,2025-06-23 09:00:00,2025-06-23 15:00:00,TICKER_0531.JP,2412.54,2461.62,2.238,1.934,888245.11,True
2025-06-23,2025-06-23 08:30:00,2025-06-23 09:00:00,2025-06-23 15:00:00,TICKER_0568.JP,2452.27,2447.25,-0.005,-0.305,-139922.9,False
2025-06-23,2025-06-23 08:30:00,2025-06-23 09:00:00,2025-06-23 15:00:00,TICKER_0605.JP,2513.36,2459.91,-1.931,-2.227,-1022601.25,False
2025-06-24,2025-06-24 08:30:00,2025-06-24 09:00:00,2025-06-24 15:00:00,TICKER_0818.JP,1790.6,1749.05,-2.125,-2.42,-1121402.71,False
2025-06-24,2025-06-24 08:30:00,2025-06-24 09:00:00,2025-06-24 15:00:00,TICKER_0855.JP,1922.95,1960.12,2.137,1.833,849151.36,True
2025-06-24,2025-06-24 08:30:00,2025-06-24 09:00:00,2025-06-24 15:00:00,TICKER_0892.JP,1967.41,1928.52,-1.78,-2.077,-962059.92,False
2025-06-24,2025-06-24 08:30:00,2025-06-24 09:00:00,2025-06-24 15:00:00,TICKER_0929.JP,2049.83,2117.8,3.523,3.216,1489995.67,True
2025-06-24,2025-06-24 08:30:00,2025-06-24 09:00:00,2025-06-24 15:00:00,TICKER_0966.JP,2165.48,2129.24,-1.477,-1.774,-821788.99,False
2025-06-24,2025-06-24 08:30:00,2025-06-24 09:00:00,2025-06-24 15:00:00,TICKER_1003.JP,2220.02,2216.19,0.028,-0.272,-126181.87,False
2025-06-24,2025-06-24 08:30:00,2025-06-24 09:00:00,2025-06-24 15:00:00,TICKER_1040.JP,2320.8,2328.53,0.534,0.233,107998.47,True
2025-06-24,2025-06-24 08:30:00,2025-06-24 09:00:00,2025-06-24 15:00:00,TICKER_1077.JP,2432.72,2491.84,2.635,2.33,1079510.66,True
2025-06-24,2025-06-24 08:30:00,2025-06-24 09:00:00,2025-06-24 15:00:00,TICKER_1114.JP,2513.91,2512.49,0.143,-0.157,-72618.87,False
2025-06-24,2025-06-24 08:30:00,2025-06-24 09:00:00,2025-06-24 15:00:00,TICKER_1151.JP,2586.59,2652.67,2.76,2.455,1137296.66,True
2025-06-25,2025-06-25 08:30:00,2025-06-25 09:00:00,2025-06-25 15:00:00,TICKER_0502.JP,1502.74,1499.57,-0.011,-0.311,-144596.56,False
2025-06-25,2025-06-25 08:30:00,2025-06-25 09:00:00,2025-06-25 15:00:00,TICKER_0539.JP,1584.31,1610.53,1.858,1.555,722592.91,True
2025-06-25,2025-06-25 08:30:00,2025-06-25 09:00:00,2025-06-25 15:00:00,TICKER_0576.JP,1664.22,1666.05,0.31,0.01,4622.06,True
2025-06-25,2025-06-25 08:30:00,2025-06-25 09:00:00,2025-06-25 15:00:00,TICKER_0613.JP,1762.25,1770.2,0.652,0.351,163135.39,True
2025-06-25,2025-06-25 08:30:00,2025-06-25 09:00:00,2025-06-25 15:00:00,TICKER_0650.JP,1847.59,1889.81,2.49,2.185,1015695.3,True
2025-06-25,2025-06-25 08:30:00,2025-06-25 09:00:00,2025-06-25 15:00:00,TICKER_0687.JP,1957.0,2001.13,2.46,2.155,1001657.97,True
2025-06-25,2025-06-25 08:30:00,2025-06-25 09:00:00,2025-06-25 15:00:00,TICKER_0724.JP,2049.43,2026.64,-0.914,-1.212,-563242.95,False
2025-06-25,2025-06-25 08:30:00,2025-06-25 09:00:00,2025-06-25 15:00:00,TICKER_0761.JP,2125.89,2219.04,4.59,4.281,1989970.55,True
2025-06-25,2025-06-25 08:30:00,2025-06-25 09:00:00,2025-06-25 15:00:00,TICKER_0798.JP,2202.56,2317.06,5.409,5.099,2369729.78,True
2025-06-25,2025-06-25 08:30:00,2025-06-25 09:00:00,2025-06-25 15:00:00,TICKER_0835.JP,2284.6,2297.3,0.757,0.456,211856.09,True
2025-06-26,2025-06-26 08:30:00,2025-06-26 09:00:00,2025-06-26 15:00:00,TICKER_0750.JP,1742.59,1827.0,5.054,4.744,2235455.05,True
2025-06-26,2025-06-26 08:30:00,2025-06-26 09:00:00,2025-06-26 15:00:00,TICKER_0787.JP,1839.8,1893.4,3.12,2.814,1325890.75,True
2025-06-26,2025-06-26 08:30:00,2025-06-26 09:00:00,2025-06-26 15:00:00,TICKER_0824.JP,1933.63,1993.09,3.282,2.975,1401983.16,True
2025-06-26,2025-06-26 08:30:00,2025-06-26 09:00:00,2025-06-26 15:00:00,TICKER_0861.JP,2021.85,2022.47,0.231,-0.07,-32772.85,False
2025-06-26,2025-06-26 08:30:00,2025-06-26 09:00:00,2025-06-26 15:00:00,TICKER_0898.JP,2088.16,2164.7,3.873,3.566,1680269.9,True
2025-06-26,2025-06-26 08:30:00,2025-06-26 09:00:00,2025-06-26 15:00:00,TICKER_0935.JP,2225.71,2207.52,-0.619,-0.917,-432303.91,False
2025-06-26,2025-06-26 08:30:00,2025-06-26 09:00:00,2025-06-26 15:00:00,TICKER_0972.JP,2240.61,2273.47,1.67,1.367,644079.33,True
2025-06-26,2025-06-26 08:30:00,2025-06-26 09:00:00,2025-06-26 15:00:00,TICKER_1009.JP,2359.23,2313.81,-1.729,-2.025,-954181.83,False
2025-06-26,2025-06-26 08:30:00,2025-06-26 09:00:00,2025-06-26 15:00:00,TICKER_1046.JP,2439.8,2438.52,0.148,-0.152,-71811.62,False
2025-06-26,2025-06-26 08:30:00,2025-06-26 09:00:00,2025-06-26 15:00:00,TICKER_1083.JP,2555.1,2661.71,4.381,4.072,1918892.61,True
2025-06-27,2025-06-27 08:30:00,2025-06-27 09:00:00,2025-06-27 15:00:00,TICKER_0665.JP,1684.11,1746.58,3.917,3.609,1727248.98,True
2025-06-27,2025-06-27 08:30:00,2025-06-27 09:00:00,2025-06-27 15:00:00,TICKER_0702.JP,1765.36,1809.16,2.686,2.381,1139343.3,True
2025-06-27,2025-06-27 08:30:00,2025-06-27 09:00:00,2025-06-27 15:00:00,TICKER_0739.JP,1855.07,1886.02,1.872,1.568,750529.97,True
2025-06-27,2025-06-27 08:30:00,2025-06-27 09:00:00,2025-06-27 15:00:00,TICKER_0776.JP,1921.91,1936.19,0.945,0.643,307760.63,True
2025-06-27,2025-06-27 08:30:00,2025-06-27 09:00:00,2025-06-27 15:00:00,TICKER_0813.JP,2009.66,2075.89,3.503,3.196,1529356.91,True
2025-06-27,2025-06-27 08:30:00,2025-06-27 09:00:00,2025-06-27 15:00:00,TICKER_0850.JP,2084.82,2090.47,0.471,0.171,81713.65,True
2025-06-27,2025-06-27 08:30:00,2025-06-27 09:00:00,2025-06-27 15:00:00,TICKER_0887.JP,2188.34,2194.14,0.466,0.165,79145.11,True
2025-06-27,2025-06-27 08:30:00,2025-06-27 09:00:00,2025-06-27 15:00:00,TICKER_0924.JP,2275.05,2293.57,1.016,0.714,341736.69,True
2025-06-27,2025-06-27 08:30:00,2025-06-27 09:00:00,2025-06-27 15:00:00,TICKER_0961.JP,2333.11,2323.05,-0.232,-0.531,-254120.14,False
2025-06-27,2025-06-27 08:30:00,2025-06-27 09:00:00,2025-06-27 15:00:00,TICKER_0998.JP,2461.25,2396.41,-2.439,-2.734,-1308521.35,False
2025-06-30,2025-06-30 08:30:00,2025-06-30 09:00:00,2025-06-30 15:00:00,TICKER_0147.JP,1676.54,1716.3,2.576,2.271,1096450.15,True
2025-06-30,2025-06-30 08:30:00,2025-06-30 09:00:00,2025-06-30 15:00:00,TICKER_0184.JP,1744.73,1716.8,-1.404,-1.701,-821070.85,False
2025-06-30,2025-06-30 08:30:00,2025-06-30 09:00:00,2025-06-30 15:00:00,TICKER_0221.JP,1812.91,1791.32,-0.993,-1.291,-623264.2,False
2025-06-30,2025-06-30 08:30:00,2025-06-30 09:00:00,2025-06-30 15:00:00,TICKER_0258.JP,1897.33,1893.55,0.001,-0.299,-144213.01,False
2025-06-30,2025-06-30 08:30:00,2025-06-30 09:00:00,2025-06-30 15:00:00,TICKER_0295.JP,1990.87,2047.13,3.032,2.726,1315910.72,True
2025-06-30,2025-06-30 08:30:00,2025-06-30 09:00:00,2025-06-30 15:00:00,TICKER_0332.JP,2038.82,2097.72,3.095,2.789,1346369.77,True
2025-06-30,2025-06-30 08:30:00,2025-06-30 09:00:00,2025-06-30 15:00:00,TICKER_0369.JP,2174.14,2213.47,2.013,1.709,825025.62,True
2025-06-30,2025-06-30 08:30:00,2025-06-30 09:00:00,2025-06-30 15:00:00,TICKER_0406.JP,2310.7,2288.91,-0.745,-1.043,-503477.04,False
2025-06-30,2025-06-30 08:30:00,2025-06-30 09:00:00,2025-06-30 15:00:00,TICKER_0443.JP,2370.38,2372.0,0.269,-0.032,-15329.87,False
2025-06-30,2025-06-30 08:30:00,2025-06-30 09:00:00,2025-06-30 15:00:00,TICKER_0480.JP,2460.83,2548.59,3.774,3.466,1673272.5,True
2025-07-01,2025-07-01 08:30:00,2025-07-01 09:00:00,2025-07-01 15:00:00,TICKER_0939.JP,1931.38,1967.16,2.057,1.753,852951.91,True
2025-07-01,2025-07-01 08:30:00,2025-07-01 09:00:00,2025-07-01 15:00:00,TICKER_0976.JP,2007.76,2017.9,0.706,0.405,197225.78,True
2025-07-01,2025-07-01 08:30:00,2025-07-01 09:00:00,2025-07-01 15:00:00,TICKER_1013.JP,2138.45,2100.08,-1.598,-1.894,-921857.95,False
2025-07-01,2025-07-01 08:30:00,2025-07-01 09:00:00,2025-07-01 15:00:00,TICKER_1050.JP,2172.47,2164.2,-0.181,-0.481,-233853.48,False
2025-07-01,2025-07-01 08:30:00,2025-07-01 09:00:00,2025-07-01 15:00:00,TICKER_1087.JP,2313.61,2390.01,3.509,3.202,1558329.52,True
2025-07-01,2025-07-01 08:30:00,2025-07-01 09:00:00,2025-07-01 15:00:00,TICKER_1124.JP,2379.84,2454.4,3.34,3.033,1476174.48,True
2025-07-01,2025-07-01 08:30:00,2025-07-01 09:00:00,2025-07-01 15:00:00,TICKER_1161.JP,2439.6,2477.32,1.75,1.446,703859.21,True
2025-07-01,2025-07-01 08:30:00,2025-07-01 09:00:00,2025-07-01 15:00:00,TICKER_1198.JP,2486.41,2500.92,0.785,0.483,235194.94,True
2025-07-01,2025-07-01 08:30:00,2025-07-01 09:00:00,2025-07-01 15:00:00,TICKER_1235.JP,2640.68,2641.54,0.233,-0.068,-32858.22,False
2025-07-01,2025-07-01 08:30:00,2025-07-01 09:00:00,2025-07-01 15:00:00,TICKER_1272.JP,2684.0,2645.93,-1.221,-1.518,-738957.44,False
2025-07-02,2025-07-02 08:30:00,2025-07-02 09:00:00,2025-07-02 15:00:00,TICKER_0313.JP,1821.9,1906.17,4.835,4.525,2215724.2,True
2025-07-02,2025-07-02 08:30:00,2025-07-02 09:00:00,2025-07-02 15:00:00,TICKER_0350.JP,1901.31,1935.93,2.025,1.721,842614.9,True
2025-07-02,2025-07-02 08:30:00,2025-07-02 09:00:00,2025-07-02 15:00:00,TICKER_0387.JP,1972.89,1976.07,0.362,0.061,29982.22,True
2025-07-02,2025-07-02 08:30:00,2025-07-02 09:00:00,2025-07-02 15:00:00,TICKER_0424.JP,2089.65,2105.19,0.946,0.644,315265.51,True
2025-07-02,2025-07-02 08:30:00,2025-07-02 09:00:00,2025-07-02 15:00:00,TICKER_0461.JP,2164.18,2214.8,2.544,2.239,1096252.66,True
2025-07-02,2025-07-02 08:30:00,2025-07-02 09:00:00,2025-07-02 15:00:00,TICKER_0498.JP,2211.6,2265.86,2.659,2.354,1152315.84,True
2025-07-02,2025-07-02 08:30:00,2025-07-02 09:00:00,2025-07-02 15:00:00,TICKER_0535.JP,2320.8,2335.3,0.826,0.525,257021.61,True
2025-07-02,2025-07-02 08:30:00,2025-07-02 09:00:00,2025-07-02 15:00:00,TICKER_0572.JP,2462.53,2438.03,-0.797,-1.095,-536090.01,False
2025-07-02,2025-07-02 08:30:00,2025-07-02 09:00:00,2025-07-02 15:00:00,TICKER_0609.JP,2534.56,2534.79,0.209,-0.091,-44505.61,False
2025-07-02,2025-07-02 08:30:00,2025-07-02 09:00:00,2025-07-02 15:00:00,TICKER_0646.JP,2573.92,2555.04,-0.535,-0.833,-408075.07,False
2025-07-03,2025-07-03 08:30:00,2025-07-03 09:00:00,2025-07-03 15:00:00,TICKER_0976.JP,1992.43,2022.64,1.719,1.416,699897.67,True
2025-07-03,2025-07-03 08:30:00,2025-07-03 09:00:00,2025-07-03 15:00:00,TICKER_1013.JP,2071.93,2058.55,-0.447,-0.746,-368635.79,False
2025-07-03,2025-07-03 08:30:00,2025-07-03 09:00:00,2025-07-03 15:00:00,TICKER_1050.JP,2177.5,2157.88,-0.702,-1.001,-494690.44,False
2025-07-03,2025-07-03 08:30:00,2025-07-03 09:00:00,2025-07-03 15:00:00,TICKER_1087.JP,2235.81,2253.47,0.992,0.69,341006.55,True
2025-07-03,2025-07-03 08:30:00,2025-07-03 09:00:00,2025-07-03 15:00:00,TICKER_1124.JP,2331.86,2375.14,2.06,1.756,868039.92,True
2025-07-03,2025-07-03 08:30:00,2025-07-03 09:00:00,2025-07-03 15:00:00,TICKER_1161.JP,2456.03,2414.64,-1.488,-1.785,-882427.36,False
2025-07-03,2025-07-03 08:30:00,2025-07-03 09:00:00,2025-07-03 15:00:00,TICKER_1198.JP,2497.8,2507.23,0.579,0.278,137278.26,True
2025-07-03,2025-07-03 08:30:00,2025-07-03 09:00:00,2025-07-03 15:00:00,TICKER_1235.JP,2603.92,2662.84,2.468,2.163,1069068.68,True
2025-07-03,2025-07-03 08:30:00,2025-07-03 09:00:00,2025-07-03 15:00:00,TICKER_1272.JP,2633.19,2600.49,-1.044,-1.342,-663318.39,False
2025-07-03,2025-07-03 08:30:00,2025-07-03 09:00:00,2025-07-03 15:00:00,TICKER_1309.JP,2712.29,2761.47,2.017,1.713,846751.98,True
2025-07-04,2025-07-04 08:30:00,2025-07-04 09:00:00,2025-07-04 15:00:00,TICKER_0088.JP,1580.88,1600.57,1.448,1.145,567850.93,True
2025-07-04,2025-07-04 08:30:00,2025-07-04 09:00:00,2025-07-04 15:00:00,TICKER_0125.JP,1673.77,1679.9,0.567,0.266,131881.3,True
2025-07-04,2025-07-04 08:30:00,2025-07-04 09:00:00,2025-07-04 15:00:00,TICKER_0162.JP,1727.3,1723.8,-0.002,-0.302,-149775.68,False
2025-07-04,2025-07-04 08:30:00,2025-07-04 09:00:00,2025-07-04 15:00:00,TICKER_0199.JP,1856.27,1858.9,0.342,0.041,20525.72,True
2025-07-04,2025-07-04 08:30:00,2025-07-04 09:00:00,2025-07-04 15:00:00,TICKER_0236.JP,1941.86,1918.91,-0.984,-1.282,-635511.6,False
2025-07-04,2025-07-04 08:30:00,2025-07-04 09:00:00,2025-07-04 15:00:00,TICKER_0273.JP,2022.27,2063.37,2.237,1.933,958095.89,True
2025-07-04,2025-07-04 08:30:00,2025-07-04 09:00:00,2025-07-04 15:00:00,TICKER_0310.JP,2129.55,2115.56,-0.458,-0.757,-375149.56,False
2025-07-04,2025-07-04 08:30:00,2025-07-04 09:00:00,2025-07-04 15:00:00,TICKER_0347.JP,2192.1,2176.06,-0.533,-0.832,-412290.4,False
2025-07-04,2025-07-04 08:30:00,2025-07-04 09:00:00,2025-07-04 15:00:00,TICKER_0384.JP,2328.26,2284.17,-1.697,-1.993,-988229.57,False
2025-07-04,2025-07-04 08:30:00,2025-07-04 09:00:00,2025-07-04 15:00:00,TICKER_0421.JP,2371.19,2403.87,1.581,1.278,633787.86,True
2025-07-07,2025-07-07 08:30:00,2025-07-07 09:00:00,2025-07-07 15:00:00,TICKER_0882.JP,1876.18,1860.24,-0.651,-0.95,-470716.32,False
2025-07-07,2025-07-07 08:30:00,2025-07-07 09:00:00,2025-07-07 15:00:00,TICKER_0919.JP,1952.82,1929.05,-1.02,-1.317,-652756.57,False
2025-07-07,2025-07-07 08:30:00,2025-07-07 09:00:00,2025-07-07 15:00:00,TICKER_0956.JP,2057.36,2144.97,4.467,4.159,2060755.41,True
2025-07-07,2025-07-07 08:30:00,2025-07-07 09:00:00,2025-07-07 15:00:00,TICKER_0993.JP,2148.91,2236.4,4.28,3.972,1968012.58,True
2025-07-07,2025-07-07 08:30:00,2025-07-07 09:00:00,2025-07-07 15:00:00,TICKER_1030.JP,2212.37,2280.6,3.29,2.984,1478583.88,True
2025-07-07,2025-07-07 08:30:00,2025-07-07 09:00:00,2025-07-07 15:00:00,TICKER_1067.JP,2302.06,2405.89,4.72,4.41,2185451.19,True
2025-07-07,2025-07-07 08:30:00,2025-07-07 09:00:00,2025-07-07 15:00:00,TICKER_1104.JP,2445.53,2456.98,0.669,0.368,182400.6,True
2025-07-07,2025-07-07 08:30:00,2025-07-07 09:00:00,2025-07-07 15:00:00,TICKER_1141.JP,2470.82,2457.48,-0.341,-0.64,-317051.92,False
2025-07-07,2025-07-07 08:30:00,2025-07-07 09:00:00,2025-07-07 15:00:00,TICKER_1178.JP,2540.28,2579.43,1.744,1.441,714137.81,True
2025-07-07,2025-07-07 08:30:00,2025-07-07 09:00:00,2025-07-07 15:00:00,TICKER_1215.JP,2667.51,2790.16,4.807,4.498,2228674.3,True
2025-07-08,2025-07-08 08:30:00,2025-07-08 09:00:00,2025-07-08 15:00:00,TICKER_0745.JP,1742.55,1735.32,-0.215,-0.515,-259674.72,False
2025-07-08,2025-07-08 08:30:00,2025-07-08 09:00:00,2025-07-08 15:00:00,TICKER_0782.JP,1799.78,1892.1,5.34,5.029,2536994.57,True
2025-07-08,2025-07-08 08:30:00,2025-07-08 09:00:00,2025-07-08 15:00:00,TICKER_0819.JP,1898.39,1822.22,-3.82,-4.112,-2074415.89,False
2025-07-08,2025-07-08 08:30:00,2025-07-08 09:00:00,2025-07-08 15:00:00,TICKER_0856.JP,1993.66,2045.36,2.799,2.493,1257681.47,True
2025-07-08,2025-07-08 08:30:00,2025-07-08 09:00:00,2025-07-08 15:00:00,TICKER_0893.JP,2104.8,2134.16,1.598,1.295,653215.05,True
2025-07-08,2025-07-08 08:30:00,2025-07-08 09:00:00,2025-07-08 15:00:00,TICKER_0930.JP,2203.47,2237.22,1.735,1.432,722165.02,True
2025-07-08,2025-07-08 08:30:00,2025-07-08 09:00:00,2025-07-08 15:00:00,TICKER_0967.JP,2271.11,2328.33,2.725,2.419,1220470.4,True
2025-07-08,2025-07-08 08:30:00,2025-07-08 09:00:00,2025-07-08 15:00:00,TICKER_1004.JP,2353.05,2348.24,-0.005,-0.304,-153584.45,False
2025-07-08,2025-07-08 08:30:00,2025-07-08 09:00:00,2025-07-08 15:00:00,TICKER_1041.JP,2408.06,2525.61,5.092,4.782,2412085.93,True
2025-07-08,2025-07-08 08:30:00,2025-07-08 09:00:00,2025-07-08 15:00:00,TICKER_1078.JP,2525.93,2553.51,1.294,0.992,500342.8,True
2025-07-09,2025-07-09 08:30:00,2025-07-09 09:00:00,2025-07-09 15:00:00,TICKER_0962.JP,1979.1,2002.39,1.379,1.077,550104.38,True
2025-07-09,2025-07-09 08:30:00,2025-07-09 09:00:00,2025-07-09 15:00:00,TICKER_0999.JP,2045.12,2054.72,0.671,0.369,188737.03,True
2025-07-09,2025-07-09 08:30:00,2025-07-09 09:00:00,2025-07-09 15:00:00,TICKER_1036.JP,2075.6,2072.96,0.073,-0.227,-116038.55,False
2025-07-09,2025-07-09 08:30:00,2025-07-09 09:00:00,2025-07-09 15:00:00,TICKER_1073.JP,2208.55,2245.9,1.895,1.591,813059.68,True
2025-07-09,2025-07-09 08:30:00,2025-07-09 09:00:00,2025-07-09 15:00:00,TICKER_1110.JP,2296.96,2278.23,-0.617,-0.916,-467810.94,False
2025-07-09,2025-07-09 08:30:00,2025-07-09 09:00:00,2025-07-09 15:00:00,TICKER_1147.JP,2424.89,2431.23,0.462,0.161,82359.14,True
2025-07-09,2025-07-09 08:30:00,2025-07-09 09:00:00,2025-07-09 15:00:00,TICKER_1184.JP,2512.24,2566.92,2.381,2.077,1060934.9,True
2025-07-09,2025-07-09 08:30:00,2025-07-09 09:00:00,2025-07-09 15:00:00,TICKER_1221.JP,2523.36,2586.67,2.714,2.409,1230748.14,True
2025-07-09,2025-07-09 08:30:00,2025-07-09 09:00:00,2025-07-09 15:00:00,TICKER_1258.JP,2695.34,2628.17,-2.297,-2.592,-1324373.2,False
2025-07-09,2025-07-09 08:30:00,2025-07-09 09:00:00,2025-07-09 15:00:00,TICKER_1295.JP,2749.02,2707.83,-1.301,-1.598,-816549.69,False
2025-07-10,2025-07-10 08:30:00,2025-07-10 09:00:00,2025-07-10 15:00:00,TICKER_0640.JP,1628.75,1571.65,-3.313,-3.606,-1846331.32,False
2025-07-10,2025-07-10 08:30:00,2025-07-10 09:00:00,2025-07-10 15:00:00,TICKER_0677.JP,1763.52,1752.64,-0.418,-0.717,-367289.47,False
2025-07-10,2025-07-10 08:30:00,2025-07-10 09:00:00,2025-07-10 15:00:00,TICKER_0714.JP,1776.83,1865.72,5.213,4.903,2510648.49,True
2025-07-10,2025-07-10 08:30:00,2025-07-10 09:00:00,2025-07-10 15:00:00,TICKER_0751.JP,1941.16,1997.15,3.09,2.784,1425766.38,True
2025-07-10,2025-07-10 08:30:00,2025-07-10 09:00:00,2025-07-10 15:00:00,TICKER_0788.JP,1973.57,1995.14,1.295,0.993,508466.11,True
2025-07-10,2025-07-10 08:30:00,2025-07-10 09:00:00,2025-07-10 15:00:00,TICKER_0825.JP,2100.54,2202.37,5.058,4.748,2431026.99,True
2025-07-10,2025-07-10 08:30:00,2025-07-10 09:00:00,2025-07-10 15:00:00,TICKER_0862.JP,2174.35,2199.12,1.342,1.039,532031.91,True
2025-07-10,2025-07-10 08:30:00,2025-07-10 09:00:00,2025-07-10 15:00:00,TICKER_0899.JP,2279.94,2240.52,-1.532,-1.829,-936541.13,False
2025-07-10,2025-07-10 08:30:00,2025-07-10 09:00:00,2025-07-10 15:00:00,TICKER_0936.JP,2335.91,2335.29,0.174,-0.127,-64822.05,False
2025-07-10,2025-07-10 08:30:00,2025-07-10 09:00:00,2025-07-10 15:00:00,TICKER_0973.JP,2426.48,2421.13,-0.021,-0.321,-164263.35,False
2025-07-11,2025-07-11 08:30:00,2025-07-11 09:00:00,2025-07-11 15:00:00,TICKER_0131.JP,1638.6,1614.42,-1.278,-1.575,-812618.69,False
2025-07-11,2025-07-11 08:30:00,2025-07-11 09:00:00,2025-07-11 15:00:00,TICKER_0168.JP,1725.81,1726.52,0.241,-0.059,-30434.32,False
2025-07-11,2025-07-11 08:30:00,2025-07-11 09:00:00,2025-07-11 15:00:00,TICKER_0205.JP,1810.81,1871.49,3.558,3.251,1677034.86,True
2025-07-11,2025-07-11 08:30:00,2025-07-11 09:00:00,2025-07-11 15:00:00,TICKER_0242.JP,1903.42,1915.03,0.811,0.51,263113.86,True
2025-07-11,2025-07-11 08:30:00,2025-07-11 09:00:00,2025-07-11 15:00:00,TICKER_0279.JP,1989.65,2005.55,1.001,0.699,360790.62,True
2025-07-11,2025-07-11 08:30:00,2025-07-11 09:00:00,2025-07-11 15:00:00,TICKER_0316.JP,2040.57,2047.88,0.559,0.258,133255.01,True
2025-07-11,2025-07-11 08:30:00,2025-07-11 09:00:00,2025-07-11 15:00:00,TICKER_0353.JP,2148.33,2170.54,1.236,0.934,481764.78,True
2025-07-11,2025-07-11 08:30:00,2025-07-11 09:00:00,2025-07-11 15:00:00,TICKER_0390.JP,2282.8,2315.36,1.629,1.326,684254.46,True
2025-07-11,2025-07-11 08:30:00,2025-07-11 09:00:00,2025-07-11 15:00:00,TICKER_0427.JP,2316.33,2407.54,4.146,3.838,1979676.88,True
2025-07-11,2025-07-11 08:30:00,2025-07-11 09:00:00,2025-07-11 15:00:00,TICKER_0464.JP,2421.14,2494.18,3.223,2.917,1504781.36,True
2025-07-14,2025-07-14 08:30:00,2025-07-14 09:00:00,2025-07-14 15:00:00,TICKER_0589.JP,1620.13,1661.11,2.735,2.429,1267644.67,True
2025-07-14,2025-07-14 08:30:00,2025-07-14 09:00:00,2025-07-14 15:00:00,TICKER_0626.JP,1699.75,1727.09,1.812,1.509,787223.77,True
2025-07-14,2025-07-14 08:30:00,2025-07-14 09:00:00,2025-07-14 15:00:00,TICKER_0663.JP,1771.53,1757.65,-0.585,-0.883,-460991.33,False
2025-07-14,2025-07-14 08:30:00,2025-07-14 09:00:00,2025-07-14 15:00:00,TICKER_0700.JP,1833.45,1834.58,0.262,-0.038,-19964.59,False
2025-07-14,2025-07-14 08:30:00,2025-07-14 09:00:00,2025-07-14 15:00:00,TICKER_0737.JP,1914.1,1961.52,2.682,2.377,1240383.28,True
2025-07-14,2025-07-14 08:30:00,2025-07-14 09:00:00,2025-07-14 15:00:00,TICKER_0774.JP,2046.73,2058.44,0.773,0.472,246227.46,True
2025-07-14,2025-07-14 08:30:00,2025-07-14 09:00:00,2025-07-14 15:00:00,TICKER_0811.JP,2068.35,2026.3,-1.837,-2.133,-1112885.2,False
2025-07-14,2025-07-14 08:30:00,2025-07-14 09:00:00,2025-07-14 15:00:00,TICKER_0848.JP,2226.43,2236.79,0.666,0.365,190548.5,True
2025-07-14,2025-07-14 08:30:00,2025-07-14 09:00:00,2025-07-14 15:00:00,TICKER_0885.JP,2318.1,2352.44,1.685,1.381,720801.2,True
2025-07-14,2025-07-14 08:30:00,2025-07-14 09:00:00,2025-07-14 15:00:00,TICKER_0922.JP,2400.01,2349.28,-1.918,-2.214,-1155123.71,False
2025-07-15,2025-07-15 08:30:00,2025-07-15 09:00:00,2025-07-15 15:00:00,TICKER_0150.JP,1647.96,1702.76,3.532,3.225,1688187.03,True
2025-07-15,2025-07-15 08:30:00,2025-07-15 09:00:00,2025-07-15 15:00:00,TICKER_0187.JP,1784.75,1805.39,1.359,1.056,552971.53,True
2025-07-15,2025-07-15 08:30:00,2025-07-15 09:00:00,2025-07-15 15:00:00,TICKER_0224.JP,1837.18,1835.68,0.119,-0.181,-94874.79,False
2025-07-15,2025-07-15 08:30:00,2025-07-15 09:00:00,2025-07-15 15:00:00,TICKER_0261.JP,1918.86,1991.24,3.98,3.672,1922023.16,True
2025-07-15,2025-07-15 08:30:00,2025-07-15 09:00:00,2025-07-15 15:00:00,TICKER_0298.JP,1998.4,1969.05,-1.271,-1.569,-821013.92,False
2025-07-15,2025-07-15 08:30:00,2025-07-15 09:00:00,2025-07-15 15:00:00,TICKER_0335.JP,2120.87,2227.62,5.244,4.933,2582243.62,True
2025-07-15,2025-07-15 08:30:00,2025-07-15 09:00:00,2025-07-15 15:00:00,TICKER_0372.JP,2202.17,2270.37,3.303,2.997,1568607.26,True
2025-07-15,2025-07-15 08:30:00,2025-07-15 09:00:00,2025-07-15 15:00:00,TICKER_0409.JP,2252.25,2213.05,-1.544,-1.84,-963240.05,False
2025-07-15,2025-07-15 08:30:00,2025-07-15 09:00:00,2025-07-15 15:00:00,TICKER_0446.JP,2360.23,2387.04,1.338,1.036,542277.29,True
2025-07-15,2025-07-15 08:30:00,2025-07-15 09:00:00,2025-07-15 15:00:00,TICKER_0483.JP,2463.32,2521.44,2.564,2.259,1182527.55,True
2025-07-16,2025-07-16 08:30:00,2025-07-16 09:00:00,2025-07-16 15:00:00,TICKER_0040.JP,1561.22,1585.29,1.745,1.442,765934.94,True
2025-07-16,2025-07-16 08:30:00,2025-07-16 09:00:00,2025-07-16 15:00:00,TICKER_0077.JP,1625.68,1638.1,0.965,0.664,352568.28,True
2025-07-16,2025-07-16 08:30:00,2025-07-16 09:00:00,2025-07-16 15:00:00,TICKER_0114.JP,1760.86,1812.02,3.111,2.805,1490068.41,True
2025-07-16,2025-07-16 08:30:00,2025-07-16 09:00:00,2025-07-16 15:00:00,TICKER_0151.JP,1821.38,1837.74,1.1,0.798,424019.28,True
2025-07-16,2025-07-16 08:30:00,2025-07-16 09:00:00,2025-07-16 15:00:00,TICKER_0188.JP,1878.77,1916.14,2.194,1.889,1003568.82,True
2025-07-16,2025-07-16 08:30:00,2025-07-16 09:00:00,2025-07-16 15:00:00,TICKER_0225.JP,1954.09,1921.15,-1.489,-1.786,-948656.27,False
2025-07-16,2025-07-16 08:30:00,2025-07-16 09:00:00,2025-07-16 15:00:00,TICKER_0262.JP,2025.16,2040.82,0.975,0.673,357467.0,True
2025-07-16,2025-07-16 08:30:00,2025-07-16 09:00:00,2025-07-16 15:00:00,TICKER_0299.JP,2117.37,2168.43,2.617,2.312,1227907.25,True
2025-07-16,2025-07-16 08:30:00,2025-07-16 09:00:00,2025-07-16 15:00:00,TICKER_0336.JP,2251.92,2374.46,5.653,5.342,2837392.9,True
2025-07-16,2025-07-16 08:30:00,2025-07-16 09:00:00,2025-07-16 15:00:00,TICKER_0373.JP,2344.05,2340.52,0.049,-0.251,-133212.66,False
2025-07-17,2025-07-17 08:30:00,2025-07-17 09:00:00,2025-07-17 15:00:00,TICKER_0558.JP,1555.29,1564.7,0.806,0.505,271798.26,True
2025-07-17,2025-07-17 08:30:00,2025-07-17 09:00:00,2025-07-17 15:00:00,TICKER_0595.JP,1617.27,1646.62,2.019,1.715,923073.38,True
2025-07-17,2025-07-17 08:30:00,2025-07-17 09:00:00,2025-07-17 15:00:00,TICKER_0632.JP,1770.37,1785.8,1.074,0.772,415361.36,True
2025-07-17,2025-07-17 08:30:00,2025-07-17 09:00:00,2025-07-17 15:00:00,TICKER_0669.JP,1819.51,1853.52,2.074,1.77,952350.7,True
2025-07-17,2025-07-17 08:30:00,2025-07-17 09:00:00,2025-07-17 15:00:00,TICKER_0706.JP,1940.84,1924.25,-0.656,-0.955,-513712.3,False
2025-07-17,2025-07-17 08:30:00,2025-07-17 09:00:00,2025-07-17 15:00:00,TICKER_0743.JP,2029.09,2055.69,1.514,1.211,651841.54,True
2025-07-17,2025-07-17 08:30:00,2025-07-17 09:00:00,2025-07-17 15:00:00,TICKER_0780.JP,2090.46,2053.6,-1.566,-1.863,-1002614.95,False
2025-07-17,2025-07-17 08:30:00,2025-07-17 09:00:00,2025-07-17 15:00:00,TICKER_0817.JP,2152.05,2200.22,2.443,2.138,1150754.64,True
2025-07-17,2025-07-17 08:30:00,2025-07-17 09:00:00,2025-07-17 15:00:00,TICKER_0854.JP,2234.57,2205.19,-1.117,-1.415,-761410.78,False
2025-07-17,2025-07-17 08:30:00,2025-07-17 09:00:00,2025-07-17 15:00:00,TICKER_0891.JP,2305.09,2344.97,1.934,1.63,877279.4,True
2025-07-18,2025-07-18 08:30:00,2025-07-18 09:00:00,2025-07-18 15:00:00,TICKER_0260.JP,1749.41,1658.9,-4.984,-5.274,-2853039.83,False
2025-07-18,2025-07-18 08:30:00,2025-07-18 09:00:00,2025-07-18 15:00:00,TICKER_0297.JP,1862.14,1864.97,0.353,0.052,28202.46,True
2025-07-18,2025-07-18 08:30:00,2025-07-18 09:00:00,2025-07-18 15:00:00,TICKER_0334.JP,1913.95,1924.99,0.778,0.477,257986.96,True
2025-07-18,2025-07-18 08:30:00,2025-07-18 09:00:00,2025-07-18 15:00:00,TICKER_0371.JP,2075.14,2033.18,-1.826,-2.122,-1147971.42,False
2025-07-18,2025-07-18 08:30:00,2025-07-18 09:00:00,2025-07-18 15:00:00,TICKER_0408.JP,2115.13,2189.63,3.729,3.422,1851303.54,True
2025-07-18,2025-07-18 08:30:00,2025-07-18 09:00:00,2025-07-18 15:00:00,TICKER_0445.JP,2164.53,2156.96,-0.15,-0.45,-243340.31,False
2025-07-18,2025-07-18 08:30:00,2025-07-18 09:00:00,2025-07-18 15:00:00,TICKER_0482.JP,2257.51,2220.49,-1.443,-1.74,-941215.66,False
2025-07-18,2025-07-18 08:30:00,2025-07-18 09:00:00,2025-07-18 15:00:00,TICKER_0519.JP,2380.5,2438.51,2.642,2.337,1264273.88,True
2025-07-18,2025-07-18 08:30:00,2025-07-18 09:00:00,2025-07-18 15:00:00,TICKER_0556.JP,2436.32,2482.7,2.108,1.804,975813.96,True
2025-07-18,2025-07-18 08:30:00,2025-07-18 09:00:00,2025-07-18 15:00:00,TICKER_0593.JP,2538.55,2609.36,2.995,2.689,1455001.83,True
2025-07-21,2025-07-21 08:30:00,2025-07-21 09:00:00,2025-07-21 15:00:00,TICKER_0066.JP,1559.07,1572.55,1.066,0.765,414071.79,True
2025-07-21,2025-07-21 08:30:00,2025-07-21 09:00:00,2025-07-21 15:00:00,TICKER_0103.JP,1667.1,1688.98,1.516,1.213,656813.06,True
2025-07-21,2025-07-21 08:30:00,2025-07-21 09:00:00,2025-07-21 15:00:00,TICKER_0140.JP,1724.08,1696.06,-1.428,-1.725,-934402.61,False
2025-07-21,2025-07-21 08:30:00,2025-07-21 09:00:00,2025-07-21 15:00:00,TICKER_0177.JP,1864.41,1912.52,2.785,2.48,1343236.41,True
2025-07-21,2025-07-21 08:30:00,2025-07-21 09:00:00,2025-07-21 15:00:00,TICKER_0214.JP,1904.67,1953.94,2.792,2.487,1346920.89,True
2025-07-21,2025-07-21 08:30:00,2025-07-21 09:00:00,2025-07-21 15:00:00,TICKER_0251.JP,2004.66,2035.16,1.725,1.421,769882.35,True
2025-07-21,2025-07-21 08:30:00,2025-07-21 09:00:00,2025-07-21 15:00:00,TICKER_0288.JP,2142.18,2177.72,1.863,1.559,844408.62,True
2025-07-21,2025-07-21 08:30:00,2025-07-21 09:00:00,2025-07-21 15:00:00,TICKER_0325.JP,2202.96,2269.43,3.223,2.917,1579991.07,True
2025-07-21,2025-07-21 08:30:00,2025-07-21 09:00:00,2025-07-21 15:00:00,TICKER_0362.JP,2250.81,2303.6,2.551,2.246,1216261.54,True
2025-07-21,2025-07-21 08:30:00,2025-07-21 09:00:00,2025-07-21 15:00:00,TICKER_0399.JP,2370.09,2407.21,1.77,1.466,794167.78,True
2025-07-22,2025-07-22 08:30:00,2025-07-22 09:00:00,2025-07-22 15:00:00,TICKER_0735.JP,1746.03,1729.85,-0.729,-1.027,-564077.32,False
2025-07-22,2025-07-22 08:30:00,2025-07-22 09:00:00,2025-07-22 15:00:00,TICKER_0772.JP,1798.6,1828.47,1.864,1.561,857314.49,True
2025-07-22,2025-07-22 08:30:00,2025-07-22 09:00:00,2025-07-22 15:00:00,TICKER_0809.JP,1922.36,1915.89,-0.137,-0.436,-239730.74,False
2025-07-22,2025-07-22 08:30:00,2025-07-22 09:00:00,2025-07-22 15:00:00,TICKER_0846.JP,2005.53,2018.4,0.843,0.542,297430.53,True
2025-07-22,2025-07-22 08:30:00,2025-07-22 09:00:00,2025-07-22 15:00:00,TICKER_0883.JP,2083.21,2144.98,3.171,2.865,1573702.32,True
2025-07-22,2025-07-22 08:30:00,2025-07-22 09:00:00,2025-07-22 15:00:00,TICKER_0920.JP,2191.29,2221.94,1.602,1.299,713231.95,True
2025-07-22,2025-07-22 08:30:00,2025-07-22 09:00:00,2025-07-22 15:00:00,TICKER_0957.JP,2229.71,2288.45,2.84,2.535,1392061.24,True
2025-07-22,2025-07-22 08:30:00,2025-07-22 09:00:00,2025-07-22 15:00:00,TICKER_0994.JP,2334.94,2379.98,2.133,1.829,1004425.08,True
2025-07-22,2025-07-22 08:30:00,2025-07-22 09:00:00,2025-07-22 15:00:00,TICKER_1031.JP,2455.9,2414.08,-1.506,-1.803,-990194.82,False
2025-07-22,2025-07-22 08:30:00,2025-07-22 09:00:00,2025-07-22 15:00:00,TICKER_1068.JP,2541.33,2570.32,1.343,1.041,571584.46,True
2025-07-23,2025-07-23 08:30:00,2025-07-23 09:00:00,2025-07-23 15:00:00,TICKER_0938.JP,1989.88,1978.74,-0.361,-0.66,-365263.91,False
2025-07-23,2025-07-23 08:30:00,2025-07-23 09:00:00,2025-07-23 15:00:00,TICKER_0975.JP,2047.44,2110.43,3.283,2.977,1647948.93,True
2025-07-23,2025-07-23 08:30:00,2025-07-23 09:00:00,2025-07-23 15:00:00,TICKER_1012.JP,2144.65,2153.58,0.618,0.316,175204.65,True
2025-07-23,2025-07-23 08:30:00,2025-07-23 09:00:00,2025-07-23 15:00:00,TICKER_1049.JP,2187.44,2211.79,1.316,1.013,560942.03,True
2025-07-23,2025-07-23 08:30:00,2025-07-23 09:00:00,2025-07-23 15:00:00,TICKER_1086.JP,2307.38,2324.04,0.924,0.622,344580.39,True
2025-07-23,2025-07-23 08:30:00,2025-07-23 09:00:00,2025-07-23 15:00:00,TICKER_1123.JP,2365.92,2390.02,1.221,0.918,508439.93,True
2025-07-23,2025-07-23 08:30:00,2025-07-23 09:00:00,2025-07-23 15:00:00,TICKER_1160.JP,2493.45,2567.33,3.169,2.863,1584998.3,True
2025-07-23,2025-07-23 08:30:00,2025-07-23 09:00:00,2025-07-23 15:00:00,TICKER_1197.JP,2548.03,2502.74,-1.58,-1.877,-1039211.13,False
2025-07-23,2025-07-23 08:30:00,2025-07-23 09:00:00,2025-07-23 15:00:00,TICKER_1234.JP,2613.78,2697.78,3.42,3.114,1723817.63,True
2025-07-23,2025-07-23 08:30:00,2025-07-23 09:00:00,2025-07-23 15:00:00,TICKER_1271.JP,2710.78,2777.27,2.658,2.353,1302616.37,True
2025-07-24,2025-07-24 08:30:00,2025-07-24 09:00:00,2025-07-24 15:00:00,TICKER_0880.JP,1922.73,1962.29,2.262,1.957,1095558.71,True
2025-07-24,2025-07-24 08:30:00,2025-07-24 09:00:00,2025-07-24 15:00:00,TICKER_0917.JP,1984.93,2031.4,2.546,2.241,1254297.47,True
2025-07-24,2025-07-24 08:30:00,2025-07-24 09:00:00,2025-07-24 15:00:00,TICKER_0954.JP,2056.72,2046.72,-0.287,-0.586,-328224.89,False
2025-07-24,2025-07-24 08:30:00,2025-07-24 09:00:00,2025-07-24 15:00:00,TICKER_0991.JP,2127.32,2147.13,1.134,0.831,465421.66,True
2025-07-24,2025-07-24 08:30:00,2025-07-24 09:00:00,2025-07-24 15:00:00,TICKER_1028.JP,2216.27,2284.65,3.292,2.985,1671030.41,True
2025-07-24,2025-07-24 08:30:00,2025-07-24 09:00:00,2025-07-24 15:00:00,TICKER_1065.JP,2343.63,2387.45,2.074,1.77,990590.21,True
2025-07-24,2025-07-24 08:30:00,2025-07-24 09:00:00,2025-07-24 15:00:00,TICKER_1102.JP,2412.31,2354.82,-2.188,-2.483,-1389900.55,False
2025-07-24,2025-07-24 08:30:00,2025-07-24 09:00:00,2025-07-24 15:00:00,TICKER_1139.JP,2545.76,2601.43,2.391,2.086,1167911.27,True
2025-07-24,2025-07-24 08:30:00,2025-07-24 09:00:00,2025-07-24 15:00:00,TICKER_1176.JP,2552.93,2614.53,2.618,2.313,1294708.42,True
2025-07-24,2025-07-24 08:30:00,2025-07-24 09:00:00,2025-07-24 15:00:00,TICKER_1213.JP,2624.89,2679.02,2.266,1.962,1098246.34,True
2025-07-25,2025-07-25 08:30:00,2025-07-25 09:00:00,2025-07-25 15:00:00,TICKER_0867.JP,1914.03,1953.04,2.242,1.938,1098121.95,True
2025-07-25,2025-07-25 08:30:00,2025-07-25 09:00:00,2025-07-25 15:00:00,TICKER_0904.JP,1963.31,1921.76,-1.921,-2.217,-1256144.19,False
2025-07-25,2025-07-25 08:30:00,2025-07-25 09:00:00,2025-07-25 15:00:00,TICKER_0941.JP,2051.29,2003.43,-2.137,-2.433,-1378738.58,False
2025-07-25,2025-07-25 08:30:00,2025-07-25 09:00:00,2025-07-25 15:00:00,TICKER_0978.JP,2152.99,2141.76,-0.323,-0.622,-352388.01,False
2025-07-25,2025-07-25 08:30:00,2025-07-25 09:00:00,2025-07-25 15:00:00,TICKER_1015.JP,2185.41,2255.6,3.418,3.112,1763412.9,True
2025-07-25,2025-07-25 08:30:00,2025-07-25 09:00:00,2025-07-25 15:00:00,TICKER_1052.JP,2319.59,2265.66,-2.129,-2.425,-1374130.24,False
2025-07-25,2025-07-25 08:30:00,2025-07-25 09:00:00,2025-07-25 15:00:00,TICKER_1089.JP,2384.47,2488.67,4.579,4.27,2419715.17,True
2025-07-25,2025-07-25 08:30:00,2025-07-25 09:00:00,2025-07-25 15:00:00,TICKER_1126.JP,2510.18,2466.83,-1.53,-1.827,-1035282.59,False
2025-07-25,2025-07-25 08:30:00,2025-07-25 09:00:00,2025-07-25 15:00:00,TICKER_1163.JP,2541.63,2580.49,1.732,1.429,809738.32,True
2025-07-25,2025-07-25 08:30:00,2025-07-25 09:00:00,2025-07-25 15:00:00,TICKER_1200.JP,2646.05,2690.46,1.882,1.578,894316.08,True
2025-07-28,2025-07-28 08:30:00,2025-07-28 09:00:00,2025-07-28 15:00:00,TICKER_0111.JP,1629.61,1677.77,3.162,2.855,1622515.76,True
2025-07-28,2025-07-28 08:30:00,2025-07-28 09:00:00,2025-07-28 15:00:00,TICKER_0148.JP,1674.04,1674.16,0.207,-0.093,-52687.46,False
2025-07-28,2025-07-28 08:30:00,2025-07-28 09:00:00,2025-07-28 15:00:00,TICKER_0185.JP,1794.71,1789.47,-0.093,-0.392,-222854.16,False
2025-07-28,2025-07-28 08:30:00,2025-07-28 09:00:00,2025-07-28 15:00:00,TICKER_0222.JP,1871.67,1940.61,3.891,3.583,2036031.12,True
2025-07-28,2025-07-28 08:30:00,2025-07-28 09:00:00,2025-07-28 15:00:00,TICKER_0259.JP,2032.71,2035.21,0.324,0.023,13120.22,True
2025-07-28,2025-07-28 08:30:00,2025-07-28 09:00:00,2025-07-28 15:00:00,TICKER_0296.JP,2041.45,2008.7,-1.407,-1.704,-968382.13,False
2025-07-28,2025-07-28 08:30:00,2025-07-28 09:00:00,2025-07-28 15:00:00,TICKER_0333.JP,2129.8,2187.12,2.897,2.591,1472511.76,True
2025-07-28,2025-07-28 08:30:00,2025-07-28 09:00:00,2025-07-28 15:00:00,TICKER_0370.JP,2197.92,2205.09,0.527,0.227,128720.6,True
2025-07-28,2025-07-28 08:30:00,2025-07-28 09:00:00,2025-07-28 15:00:00,TICKER_0407.JP,2312.16,2333.94,1.144,0.842,478517.26,True
2025-07-28,2025-07-28 08:30:00,2025-07-28 09:00:00,2025-07-28 15:00:00,TICKER_0444.JP,2404.75,2468.71,2.865,2.56,1454391.03,True
2025-07-29,2025-07-29 08:30:00,2025-07-29 09:00:00,2025-07-29 15:00:00,TICKER_0875.JP,1911.55,1928.14,1.07,0.768,440678.71,True
2025-07-29,2025-07-29 08:30:00,2025-07-29 09:00:00,2025-07-29 15:00:00,TICKER_0912.JP,1965.87,1983.79,1.114,0.812,465741.2,True
2025-07-29,2025-07-29 08:30:00,2025-07-29 09:00:00,2025-07-29 15:00:00,TICKER_0949.JP,2051.74,2099.03,2.51,2.205,1265303.25,True
2025-07-29,2025-07-29 08:30:00,2025-07-29 09:00:00,2025-07-29 15:00:00,TICKER_0986.JP,2116.84,2117.43,0.228,-0.072,-41508.82,False
2025-07-29,2025-07-29 08:30:00,2025-07-29 09:00:00,2025-07-29 15:00:00,TICKER_1023.JP,2239.57,2225.05,-0.449,-0.748,-429316.76,False
2025-07-29,2025-07-29 08:30:00,2025-07-29 09:00:00,2025-07-29 15:00:00,TICKER_1060.JP,2311.01,2379.63,3.175,2.869,1646588.4,True
2025-07-29,2025-07-29 08:30:00,2025-07-29 09:00:00,2025-07-29 15:00:00,TICKER_1097.JP,2398.36,2444.07,2.11,1.806,1036538.14,True
2025-07-29,2025-07-29 08:30:00,2025-07-29 09:00:00,2025-07-29 15:00:00,TICKER_1134.JP,2510.42,2536.46,1.24,0.937,537952.69,True
2025-07-29,2025-07-29 08:30:00,2025-07-29 09:00:00,2025-07-29 15:00:00,TICKER_1171.JP,2625.34,2687.85,2.586,2.281,1308955.2,True
2025-07-29,2025-07-29 08:30:00,2025-07-29 09:00:00,2025-07-29 15:00:00,TICKER_1208.JP,2645.88,2600.34,-1.525,-1.821,-1045258.49,False
2025-07-30,2025-07-30 08:30:00,2025-07-30 09:00:00,2025-07-30 15:00:00,TICKER_0443.JP,1967.04,2023.48,3.076,2.77,1603153.53,True
2025-07-30,2025-07-30 08:30:00,2025-07-30 09:00:00,2025-07-30 15:00:00,TICKER_0480.JP,2076.46,2126.59,2.619,2.314,1339380.15,True
2025-07-30,2025-07-30 08:30:00,2025-07-30 09:00:00,2025-07-30 15:00:00,TICKER_0517.JP,2143.15,2144.71,0.273,-0.027,-15691.71,False
2025-07-30,2025-07-30 08:30:00,2025-07-30 09:00:00,2025-07-30 15:00:00,TICKER_0554.JP,2208.61,2214.43,0.465,0.164,94824.94,True
2025-07-30,2025-07-30 08:30:00,2025-07-30 09:00:00,2025-07-30 15:00:00,TICKER_0591.JP,2317.35,2404.32,3.961,3.653,2114575.82,True
2025-07-30,2025-07-30 08:30:00,2025-07-30 09:00:00,2025-07-30 15:00:00,TICKER_0628.JP,2358.09,2397.18,1.861,1.558,901717.56,True
2025-07-30,2025-07-30 08:30:00,2025-07-30 09:00:00,2025-07-30 15:00:00,TICKER_0665.JP,2475.73,2407.3,-2.569,-2.864,-1657779.63,False
2025-07-30,2025-07-30 08:30:00,2025-07-30 09:00:00,2025-07-30 15:00:00,TICKER_0702.JP,2525.7,2542.69,0.874,0.573,331507.65,True
2025-07-30,2025-07-30 08:30:00,2025-07-30 09:00:00,2025-07-30 15:00:00,TICKER_0739.JP,2584.35,2580.69,0.058,-0.242,-139964.29,False
2025-07-30,2025-07-30 08:30:00,2025-07-30 09:00:00,2025-07-30 15:00:00,TICKER_0776.JP,2780.88,2777.77,0.088,-0.212,-122582.83,False
2025-07-31,2025-07-31 08:30:00,2025-07-31 09:00:00,2025-07-31 15:00:00,TICKER_0067.JP,1553.82,1577.45,1.724,1.421,828300.58,True
2025-07-31,2025-07-31 08:30:00,2025-07-31 09:00:00,2025-07-31 15:00:00,TICKER_0104.JP,1660.22,1757.07,6.046,5.734,3342935.3,True
2025-07-31,2025-07-31 08:30:00,2025-07-31 09:00:00,2025-07-31 15:00:00,TICKER_0141.JP,1733.58,1738.15,0.464,0.164,95334.57,True
2025-07-31,2025-07-31 08:30:00,2025-07-31 09:00:00,2025-07-31 15:00:00,TICKER_0178.JP,1861.64,1853.29,-0.249,-0.548,-319650.33,False
2025-07-31,2025-07-31 08:30:00,2025-07-31 09:00:00,2025-07-31 15:00:00,TICKER_0215.JP,1923.42,1899.56,-1.043,-1.341,-781640.29,False
2025-07-31,2025-07-31 08:30:00,2025-07-31 09:00:00,2025-07-31 15:00:00,TICKER_0252.JP,2017.71,1992.2,-1.067,-1.364,-795428.78,False
2025-07-31,2025-07-31 08:30:00,2025-07-31 09:00:00,2025-07-31 15:00:00,TICKER_0289.JP,2102.86,2160.02,2.924,2.618,1526409.05,True
2025-07-31,2025-07-31 08:30:00,2025-07-31 09:00:00,2025-07-31 15:00:00,TICKER_0326.JP,2180.87,2200.26,1.091,0.789,460035.56,True
2025-07-31,2025-07-31 08:30:00,2025-07-31 09:00:00,2025-07-31 15:00:00,TICKER_0363.JP,2255.79,2255.55,0.189,-0.111,-64540.92,False
2025-07-31,2025-07-31 08:30:00,2025-07-31 09:00:00,2025-07-31 15:00:00,TICKER_0400.JP,2369.13,2419.86,2.346,2.041,1190160.29,True
2025-08-01,2025-08-01 08:30:00,2025-08-01 09:00:00,2025-08-01 15:00:00,TICKER_0113.JP,1605.97,1602.21,-0.035,-0.335,-196845.08,False
2025-08-01,2025-08-01 08:30:00,2025-08-01 09:00:00,2025-08-01 15:00:00,TICKER_0150.JP,1707.76,1696.73,-0.447,-0.746,-438562.9,False
2025-08-01,2025-08-01 08:30:00,2025-08-01 09:00:00,2025-08-01 15:00:00,TICKER_0187.JP,1787.53,1862.38,4.396,4.087,2404336.38,True
2025-08-01,2025-08-01 08:30:00,2025-08-01 09:00:00,2025-08-01 15:00:00,TICKER_0224.JP,1885.55,1957.59,4.028,3.72,2188514.39,True
2025-08-01,2025-08-01 08:30:00,2025-08-01 09:00:00,2025-08-01 15:00:00,TICKER_0261.JP,1955.71,2059.71,5.528,5.217,3069113.17,True
2025-08-01,2025-08-01 08:30:00,2025-08-01 09:00:00,2025-08-01 15:00:00,TICKER_0298.JP,2021.07,2072.07,2.729,2.423,1425453.0,True
2025-08-01,2025-08-01 08:30:00,2025-08-01 09:00:00,2025-08-01 15:00:00,TICKER_0335.JP,2131.23,2234.76,5.068,4.758,2798802.77,True
2025-08-01,2025-08-01 08:30:00,2025-08-01 09:00:00,2025-08-01 15:00:00,TICKER_0372.JP,2207.48,2229.15,1.184,0.882,518717.76,True
2025-08-01,2025-08-01 08:30:00,2025-08-01 09:00:00,2025-08-01 15:00:00,TICKER_0409.JP,2288.69,2309.81,1.125,0.823,484040.27,True
2025-08-01,2025-08-01 08:30:00,2025-08-01 09:00:00,2025-08-01 15:00:00,TICKER_0446.JP,2358.51,2351.18,-0.111,-0.411,-241634.25,False
2025-08-04,2025-08-04 08:30:00,2025-08-04 09:00:00,2025-08-04 15:00:00,TICKER_0661.JP,1671.38,1709.16,2.465,2.16,1295466.28,True
2025-08-04,2025-08-04 08:30:00,2025-08-04 09:00:00,2025-08-04 15:00:00,TICKER_0698.JP,1742.95,1791.42,2.986,2.681,1607456.99,True
2025-08-04,2025-08-04 08:30:00,2025-08-04 09:00:00,2025-08-04 15:00:00,TICKER_0735.JP,1840.9,1793.39,-2.385,-2.68,-1607355.02,False
2025-08-04,2025-08-04 08:30:00,2025-08-04 09:00:00,2025-08-04 15:00:00,TICKER_0772.JP,1906.82,1943.96,2.152,1.848,1107970.13,True
2025-08-04,2025-08-04 08:30:00,2025-08-04 09:00:00,2025-08-04 15:00:00,TICKER_0809.JP,2038.35,2151.56,5.765,5.454,3270493.86,True
2025-08-04,2025-08-04 08:30:00,2025-08-04 09:00:00,2025-08-04 15:00:00,TICKER_0846.JP,2105.13,2134.82,1.613,1.31,785758.03,True
2025-08-04,2025-08-04 08:30:00,2025-08-04 09:00:00,2025-08-04 15:00:00,TICKER_0883.JP,2173.9,2197.81,1.302,1.0,599520.77,True
2025-08-04,2025-08-04 08:30:00,2025-08-04 09:00:00,2025-08-04 15:00:00,TICKER_0920.JP,2266.54,2244.32,-0.782,-1.08,-647851.83,False
2025-08-04,2025-08-04 08:30:00,2025-08-04 09:00:00,2025-08-04 15:00:00,TICKER_0957.JP,2335.11,2320.8,-0.414,-0.713,-427592.54,False
2025-08-04,2025-08-04 08:30:00,2025-08-04 09:00:00,2025-08-04 15:00:00,TICKER_0994.JP,2429.04,2457.52,1.375,1.073,643196.83,True
2025-08-05,2025-08-05 08:30:00,2025-08-05 09:00:00,2025-08-05 15:00:00,TICKER_0076.JP,1575.87,1666.66,5.973,5.661,3430302.75,True
2025-08-05,2025-08-05 08:30:00,2025-08-05 09:00:00,2025-08-05 15:00:00,TICKER_0113.JP,1663.32,1662.4,0.144,-0.156,-94318.31,False
2025-08-05,2025-08-05 08:30:00,2025-08-05 09:00:00,2025-08-05 15:00:00,TICKER_0150.JP,1766.01,1812.57,2.841,2.536,1536650.24,True
2025-08-05,2025-08-05 08:30:00,2025-08-05 09:00:00,2025-08-05 15:00:00,TICKER_0187.JP,1884.11,1875.66,-0.249,-0.548,-332345.61,False
2025-08-05,2025-08-05 08:30:00,2025-08-05 09:00:00,2025-08-05 15:00:00,TICKER_0224.JP,1956.93,1970.16,0.877,0.576,348838.83,True
2025-08-05,2025-08-05 08:30:00,2025-08-05 09:00:00,2025-08-05 15:00:00,TICKER_0261.JP,2034.95,2020.0,-0.536,-0.835,-505905.59,False
2025-08-05,2025-08-05 08:30:00,2025-08-05 09:00:00,2025-08-05 15:00:00,TICKER_0298.JP,2102.67,2083.57,-0.71,-1.008,-610907.29,False
2025-08-05,2025-08-05 08:30:00,2025-08-05 09:00:00,2025-08-05 15:00:00,TICKER_0335.JP,2162.96,2132.04,-1.232,-1.53,-926945.42,False
2025-08-05,2025-08-05 08:30:00,2025-08-05 09:00:00,2025-08-05 15:00:00,TICKER_0372.JP,2286.56,2382.71,4.414,4.105,2487419.9,True
2025-08-05,2025-08-05 08:30:00,2025-08-05 09:00:00,2025-08-05 15:00:00,TICKER_0409.JP,2364.42,2362.09,0.101,-0.199,-120473.68,False
2025-08-06,2025-08-06 08:30:00,2025-08-06 09:00:00,2025-08-06 15:00:00,TICKER_0952.JP,1966.13,2015.2,2.701,2.396,1463518.99,True
2025-08-06,2025-08-06 08:30:00,2025-08-06 09:00:00,2025-08-06 15:00:00,TICKER_0989.JP,2064.87,2116.58,2.709,2.404,1468716.22,True
2025-08-06,2025-08-06 08:30:00,2025-08-06 09:00:00,2025-08-06 15:00:00,TICKER_1026.JP,2143.88,2123.95,-0.731,-1.03,-628930.67,False
2025-08-06,2025-08-06 08:30:00,2025-08-06 09:00:00,2025-08-06 15:00:00,TICKER_1063.JP,2232.77,2299.5,3.195,2.889,1764611.02,True
2025-08-06,2025-08-06 08:30:00,2025-08-06 09:00:00,2025-08-06 15:00:00,TICKER_1100.JP,2261.24,2334.34,3.44,3.133,1913898.39,True
2025-08-06,2025-08-06 08:30:00,2025-08-06 09:00:00,2025-08-06 15:00:00,TICKER_1137.JP,2381.37,2419.83,1.818,1.515,925499.54,True
2025-08-06,2025-08-06 08:30:00,2025-08-06 09:00:00,2025-08-06 15:00:00,TICKER_1174.JP,2449.68,2495.15,2.06,1.756,1072961.8,True
2025-08-06,2025-08-06 08:30:00,2025-08-06 09:00:00,2025-08-06 15:00:00,TICKER_1211.JP,2561.08,2566.02,0.394,0.093,56813.59,True
2025-08-06,2025-08-06 08:30:00,2025-08-06 09:00:00,2025-08-06 15:00:00,TICKER_1248.JP,2683.84,2642.49,-1.343,-1.641,-1002215.34,False
2025-08-06,2025-08-06 08:30:00,2025-08-06 09:00:00,2025-08-06 15:00:00,TICKER_1285.JP,2738.46,2799.09,2.419,2.114,1291502.1,True
2025-08-07,2025-08-07 08:30:00,2025-08-07 09:00:00,2025-08-07 15:00:00,TICKER_0538.JP,1544.75,1507.85,-2.193,-2.489,-1540146.55,False
2025-08-07,2025-08-07 08:30:00,2025-08-07 09:00:00,2025-08-07 15:00:00,TICKER_0575.JP,1629.59,1693.22,4.113,3.804,2354245.29,True
2025-08-07,2025-08-07 08:30:00,2025-08-07 09:00:00,2025-08-07 15:00:00,TICKER_0612.JP,1711.58,1702.37,-0.339,-0.638,-395002.63,False
2025-08-07,2025-08-07 08:30:00,2025-08-07 09:00:00,2025-08-07 15:00:00,TICKER_0649.JP,1794.35,1777.85,-0.721,-1.02,-630981.02,False
2025-08-07,2025-08-07 08:30:00,2025-08-07 09:00:00,2025-08-07 15:00:00,TICKER_0686.JP,1882.76,1974.24,5.069,4.759,2944886.52,True
2025-08-07,2025-08-07 08:30:00,2025-08-07 09:00:00,2025-08-07 15:00:00,TICKER_0723.JP,1975.78,1956.09,-0.798,-1.097,-678621.02,False
2025-08-07,2025-08-07 08:30:00,2025-08-07 09:00:00,2025-08-07 15:00:00,TICKER_0760.JP,2035.7,2054.57,1.129,0.827,511714.49,True
2025-08-07,2025-08-07 08:30:00,2025-08-07 09:00:00,2025-08-07 15:00:00,TICKER_0797.JP,2163.08,2162.37,0.167,-0.133,-82348.02,False
2025-08-07,2025-08-07 08:30:00,2025-08-07 09:00:00,2025-08-07 15:00:00,TICKER_0834.JP,2198.92,2178.49,-0.731,-1.029,-636736.78,False
2025-08-07,2025-08-07 08:30:00,2025-08-07 09:00:00,2025-08-07 15:00:00,TICKER_0871.JP,2327.41,2336.05,0.572,0.272,168011.89,True
2025-08-08,2025-08-08 08:30:00,2025-08-08 09:00:00,2025-08-08 15:00:00,TICKER_0513.JP,1510.72,1513.96,0.415,0.115,71270.49,True
2025-08-08,2025-08-08 08:30:00,2025-08-08 09:00:00,2025-08-08 15:00:00,TICKER_0550.JP,1607.71,1627.73,1.448,1.146,711057.58,True
2025-08-08,2025-08-08 08:30:00,2025-08-08 09:00:00,2025-08-08 15:00:00,TICKER_0587.JP,1655.41,1641.41,-0.648,-0.946,-587277.44,False
2025-08-08,2025-08-08 08:30:00,2025-08-08 09:00:00,2025-08-08 15:00:00,TICKER_0624.JP,1783.93,1795.96,0.876,0.574,356516.12,True
2025-08-08,2025-08-08 08:30:00,2025-08-08 09:00:00,2025-08-08 15:00:00,TICKER_0661.JP,1877.38,1900.77,1.449,1.146,711337.41,True
2025-08-08,2025-08-08 08:30:00,2025-08-08 09:00:00,2025-08-08 15:00:00,TICKER_0698.JP,1940.97,2020.85,4.324,4.015,2492425.95,True
2025-08-08,2025-08-08 08:30:00,2025-08-08 09:00:00,2025-08-08 15:00:00,TICKER_0735.JP,2041.04,2108.57,3.515,3.209,1991660.8,True
2025-08-08,2025-08-08 08:30:00,2025-08-08 09:00:00,2025-08-08 15:00:00,TICKER_0772.JP,2132.05,2172.49,2.101,1.797,1115157.15,True
2025-08-08,2025-08-08 08:30:00,2025-08-08 09:00:00,2025-08-08 15:00:00,TICKER_0809.JP,2223.08,2083.95,-6.071,-6.358,-3946725.76,False
2025-08-08,2025-08-08 08:30:00,2025-08-08 09:00:00,2025-08-08 15:00:00,TICKER_0846.JP,2292.41,2370.09,3.595,3.288,2041216.81,True
2025-08-11,2025-08-11 08:30:00,2025-08-11 09:00:00,2025-08-11 15:00:00,TICKER_0076.JP,1574.35,1563.58,-0.485,-0.784,-490311.44,False
2025-08-11,2025-08-11 08:30:00,2025-08-11 09:00:00,2025-08-11 15:00:00,TICKER_0113.JP,1676.24,1710.74,2.262,1.958,1224437.39,True
2025-08-11,2025-08-11 08:30:00,2025-08-11 09:00:00,2025-08-11 15:00:00,TICKER_0150.JP,1776.92,1812.58,2.211,1.907,1192616.66,True
2025-08-11,2025-08-11 08:30:00,2025-08-11 09:00:00,2025-08-11 15:00:00,TICKER_0187.JP,1834.68,1892.71,3.369,3.063,1915402.89,True
2025-08-11,2025-08-11 08:30:00,2025-08-11 09:00:00,2025-08-11 15:00:00,TICKER_0224.JP,1924.82,1957.98,1.926,1.623,1014827.67,True
2025-08-11,2025-08-11 08:30:00,2025-08-11 09:00:00,2025-08-11 15:00:00,TICKER_0261.JP,2015.06,2010.74,-0.015,-0.315,-196806.0,False
2025-08-11,2025-08-11 08:30:00,2025-08-11 09:00:00,2025-08-11 15:00:00,TICKER_0298.JP,2080.15,2178.67,4.946,4.636,2899651.08,True
2025-08-11,2025-08-11 08:30:00,2025-08-11 09:00:00,2025-08-11 15:00:00,TICKER_0335.JP,2184.98,2177.06,-0.163,-0.463,-289303.59,False
2025-08-11,2025-08-11 08:30:00,2025-08-11 09:00:00,2025-08-11 15:00:00,TICKER_0372.JP,2285.41,2240.59,-1.765,-2.061,-1289257.41,False
2025-08-11,2025-08-11 08:30:00,2025-08-11 09:00:00,2025-08-11 15:00:00,TICKER_0409.JP,2355.98,2345.95,-0.226,-0.526,-328855.03,False
2025-08-12,2025-08-12 08:30:00,2025-08-12 09:00:00,2025-08-12 15:00:00,TICKER_0956.JP,1951.99,1937.07,-0.566,-0.864,-545199.79,False
2025-08-12,2025-08-12 08:30:00,2025-08-12 09:00:00,2025-08-12 15:00:00,TICKER_0993.JP,2030.6,2040.73,0.7,0.399,251563.95,True
2025-08-12,2025-08-12 08:30:00,2025-08-12 09:00:00,2025-08-12 15:00:00,TICKER_1030.JP,2145.37,2139.25,-0.086,-0.385,-243160.89,False
2025-08-12,2025-08-12 08:30:00,2025-08-12 09:00:00,2025-08-12 15:00:00,TICKER_1067.JP,2233.17,2167.91,-2.728,-3.022,-1906495.78,False
2025-08-12,2025-08-12 08:30:00,2025-08-12 09:00:00,2025-08-12 15:00:00,TICKER_1104.JP,2288.42,2305.3,0.94,0.638,402388.1,True
2025-08-12,2025-08-12 08:30:00,2025-08-12 09:00:00,2025-08-12 15:00:00,TICKER_1141.JP,2409.99,2386.88,-0.761,-1.059,-667887.73,False
2025-08-12,2025-08-12 08:30:00,2025-08-12 09:00:00,2025-08-12 15:00:00,TICKER_1178.JP,2486.25,2456.86,-0.984,-1.282,-808826.44,False
2025-08-12,2025-08-12 08:30:00,2025-08-12 09:00:00,2025-08-12 15:00:00,TICKER_1215.JP,2515.76,2540.27,1.176,0.874,551329.04,True
2025-08-12,2025-08-12 08:30:00,2025-08-12 09:00:00,2025-08-12 15:00:00,TICKER_1252.JP,2632.73,2712.63,3.241,2.935,1851425.42,True
2025-08-12,2025-08-12 08:30:00,2025-08-12 09:00:00,2025-08-12 15:00:00,TICKER_1289.JP,2718.77,2668.81,-1.641,-1.938,-1222178.98,False
2025-08-13,2025-08-13 08:30:00,2025-08-13 09:00:00,2025-08-13 15:00:00,TICKER_0583.JP,1595.0,1606.72,0.936,0.635,398950.29,True
2025-08-13,2025-08-13 08:30:00,2025-08-13 09:00:00,2025-08-13 15:00:00,TICKER_0620.JP,1668.76,1681.79,0.983,0.681,427928.76,True
2025-08-13,2025-08-13 08:30:00,2025-08-13 09:00:00,2025-08-13 15:00:00,TICKER_0657.JP,1746.02,1796.71,3.109,2.803,1761912.63,True
2025-08-13,2025-08-13 08:30:00,2025-08-13 09:00:00,2025-08-13 15:00:00,TICKER_0694.JP,1822.33,1845.71,1.486,1.183,743658.77,True
2025-08-13,2025-08-13 08:30:00,2025-08-13 09:00:00,2025-08-13 15:00:00,TICKER_0731.JP,1931.45,1975.42,2.481,2.177,1368221.31,True
2025-08-13,2025-08-13 08:30:00,2025-08-13 09:00:00,2025-08-13 15:00:00,TICKER_0768.JP,2041.49,1971.85,-3.218,-3.511,-2207190.68,False
2025-08-13,2025-08-13 08:30:00,2025-08-13 09:00:00,2025-08-13 15:00:00,TICKER_0805.JP,2069.13,2115.31,2.437,2.132,1340210.13,True
2025-08-13,2025-08-13 08:30:00,2025-08-13 09:00:00,2025-08-13 15:00:00,TICKER_0842.JP,2171.36,2225.42,2.695,2.39,1502198.18,True
2025-08-13,2025-08-13 08:30:00,2025-08-13 09:00:00,2025-08-13 15:00:00,TICKER_0879.JP,2285.46,2356.07,3.296,2.989,1879110.82,True
2025-08-13,2025-08-13 08:30:00,2025-08-13 09:00:00,2025-08-13 15:00:00,TICKER_0916.JP,2321.5,2415.9,4.275,3.966,2493226.05,True
2025-08-14,2025-08-14 08:30:00,2025-08-14 09:00:00,2025-08-14 15:00:00,TICKER_0762.JP,1749.46,1786.05,2.296,1.992,1270348.75,True
2025-08-14,2025-08-14 08:30:00,2025-08-14 09:00:00,2025-08-14 15:00:00,TICKER_0799.JP,1838.07,1919.08,4.617,4.308,2747333.17,True
2025-08-14,2025-08-14 08:30:00,2025-08-14 09:00:00,2025-08-14 15:00:00,TICKER_0836.JP,1972.48,1999.82,1.589,1.286,820184.26,True
2025-08-14,2025-08-14 08:30:00,2025-08-14 09:00:00,2025-08-14 15:00:00,TICKER_0873.JP,2023.92,2041.62,1.076,0.774,493827.93,True
2025-08-14,2025-08-14 08:30:00,2025-08-14 09:00:00,2025-08-14 15:00:00,TICKER_0910.JP,2133.21,2169.64,1.911,1.608,1025342.77,True
2025-08-14,2025-08-14 08:30:00,2025-08-14 09:00:00,2025-08-14 15:00:00,TICKER_0947.JP,2195.7,2184.73,-0.3,-0.6,-382446.42,False
2025-08-14,2025-08-14 08:30:00,2025-08-14 09:00:00,2025-08-14 15:00:00,TICKER_0984.JP,2287.44,2321.88,1.709,1.406,896523.44,True
2025-08-14,2025-08-14 08:30:00,2025-08-14 09:00:00,2025-08-14 15:00:00,TICKER_1021.JP,2371.6,2379.02,0.514,0.213,135751.41,True
2025-08-14,2025-08-14 08:30:00,2025-08-14 09:00:00,2025-08-14 15:00:00,TICKER_1058.JP,2459.11,2525.41,2.902,2.596,1655939.37,True
2025-08-14,2025-08-14 08:30:00,2025-08-14 09:00:00,2025-08-14 15:00:00,TICKER_1095.JP,2515.85,2531.47,0.822,0.521,332021.44,True
2025-08-15,2025-08-15 08:30:00,2025-08-15 09:00:00,2025-08-15 15:00:00,TICKER_0302.JP,1851.05,1839.31,-0.435,-0.734,-474582.98,False
2025-08-15,2025-08-15 08:30:00,2025-08-15 09:00:00,2025-08-15 15:00:00,TICKER_0339.JP,1924.08,1989.08,3.585,3.278,2118769.34,True
2025-08-15,2025-08-15 08:30:00,2025-08-15 09:00:00,2025-08-15 15:00:00,TICKER_0376.JP,1970.71,2006.97,2.044,1.74,1124684.99,True
2025-08-15,2025-08-15 08:30:00,2025-08-15 09:00:00,2025-08-15 15:00:00,TICKER_0413.JP,2056.31,2059.9,0.375,0.074,48011.8,True
2025-08-15,2025-08-15 08:30:00,2025-08-15 09:00:00,2025-08-15 15:00:00,TICKER_0450.JP,2164.53,2198.32,1.764,1.461,944276.4,True
2025-08-15,2025-08-15 08:30:00,2025-08-15 09:00:00,2025-08-15 15:00:00,TICKER_0487.JP,2230.22,2288.74,2.829,2.524,1631382.38,True
2025-08-15,2025-08-15 08:30:00,2025-08-15 09:00:00,2025-08-15 15:00:00,TICKER_0524.JP,2301.3,2359.35,2.728,2.422,1565748.94,True
2025-08-15,2025-08-15 08:30:00,2025-08-15 09:00:00,2025-08-15 15:00:00,TICKER_0561.JP,2434.26,2539.53,4.533,4.224,2730399.93,True
2025-08-15,2025-08-15 08:30:00,2025-08-15 09:00:00,2025-08-15 15:00:00,TICKER_0598.JP,2462.93,2535.23,3.142,2.836,1832781.76,True
2025-08-15,2025-08-15 08:30:00,2025-08-15 09:00:00,2025-08-15 15:00:00,TICKER_0635.JP,2576.42,2647.03,2.946,2.64,1706669.43,True
2025-08-18,2025-08-18 08:30:00,2025-08-18 09:00:00,2025-08-18 15:00:00,TICKER_0098.JP,1601.39,1580.3,-1.12,-1.417,-933737.45,False
2025-08-18,2025-08-18 08:30:00,2025-08-18 09:00:00,2025-08-18 15:00:00,TICKER_0135.JP,1709.05,1744.99,2.308,2.003,1319984.31,True
2025-08-18,2025-08-18 08:30:00,2025-08-18 09:00:00,2025-08-18 15:00:00,TICKER_0172.JP,1796.84,1826.15,1.835,1.532,1009186.15,True
2025-08-18,2025-08-18 08:30:00,2025-08-18 09:00:00,2025-08-18 15:00:00,TICKER_0209.JP,1852.63,1879.62,1.66,1.357,893964.62,True
2025-08-18,2025-08-18 08:30:00,2025-08-18 09:00:00,2025-08-18 15:00:00,TICKER_0246.JP,1954.11,2008.6,2.994,2.688,1771382.96,True
2025-08-18,2025-08-18 08:30:00,2025-08-18 09:00:00,2025-08-18 15:00:00,TICKER_0283.JP,2029.46,2030.93,0.273,-0.028,-18176.85,False
2025-08-18,2025-08-18 08:30:00,2025-08-18 09:00:00,2025-08-18 15:00:00,TICKER_0320.JP,2115.82,2081.56,-1.423,-1.72,-1133052.08,False
2025-08-18,2025-08-18 08:30:00,2025-08-18 09:00:00,2025-08-18 15:00:00,TICKER_0357.JP,2201.48,2281.74,3.853,3.546,2336232.86,True
2025-08-18,2025-08-18 08:30:00,2025-08-18 09:00:00,2025-08-18 15:00:00,TICKER_0394.JP,2297.43,2424.48,5.742,5.43,3578200.19,True
2025-08-18,2025-08-18 08:30:00,2025-08-18 09:00:00,2025-08-18 15:00:00,TICKER_0431.JP,2378.43,2402.07,1.196,0.894,589011.68,True
2025-08-19,2025-08-19 08:30:00,2025-08-19 09:00:00,2025-08-19 15:00:00,TICKER_0481.JP,2005.91,2059.99,2.901,2.596,1733575.47,True
2025-08-19,2025-08-19 08:30:00,2025-08-19 09:00:00,2025-08-19 15:00:00,TICKER_0518.JP,2094.37,2085.1,-0.243,-0.543,-362371.82,False
2025-08-19,2025-08-19 08:30:00,2025-08-19 09:00:00,2025-08-19 15:00:00,TICKER_0555.JP,2173.18,2180.42,0.534,0.233,155601.24,True
2025-08-19,2025-08-19 08:30:00,2025-08-19 09:00:00,2025-08-19 15:00:00,TICKER_0592.JP,2268.19,2262.77,-0.039,-0.339,-226108.75,False
2025-08-19,2025-08-19 08:30:00,2025-08-19 09:00:00,2025-08-19 15:00:00,TICKER_0629.JP,2324.26,2314.07,-0.239,-0.538,-359538.42,False
2025-08-19,2025-08-19 08:30:00,2025-08-19 09:00:00,2025-08-19 15:00:00,TICKER_0666.JP,2445.97,2497.32,2.304,1.999,1335199.65,True
2025-08-19,2025-08-19 08:30:00,2025-08-19 09:00:00,2025-08-19 15:00:00,TICKER_0703.JP,2521.38,2603.2,3.452,3.145,2100582.84,True
2025-08-19,2025-08-19 08:30:00,2025-08-19 09:00:00,2025-08-19 15:00:00,TICKER_0740.JP,2549.08,2542.45,-0.06,-0.36,-240269.3,False
2025-08-19,2025-08-19 08:30:00,2025-08-19 09:00:00,2025-08-19 15:00:00,TICKER_0777.JP,2684.12,2632.43,-1.729,-2.026,-1352836.5,False
2025-08-19,2025-08-19 08:30:00,2025-08-19 09:00:00,2025-08-19 15:00:00,TICKER_0814.JP,2755.02,2769.63,0.731,0.43,287268.24,True
2025-08-20,2025-08-20 08:30:00,2025-08-20 09:00:00,2025-08-20 15:00:00,TICKER_0162.JP,1687.42,1714.71,1.821,1.518,1018054.13,True
2025-08-20,2025-08-20 08:30:00,2025-08-20 09:00:00,2025-08-20 15:00:00,TICKER_0199.JP,1769.18,1793.59,1.583,1.28,858687.41,True
2025-08-20,2025-08-20 08:30:00,2025-08-20 09:00:00,2025-08-20 15:00:00,TICKER_0236.JP,1859.85,1899.04,2.312,2.007,1346390.21,True
2025-08-20,2025-08-20 08:30:00,2025-08-20 09:00:00,2025-08-20 15:00:00,TICKER_0273.JP,1906.85,1869.8,-1.747,-2.043,-1370617.31,False
2025-08-20,2025-08-20 08:30:00,2025-08-20 09:00:00,2025-08-20 15:00:00,TICKER_0310.JP,2061.91,2156.11,4.778,4.469,2997468.19,True
2025-08-20,2025-08-20 08:30:00,2025-08-20 09:00:00,2025-08-20 15:00:00,TICKER_0347.JP,2118.85,2212.69,4.638,4.329,2903611.02,True
2025-08-20,2025-08-20 08:30:00,2025-08-20 09:00:00,2025-08-20 15:00:00,TICKER_0384.JP,2164.79,2191.01,1.414,1.111,745184.35,True
2025-08-20,2025-08-20 08:30:00,2025-08-20 09:00:00,2025-08-20 15:00:00,TICKER_0421.JP,2279.77,2363.86,3.896,3.589,2407279.94,True
2025-08-20,2025-08-20 08:30:00,2025-08-20 09:00:00,2025-08-20 15:00:00,TICKER_0458.JP,2347.94,2295.75,-2.027,-2.323,-1557894.55,False
2025-08-20,2025-08-20 08:30:00,2025-08-20 09:00:00,2025-08-20 15:00:00,TICKER_0495.JP,2452.18,2418.17,-1.19,-1.487,-997402.22,False
2025-08-21,2025-08-21 08:30:00,2025-08-21 09:00:00,2025-08-21 15:00:00,TICKER_0719.JP,1742.65,1759.09,1.145,0.843,572346.52,True
2025-08-21,2025-08-21 08:30:00,2025-08-21 09:00:00,2025-08-21 15:00:00,TICKER_0756.JP,1805.96,1811.7,0.518,0.217,147558.45,True
2025-08-21,2025-08-21 08:30:00,2025-08-21 09:00:00,2025-08-21 15:00:00,TICKER_0793.JP,1930.11,1979.23,2.75,2.445,1659416.43,True
2025-08-21,2025-08-21 08:30:00,2025-08-21 09:00:00,2025-08-21 15:00:00,TICKER_0830.JP,1993.39,2059.69,3.533,3.226,2189395.36,True
2025-08-21,2025-08-21 08:30:00,2025-08-21 09:00:00,2025-08-21 15:00:00,TICKER_0867.JP,2094.19,2149.54,2.848,2.543,1725845.81,True
2025-08-21,2025-08-21 08:30:00,2025-08-21 09:00:00,2025-08-21 15:00:00,TICKER_0904.JP,2188.99,2303.91,5.461,5.15,3495502.35,True
2025-08-21,2025-08-21 08:30:00,2025-08-21 09:00:00,2025-08-21 15:00:00,TICKER_0941.JP,2224.07,2261.73,1.897,1.593,1081199.56,True
2025-08-21,2025-08-21 08:30:00,2025-08-21 09:00:00,2025-08-21 15:00:00,TICKER_0978.JP,2313.84,2358.39,2.129,1.825,1238824.53,True
2025-08-21,2025-08-21 08:30:00,2025-08-21 09:00:00,2025-08-21 15:00:00,TICKER_1015.JP,2420.05,2465.75,2.093,1.789,1213911.27,True
2025-08-21,2025-08-21 08:30:00,2025-08-21 09:00:00,2025-08-21 15:00:00,TICKER_1052.JP,2481.49,2528.53,2.1,1.796,1218709.15,True
2025-08-22,2025-08-22 08:30:00,2025-08-22 09:00:00,2025-08-22 15:00:00,TICKER_0876.JP,1862.12,1993.26,7.257,6.943,4808012.52,True
2025-08-22,2025-08-22 08:30:00,2025-08-22 09:00:00,2025-08-22 15:00:00,TICKER_0913.JP,1979.58,2031.94,2.85,2.545,1762421.51,True
2025-08-22,2025-08-22 08:30:00,2025-08-22 09:00:00,2025-08-22 15:00:00,TICKER_0950.JP,2094.18,2084.06,-0.284,-0.583,-403851.23,False
2025-08-22,2025-08-22 08:30:00,2025-08-22 09:00:00,2025-08-22 15:00:00,TICKER_0987.JP,2101.75,2181.94,4.023,3.715,2572869.66,True
2025-08-22,2025-08-22 08:30:00,2025-08-22 09:00:00,2025-08-22 15:00:00,TICKER_1024.JP,2262.3,2300.67,1.9,1.596,1105216.76,True
2025-08-22,2025-08-22 08:30:00,2025-08-22 09:00:00,2025-08-22 15:00:00,TICKER_1061.JP,2299.92,2312.1,0.731,0.429,297435.7,True
2025-08-22,2025-08-22 08:30:00,2025-08-22 09:00:00,2025-08-22 15:00:00,TICKER_1098.JP,2401.63,2405.79,0.374,0.073,50777.68,True
2025-08-22,2025-08-22 08:30:00,2025-08-22 09:00:00,2025-08-22 15:00:00,TICKER_1135.JP,2457.71,2497.0,1.802,1.499,1037994.19,True
2025-08-22,2025-08-22 08:30:00,2025-08-22 09:00:00,2025-08-22 15:00:00,TICKER_1172.JP,2550.91,2609.31,2.494,2.189,1516188.24,True
2025-08-22,2025-08-22 08:30:00,2025-08-22 09:00:00,2025-08-22 15:00:00,TICKER_1209.JP,2616.5,2640.81,1.131,0.829,573977.99,True
2025-08-25,2025-08-25 08:30:00,2025-08-25 09:00:00,2025-08-25 15:00:00,TICKER_0224.JP,1757.1,1752.38,-0.069,-0.369,-259924.98,False
2025-08-25,2025-08-25 08:30:00,2025-08-25 09:00:00,2025-08-25 15:00:00,TICKER_0261.JP,1840.4,1826.54,-0.554,-0.853,-601467.91,False
2025-08-25,2025-08-25 08:30:00,2025-08-25 09:00:00,2025-08-25 15:00:00,TICKER_0298.JP,1915.16,1982.26,3.71,3.403,2399879.7,True
2025-08-25,2025-08-25 08:30:00,2025-08-25 09:00:00,2025-08-25 15:00:00,TICKER_0335.JP,1996.93,1944.8,-2.416,-2.711,-1911444.42,False
2025-08-25,2025-08-25 08:30:00,2025-08-25 09:00:00,2025-08-25 15:00:00,TICKER_0372.JP,2074.28,2135.26,3.146,2.84,2002585.56,True
2025-08-25,2025-08-25 08:30:00,2025-08-25 09:00:00,2025-08-25 15:00:00,TICKER_0409.JP,2145.21,2103.85,-1.732,-2.028,-1430078.17,False
2025-08-25,2025-08-25 08:30:00,2025-08-25 09:00:00,2025-08-25 15:00:00,TICKER_0446.JP,2238.9,2305.57,3.184,2.878,2029536.73,True
2025-08-25,2025-08-25 08:30:00,2025-08-25 09:00:00,2025-08-25 15:00:00,TICKER_0483.JP,2292.09,2391.15,4.531,4.222,2977030.87,True
2025-08-25,2025-08-25 08:30:00,2025-08-25 09:00:00,2025-08-25 15:00:00,TICKER_0520.JP,2406.64,2384.08,-0.739,-1.037,-731575.62,False
2025-08-25,2025-08-25 08:30:00,2025-08-25 09:00:00,2025-08-25 15:00:00,TICKER_0557.JP,2457.11,2489.48,1.52,1.217,858292.29,True
2025-08-26,2025-08-26 08:30:00,2025-08-26 09:00:00,2025-08-26 15:00:00,TICKER_0114.JP,1624.33,1628.09,0.432,0.131,93276.39,True
2025-08-26,2025-08-26 08:30:00,2025-08-26 09:00:00,2025-08-26 15:00:00,TICKER_0151.JP,1699.43,1817.44,7.158,6.844,4861107.93,True
2025-08-26,2025-08-26 08:30:00,2025-08-26 09:00:00,2025-08-26 15:00:00,TICKER_0188.JP,1773.0,1722.84,-2.635,-2.929,-2080608.33,False
2025-08-26,2025-08-26 08:30:00,2025-08-26 09:00:00,2025-08-26 15:00:00,TICKER_0225.JP,1903.94,1988.4,4.645,4.336,3079569.24,True
2025-08-26,2025-08-26 08:30:00,2025-08-26 09:00:00,2025-08-26 15:00:00,TICKER_0262.JP,1972.24,1985.98,0.898,0.597,423844.4,True
2025-08-26,2025-08-26 08:30:00,2025-08-26 09:00:00,2025-08-26 15:00:00,TICKER_0299.JP,2051.19,2036.49,-0.518,-0.817,-579945.33,False
2025-08-26,2025-08-26 08:30:00,2025-08-26 09:00:00,2025-08-26 15:00:00,TICKER_0336.JP,2118.79,2156.04,1.962,1.658,1177814.41,True
2025-08-26,2025-08-26 08:30:00,2025-08-26 09:00:00,2025-08-26 15:00:00,TICKER_0373.JP,2223.9,2239.68,0.911,0.609,432823.98,True
2025-08-26,2025-08-26 08:30:00,2025-08-26 09:00:00,2025-08-26 15:00:00,TICKER_0410.JP,2296.9,2350.7,2.547,2.242,1592330.84,True
2025-08-26,2025-08-26 08:30:00,2025-08-26 09:00:00,2025-08-26 15:00:00,TICKER_0447.JP,2392.93,2487.51,4.161,3.852,2736181.52,True
2025-08-27,2025-08-27 08:30:00,2025-08-27 09:00:00,2025-08-27 15:00:00,TICKER_0508.JP,1520.17,1550.92,2.227,1.923,1387043.64,True
2025-08-27,2025-08-27 08:30:00,2025-08-27 09:00:00,2025-08-27 15:00:00,TICKER_0545.JP,1607.15,1624.39,1.276,0.973,702085.03,True
2025-08-27,2025-08-27 08:30:00,2025-08-27 09:00:00,2025-08-27 15:00:00,TICKER_0582.JP,1671.08,1707.18,2.365,2.06,1486346.25,True
2025-08-27,2025-08-27 08:30:00,2025-08-27 09:00:00,2025-08-27 15:00:00,TICKER_0619.JP,1755.0,1765.3,0.788,0.487,351228.66,True
2025-08-27,2025-08-27 08:30:00,2025-08-27 09:00:00,2025-08-27 15:00:00,TICKER_0656.JP,1864.93,1882.08,1.121,0.819,590985.1,True
2025-08-27,2025-08-27 08:30:00,2025-08-27 09:00:00,2025-08-27 15:00:00,TICKER_0693.JP,1977.15,1997.86,1.25,0.948,683679.95,True
2025-08-27,2025-08-27 08:30:00,2025-08-27 09:00:00,2025-08-27 15:00:00,TICKER_0730.JP,2030.5,2010.4,-0.792,-1.09,-786281.45,False
2025-08-27,2025-08-27 08:30:00,2025-08-27 09:00:00,2025-08-27 15:00:00,TICKER_0767.JP,2132.49,2189.32,2.87,2.565,1850281.72,True
2025-08-27,2025-08-27 08:30:00,2025-08-27 09:00:00,2025-08-27 15:00:00,TICKER_0804.JP,2206.27,2165.71,-1.642,-1.938,-1398408.28,False
2025-08-27,2025-08-27 08:30:00,2025-08-27 09:00:00,2025-08-27 15:00:00,TICKER_0841.JP,2282.11,2296.62,0.837,0.536,386573.08,True
2025-08-28,2025-08-28 08:30:00,2025-08-28 09:00:00,2025-08-28 15:00:00,TICKER_0180.JP,1673.72,1696.65,1.573,1.27,922491.13,True
2025-08-28,2025-08-28 08:30:00,2025-08-28 09:00:00,2025-08-28 15:00:00,TICKER_0217.JP,1764.52,1801.27,2.287,1.982,1439973.99,True
2025-08-28,2025-08-28 08:30:00,2025-08-28 09:00:00,2025-08-28 15:00:00,TICKER_0254.JP,1856.83,1939.21,4.645,4.336,3149785.31,True
2025-08-28,2025-08-28 08:30:00,2025-08-28 09:00:00,2025-08-28 15:00:00,TICKER_0291.JP,1956.05,1975.65,1.204,0.902,655147.0,True
2025-08-28,2025-08-28 08:30:00,2025-08-28 09:00:00,2025-08-28 15:00:00,TICKER_0328.JP,2045.45,2056.8,0.756,0.455,330343.79,True
2025-08-28,2025-08-28 08:30:00,2025-08-28 09:00:00,2025-08-28 15:00:00,TICKER_0365.JP,2127.55,2164.36,1.934,1.631,1184399.63,True
2025-08-28,2025-08-28 08:30:00,2025-08-28 09:00:00,2025-08-28 15:00:00,TICKER_0402.JP,2193.15,2247.56,2.686,2.381,1729426.93,True
2025-08-28,2025-08-28 08:30:00,2025-08-28 09:00:00,2025-08-28 15:00:00,TICKER_0439.JP,2240.6,2329.93,4.195,3.887,2823349.8,True
2025-08-28,2025-08-28 08:30:00,2025-08-28 09:00:00,2025-08-28 15:00:00,TICKER_0476.JP,2348.59,2409.47,2.798,2.492,1810351.64,True
2025-08-28,2025-08-28 08:30:00,2025-08-28 09:00:00,2025-08-28 15:00:00,TICKER_0513.JP,2442.04,2522.68,3.509,3.202,2326151.7,True
2025-08-29,2025-08-29 08:30:00,2025-08-29 09:00:00,2025-08-29 15:00:00,TICKER_0691.JP,1686.16,1689.44,0.395,0.094,69884.26,True
2025-08-29,2025-08-29 08:30:00,2025-08-29 09:00:00,2025-08-29 15:00:00,TICKER_0728.JP,1780.86,1759.22,-1.017,-1.315,-975756.68,False
2025-08-29,2025-08-29 08:30:00,2025-08-29 09:00:00,2025-08-29 15:00:00,TICKER_0765.JP,1850.45,1892.39,2.471,2.166,1607274.76,True
2025-08-29,2025-08-29 08:30:00,2025-08-29 09:00:00,2025-08-29 15:00:00,TICKER_0802.JP,1932.27,1953.3,1.291,0.989,733467.81,True
2025-08-29,2025-08-29 08:30:00,2025-08-29 09:00:00,2025-08-29 15:00:00,TICKER_0839.JP,2042.5,2070.46,1.572,1.269,941343.19,True
2025-08-29,2025-08-29 08:30:00,2025-08-29 09:00:00,2025-08-29 15:00:00,TICKER_0876.JP,2138.95,2146.17,0.539,0.238,176415.59,True
2025-08-29,2025-08-29 08:30:00,2025-08-29 09:00:00,2025-08-29 15:00:00,TICKER_0913.JP,2215.57,2301.1,4.068,3.76,2789754.53,True
2025-08-29,2025-08-29 08:30:00,2025-08-29 09:00:00,2025-08-29 15:00:00,TICKER_0950.JP,2268.02,2286.57,1.02,0.718,532809.75,True
2025-08-29,2025-08-29 08:30:00,2025-08-29 09:00:00,2025-08-29 15:00:00,TICKER_0987.JP,2391.86,2497.16,4.611,4.302,3192161.81,True
2025-08-29,2025-08-29 08:30:00,2025-08-29 09:00:00,2025-08-29 15:00:00,TICKER_1024.JP,2452.2,2492.58,1.85,1.547,1147699.42,True
2025-09-01,2025-09-01 08:30:00,2025-09-01 09:00:00,2025-09-01 15:00:00,TICKER_0892.JP,1896.2,1914.85,1.186,0.883,664065.39,True
2025-09-01,2025-09-01 08:30:00,2025-09-01 09:00:00,2025-09-01 15:00:00,TICKER_0929.JP,1962.44,1936.9,-1.104,-1.401,-1053355.0,False
2025-09-01,2025-09-01 08:30:00,2025-09-01 09:00:00,2025-09-01 15:00:00,TICKER_0966.JP,2102.39,2060.07,-1.817,-2.113,-1588265.13,False
2025-09-01,2025-09-01 08:30:00,2025-09-01 09:00:00,2025-09-01 15:00:00,TICKER_1003.JP,2152.34,2245.09,4.518,4.209,3163943.1,True
2025-09-01,2025-09-01 08:30:00,2025-09-01 09:00:00,2025-09-01 15:00:00,TICKER_1040.JP,2208.24,2292.04,4.003,3.695,2777216.1,True
2025-09-01,2025-09-01 08:30:00,2025-09-01 09:00:00,2025-09-01 15:00:00,TICKER_1077.JP,2354.5,2443.45,3.986,3.678,2764501.07,True
2025-09-01,2025-09-01 08:30:00,2025-09-01 09:00:00,2025-09-01 15:00:00,TICKER_1114.JP,2441.25,2453.98,0.723,0.422,316928.89,True
2025-09-01,2025-09-01 08:30:00,2025-09-01 09:00:00,2025-09-01 15:00:00,TICKER_1151.JP,2500.11,2633.04,5.528,5.217,3921493.83,True
2025-09-01,2025-09-01 08:30:00,2025-09-01 09:00:00,2025-09-01 15:00:00,TICKER_1188.JP,2593.0,2652.07,2.483,2.178,1636968.57,True
2025-09-01,2025-09-01 08:30:00,2025-09-01 09:00:00,2025-09-01 15:00:00,TICKER_1225.JP,2652.34,2644.83,-0.083,-0.383,-287908.42,False
2025-09-02,2025-09-02 08:30:00,2025-09-02 09:00:00,2025-09-02 15:00:00,TICKER_0145.JP,1661.76,1731.97,4.433,4.125,3148637.62,True
2025-09-02,2025-09-02 08:30:00,2025-09-02 09:00:00,2025-09-02 15:00:00,TICKER_0182.JP,1731.34,1803.88,4.399,4.09,3122135.26,True
2025-09-02,2025-09-02 08:30:00,2025-09-02 09:00:00,2025-09-02 15:00:00,TICKER_0219.JP,1848.64,1878.79,1.835,1.531,1168728.17,True
2025-09-02,2025-09-02 08:30:00,2025-09-02 09:00:00,2025-09-02 15:00:00,TICKER_0256.JP,1921.68,1939.81,1.145,0.843,643776.78,True
2025-09-02,2025-09-02 08:30:00,2025-09-02 09:00:00,2025-09-02 15:00:00,TICKER_0293.JP,1976.85,2008.91,1.825,1.521,1161404.45,True
2025-09-02,2025-09-02 08:30:00,2025-09-02 09:00:00,2025-09-02 15:00:00,TICKER_0330.JP,2057.85,2050.76,-0.145,-0.444,-339280.04,False
2025-09-02,2025-09-02 08:30:00,2025-09-02 09:00:00,2025-09-02 15:00:00,TICKER_0367.JP,2137.18,2194.65,2.895,2.589,1976629.05,True
2025-09-02,2025-09-02 08:30:00,2025-09-02 09:00:00,2025-09-02 15:00:00,TICKER_0404.JP,2205.15,2259.91,2.688,2.383,1819074.65,True
2025-09-02,2025-09-02 08:30:00,2025-09-02 09:00:00,2025-09-02 15:00:00,TICKER_0441.JP,2363.67,2407.92,2.076,1.772,1352654.82,True
2025-09-02,2025-09-02 08:30:00,2025-09-02 09:00:00,2025-09-02 15:00:00,TICKER_0478.JP,2417.26,2454.88,1.76,1.456,1111588.2,True
2025-09-03,2025-09-03 08:30:00,2025-09-03 09:00:00,2025-09-03 15:00:00,TICKER_0364.JP,1894.68,1942.99,2.755,2.449,1904985.63,True
2025-09-03,2025-09-03 08:30:00,2025-09-03 09:00:00,2025-09-03 15:00:00,TICKER_0401.JP,2011.6,2056.31,2.427,2.123,1650934.89,True
2025-09-03,2025-09-03 08:30:00,2025-09-03 09:00:00,2025-09-03 15:00:00,TICKER_0438.JP,2038.49,2057.66,1.143,0.841,653768.69,True
2025-09-03,2025-09-03 08:30:00,2025-09-03 09:00:00,2025-09-03 15:00:00,TICKER_0475.JP,2149.67,2123.83,-1.004,-1.302,-1012428.58,False
2025-09-03,2025-09-03 08:30:00,2025-09-03 09:00:00,2025-09-03 15:00:00,TICKER_0512.JP,2243.95,2316.17,3.425,3.118,2425346.51,True
2025-09-03,2025-09-03 08:30:00,2025-09-03 09:00:00,2025-09-03 15:00:00,TICKER_0549.JP,2330.92,2409.3,3.57,3.263,2537489.68,True
2025-09-03,2025-09-03 08:30:00,2025-09-03 09:00:00,2025-09-03 15:00:00,TICKER_0586.JP,2401.79,2438.87,1.747,1.444,1122928.54,True
2025-09-03,2025-09-03 08:30:00,2025-09-03 09:00:00,2025-09-03 15:00:00,TICKER_0623.JP,2459.68,2485.95,1.271,0.968,753018.16,True
2025-09-03,2025-09-03 08:30:00,2025-09-03 09:00:00,2025-09-03 15:00:00,TICKER_0660.JP,2573.75,2595.59,1.05,0.749,582215.73,True
2025-09-03,2025-09-03 08:30:00,2025-09-03 09:00:00,2025-09-03 15:00:00,TICKER_0697.JP,2632.83,2588.78,-1.476,-1.773,-1379075.56,False
2025-09-04,2025-09-04 08:30:00,2025-09-04 09:00:00,2025-09-04 15:00:00,TICKER_0719.JP,1713.44,1755.85,2.68,2.375,1868135.04,True
2025-09-04,2025-09-04 08:30:00,2025-09-04 09:00:00,2025-09-04 15:00:00,TICKER_0756.JP,1804.27,1836.98,2.017,1.713,1347198.53,True
2025-09-04,2025-09-04 08:30:00,2025-09-04 09:00:00,2025-09-04 15:00:00,TICKER_0793.JP,1928.63,1936.35,0.602,0.301,236386.03,True
2025-09-04,2025-09-04 08:30:00,2025-09-04 09:00:00,2025-09-04 15:00:00,TICKER_0830.JP,1995.39,2019.58,1.415,1.112,874649.3,True
2025-09-04,2025-09-04 08:30:00,2025-09-04 09:00:00,2025-09-04 15:00:00,TICKER_0867.JP,2076.73,2062.23,-0.5,-0.799,-628152.76,False
2025-09-04,2025-09-04 08:30:00,2025-09-04 09:00:00,2025-09-04 15:00:00,TICKER_0904.JP,2138.72,2181.85,2.221,1.917,1507456.18,True
2025-09-04,2025-09-04 08:30:00,2025-09-04 09:00:00,2025-09-04 15:00:00,TICKER_0941.JP,2253.76,2342.61,4.15,3.842,3021840.59,True
2025-09-04,2025-09-04 08:30:00,2025-09-04 09:00:00,2025-09-04 15:00:00,TICKER_0978.JP,2334.56,2318.98,-0.469,-0.768,-603669.44,False
2025-09-04,2025-09-04 08:30:00,2025-09-04 09:00:00,2025-09-04 15:00:00,TICKER_1015.JP,2429.93,2457.59,1.341,1.038,816733.24,True
2025-09-04,2025-09-04 08:30:00,2025-09-04 09:00:00,2025-09-04 15:00:00,TICKER_1052.JP,2512.82,2595.39,3.493,3.186,2505883.95,True
2025-09-05,2025-09-05 08:30:00,2025-09-05 09:00:00,2025-09-05 15:00:00,TICKER_0138.JP,1656.16,1672.75,1.203,0.901,718166.99,True
2025-09-05,2025-09-05 08:30:00,2025-09-05 09:00:00,2025-09-05 15:00:00,TICKER_0175.JP,1739.45,1753.62,1.017,0.715,569820.05,True
2025-09-05,2025-09-05 08:30:00,2025-09-05 09:00:00,2025-09-05 15:00:00,TICKER_0212.JP,1838.58,1870.41,1.935,1.631,1300010.41,True
2025-09-05,2025-09-05 08:30:00,2025-09-05 09:00:00,2025-09-05 15:00:00,TICKER_0249.JP,1906.08,1924.5,1.168,0.866,690413.5,True
2025-09-05,2025-09-05 08:30:00,2025-09-05 09:00:00,2025-09-05 15:00:00,TICKER_0286.JP,2029.71,2006.26,-0.957,-1.255,-1000251.55,False
2025-09-05,2025-09-05 08:30:00,2025-09-05 09:00:00,2025-09-05 15:00:00,TICKER_0323.JP,2078.03,2034.6,-1.894,-2.19,-1744952.6,False
2025-09-05,2025-09-05 08:30:00,2025-09-05 09:00:00,2025-09-05 15:00:00,TICKER_0360.JP,2144.71,2090.94,-2.312,-2.607,-2077867.35,False
2025-09-05,2025-09-05 08:30:00,2025-09-05 09:00:00,2025-09-05 15:00:00,TICKER_0397.JP,2249.88,2310.93,2.919,2.613,2082716.86,True
2025-09-05,2025-09-05 08:30:00,2025-09-05 09:00:00,2025-09-05 15:00:00,TICKER_0434.JP,2331.32,2296.61,-1.292,-1.589,-1266127.51,False
2025-09-05,2025-09-05 08:30:00,2025-09-05 09:00:00,2025-09-05 15:00:00,TICKER_0471.JP,2420.7,2404.49,-0.471,-0.769,-613187.69,False
2025-09-08,2025-09-08 08:30:00,2025-09-08 09:00:00,2025-09-08 15:00:00,TICKER_0726.JP,1710.95,1751.25,2.56,2.255,1794420.16,True
2025-09-08,2025-09-08 08:30:00,2025-09-08 09:00:00,2025-09-08 15:00:00,TICKER_0763.JP,1824.26,1842.77,1.217,0.914,727439.6,True
2025-09-08,2025-09-08 08:30:00,2025-09-08 09:00:00,2025-09-08 15:00:00,TICKER_0800.JP,1906.33,1966.74,3.375,3.069,2441648.01,True
2025-09-08,2025-09-08 08:30:00,2025-09-08 09:00:00,2025-09-08 15:00:00,TICKER_0837.JP,1986.53,2051.09,3.456,3.149,2505896.27,True
2025-09-08,2025-09-08 08:30:00,2025-09-08 09:00:00,2025-09-08 15:00:00,TICKER_0874.JP,2051.0,2073.32,1.291,0.989,786521.01,True
2025-09-08,2025-09-08 08:30:00,2025-09-08 09:00:00,2025-09-08 15:00:00,TICKER_0911.JP,2156.64,2219.86,3.137,2.831,2252567.2,True
2025-09-08,2025-09-08 08:30:00,2025-09-08 09:00:00,2025-09-08 15:00:00,TICKER_0948.JP,2232.3,2312.31,3.791,3.484,2772035.03,True
2025-09-08,2025-09-08 08:30:00,2025-09-08 09:00:00,2025-09-08 15:00:00,TICKER_0985.JP,2349.02,2335.25,-0.387,-0.686,-545783.18,False
2025-09-08,2025-09-08 08:30:00,2025-09-08 09:00:00,2025-09-08 15:00:00,TICKER_1022.JP,2441.63,2448.95,0.501,0.2,158951.62,True
2025-09-08,2025-09-08 08:30:00,2025-09-08 09:00:00,2025-09-08 15:00:00,TICKER_1059.JP,2471.86,2436.58,-1.23,-1.527,-1215118.61,False
2025-09-09,2025-09-09 08:30:00,2025-09-09 09:00:00,2025-09-09 15:00:00,TICKER_0039.JP,1549.28,1568.2,1.424,1.121,904664.4,True
2025-09-09,2025-09-09 08:30:00,2025-09-09 09:00:00,2025-09-09 15:00:00,TICKER_0076.JP,1635.33,1723.74,5.617,5.306,4280821.52,True
2025-09-09,2025-09-09 08:30:00,2025-09-09 09:00:00,2025-09-09 15:00:00,TICKER_0113.JP,1731.63,1750.24,1.277,0.975,786254.6,True
2025-09-09,2025-09-09 08:30:00,2025-09-09 09:00:00,2025-09-09 15:00:00,TICKER_0150.JP,1797.14,1815.26,1.211,0.909,733083.81,True
2025-09-09,2025-09-09 08:30:00,2025-09-09 09:00:00,2025-09-09 15:00:00,TICKER_0187.JP,1905.32,1976.06,3.92,3.613,2914511.41,True
2025-09-09,2025-09-09 08:30:00,2025-09-09 09:00:00,2025-09-09 15:00:00,TICKER_0224.JP,1992.38,2025.42,1.862,1.558,1257252.96,True
2025-09-09,2025-09-09 08:30:00,2025-09-09 09:00:00,2025-09-09 15:00:00,TICKER_0261.JP,2057.29,2063.11,0.484,0.183,147927.41,True
2025-09-09,2025-09-09 08:30:00,2025-09-09 09:00:00,2025-09-09 15:00:00,TICKER_0298.JP,2166.16,2226.01,2.969,2.663,2148237.71,True
2025-09-09,2025-09-09 08:30:00,2025-09-09 09:00:00,2025-09-09 15:00:00,TICKER_0335.JP,2199.43,2227.98,1.501,1.198,966627.29,True
2025-09-09,2025-09-09 08:30:00,2025-09-09 09:00:00,2025-09-09 15:00:00,TICKER_0372.JP,2334.38,2368.7,1.673,1.37,1105291.54,True
2025-09-10,2025-09-10 08:30:00,2025-09-10 09:00:00,2025-09-10 15:00:00,TICKER_0395.JP,1888.91,1915.81,1.627,1.324,1087619.06,True
2025-09-10,2025-09-10 08:30:00,2025-09-10 09:00:00,2025-09-10 15:00:00,TICKER_0432.JP,2016.5,2032.43,0.991,0.69,566266.9,True
2025-09-10,2025-09-10 08:30:00,2025-09-10 09:00:00,2025-09-10 15:00:00,TICKER_0469.JP,2113.12,2137.3,1.347,1.044,857573.31,True
2025-09-10,2025-09-10 08:30:00,2025-09-10 09:00:00,2025-09-10 15:00:00,TICKER_0506.JP,2154.74,2233.04,3.841,3.534,2902172.22,True
2025-09-10,2025-09-10 08:30:00,2025-09-10 09:00:00,2025-09-10 15:00:00,TICKER_0543.JP,2230.41,2281.09,2.477,2.172,1783838.15,True
2025-09-10,2025-09-10 08:30:00,2025-09-10 09:00:00,2025-09-10 15:00:00,TICKER_0580.JP,2323.47,2382.24,2.734,2.429,1994890.81,True
2025-09-10,2025-09-10 08:30:00,2025-09-10 09:00:00,2025-09-10 15:00:00,TICKER_0617.JP,2481.98,2466.9,-0.409,-0.708,-581046.51,False
2025-09-10,2025-09-10 08:30:00,2025-09-10 09:00:00,2025-09-10 15:00:00,TICKER_0654.JP,2444.42,2503.42,2.619,2.314,1900110.61,True
2025-09-10,2025-09-10 08:30:00,2025-09-10 09:00:00,2025-09-10 15:00:00,TICKER_0691.JP,2549.13,2580.76,1.444,1.141,936873.18,True
2025-09-10,2025-09-10 08:30:00,2025-09-10 09:00:00,2025-09-10 15:00:00,TICKER_0728.JP,2669.89,2727.74,2.371,2.067,1697350.05,True
2025-09-11,2025-09-11 08:30:00,2025-09-11 09:00:00,2025-09-11 15:00:00,TICKER_0846.JP,1835.95,1948.07,6.319,6.007,5007866.15,True
2025-09-11,2025-09-11 08:30:00,2025-09-11 09:00:00,2025-09-11 15:00:00,TICKER_0883.JP,1967.47,1970.24,0.341,0.041,34104.54,True
2025-09-11,2025-09-11 08:30:00,2025-09-11 09:00:00,2025-09-11 15:00:00,TICKER_0920.JP,2052.52,2153.43,5.127,4.817,4015665.18,True
2025-09-11,2025-09-11 08:30:00,2025-09-11 09:00:00,2025-09-11 15:00:00,TICKER_0957.JP,2121.37,2145.55,1.342,1.04,867042.68,True
2025-09-11,2025-09-11 08:30:00,2025-09-11 09:00:00,2025-09-11 15:00:00,TICKER_0994.JP,2197.76,2173.67,-0.898,-1.196,-996897.1,False
2025-09-11,2025-09-11 08:30:00,2025-09-11 09:00:00,2025-09-11 15:00:00,TICKER_1031.JP,2285.47,2331.27,2.208,1.904,1587115.42,True
2025-09-11,2025-09-11 08:30:00,2025-09-11 09:00:00,2025-09-11 15:00:00,TICKER_1068.JP,2383.72,2455.17,3.204,2.897,2415656.61,True
2025-09-11,2025-09-11 08:30:00,2025-09-11 09:00:00,2025-09-11 15:00:00,TICKER_1105.JP,2454.19,2567.01,4.806,4.497,3749203.5,True
2025-09-11,2025-09-11 08:30:00,2025-09-11 09:00:00,2025-09-11 15:00:00,TICKER_1142.JP,2567.34,2651.6,3.488,3.182,2652582.85,True
2025-09-11,2025-09-11 08:30:00,2025-09-11 09:00:00,2025-09-11 15:00:00,TICKER_1179.JP,2639.69,2591.5,-1.629,-1.926,-1605435.58,False
2025-09-12,2025-09-12 08:30:00,2025-09-12 09:00:00,2025-09-12 15:00:00,TICKER_0771.JP,1768.74,1764.33,-0.049,-0.349,-296792.07,False
2025-09-12,2025-09-12 08:30:00,2025-09-12 09:00:00,2025-09-12 15:00:00,TICKER_0808.JP,1866.71,1908.34,2.435,2.13,1811556.07,True
2025-09-12,2025-09-12 08:30:00,2025-09-12 09:00:00,2025-09-12 15:00:00,TICKER_0845.JP,1942.88,1965.08,1.345,1.043,886906.41,True
2025-09-12,2025-09-12 08:30:00,2025-09-12 09:00:00,2025-09-12 15:00:00,TICKER_0882.JP,2067.42,2104.56,2.001,1.697,1443251.61,True
2025-09-12,2025-09-12 08:30:00,2025-09-12 09:00:00,2025-09-12 15:00:00,TICKER_0919.JP,2176.38,2232.21,2.77,2.465,2096508.45,True
2025-09-12,2025-09-12 08:30:00,2025-09-12 09:00:00,2025-09-12 15:00:00,TICKER_0956.JP,2196.74,2176.06,-0.743,-1.042,-885871.72,False
2025-09-12,2025-09-12 08:30:00,2025-09-12 09:00:00,2025-09-12 15:00:00,TICKER_0993.JP,2271.5,2317.31,2.221,1.917,1630329.77,True
2025-09-12,2025-09-12 08:30:00,2025-09-12 09:00:00,2025-09-12 15:00:00,TICKER_1030.JP,2396.28,2449.9,2.442,2.137,1817954.95,True
2025-09-12,2025-09-12 08:30:00,2025-09-12 09:00:00,2025-09-12 15:00:00,TICKER_1067.JP,2412.56,2473.62,2.736,2.431,2067768.37,True
2025-09-12,2025-09-12 08:30:00,2025-09-12 09:00:00,2025-09-12 15:00:00,TICKER_1104.JP,2547.28,2596.72,2.145,1.841,1565645.72,True
2025-09-15,2025-09-15 08:30:00,2025-09-15 09:00:00,2025-09-15 15:00:00,TICKER_0710.JP,1766.39,1801.5,2.191,1.887,1626944.01,True
2025-09-15,2025-09-15 08:30:00,2025-09-15 09:00:00,2025-09-15 15:00:00,TICKER_0747.JP,1788.97,1827.94,2.383,2.079,1791867.06,True
2025-09-15,2025-09-15 08:30:00,2025-09-15 09:00:00,2025-09-15 15:00:00,TICKER_0784.JP,1895.24,1962.4,3.75,3.443,2968339.14,True
2025-09-15,2025-09-15 08:30:00,2025-09-15 09:00:00,2025-09-15 15:00:00,TICKER_0821.JP,1981.23,1983.71,0.326,0.025,21922.62,True
2025-09-15,2025-09-15 08:30:00,2025-09-15 09:00:00,2025-09-15 15:00:00,TICKER_0858.JP,2036.22,2080.86,2.397,2.092,1803436.67,True
2025-09-15,2025-09-15 08:30:00,2025-09-15 09:00:00,2025-09-15 15:00:00,TICKER_0895.JP,2132.39,2146.78,0.876,0.575,495585.83,True
2025-09-15,2025-09-15 08:30:00,2025-09-15 09:00:00,2025-09-15 15:00:00,TICKER_0932.JP,2246.38,2280.76,1.733,1.43,1232904.99,True
2025-09-15,2025-09-15 08:30:00,2025-09-15 09:00:00,2025-09-15 15:00:00,TICKER_0969.JP,2313.94,2307.21,-0.091,-0.391,-336985.84,False
2025-09-15,2025-09-15 08:30:00,2025-09-15 09:00:00,2025-09-15 15:00:00,TICKER_1006.JP,2407.48,2405.12,0.102,-0.198,-170452.39,False
2025-09-15,2025-09-15 08:30:00,2025-09-15 09:00:00,2025-09-15 15:00:00,TICKER_1043.JP,2437.1,2492.51,2.478,2.174,1873843.16,True
2025-09-16,2025-09-16 08:30:00,2025-09-16 09:00:00,2025-09-16 15:00:00,TICKER_0992.JP,2040.56,2080.94,2.183,1.879,1639866.36,True
2025-09-16,2025-09-16 08:30:00,2025-09-16 09:00:00,2025-09-16 15:00:00,TICKER_1029.JP,2080.98,2116.96,1.933,1.629,1421917.94,True
2025-09-16,2025-09-16 08:30:00,2025-09-16 09:00:00,2025-09-16 15:00:00,TICKER_1066.JP,2166.92,2215.35,2.44,2.135,1863365.14,True
2025-09-16,2025-09-16 08:30:00,2025-09-16 09:00:00,2025-09-16 15:00:00,TICKER_1103.JP,2299.55,2411.76,5.09,4.78,4171768.71,True
2025-09-16,2025-09-16 08:30:00,2025-09-16 09:00:00,2025-09-16 15:00:00,TICKER_1140.JP,2367.34,2430.86,2.888,2.583,2254364.86,True
2025-09-16,2025-09-16 08:30:00,2025-09-16 09:00:00,2025-09-16 15:00:00,TICKER_1177.JP,2413.04,2456.37,1.999,1.696,1480040.58,True
2025-09-16,2025-09-16 08:30:00,2025-09-16 09:00:00,2025-09-16 15:00:00,TICKER_1214.JP,2503.93,2530.07,1.246,0.944,823773.71,True
2025-09-16,2025-09-16 08:30:00,2025-09-16 09:00:00,2025-09-16 15:00:00,TICKER_1251.JP,2641.04,2736.41,3.819,3.511,3064653.15,True
2025-09-16,2025-09-16 08:30:00,2025-09-16 09:00:00,2025-09-16 15:00:00,TICKER_1288.JP,2710.13,2727.62,0.847,0.545,476075.33,True
2025-09-16,2025-09-16 08:30:00,2025-09-16 09:00:00,2025-09-16 15:00:00,TICKER_1325.JP,2803.53,2899.77,3.64,3.333,2908871.05,True
2025-09-17,2025-09-17 08:30:00,2025-09-17 09:00:00,2025-09-17 15:00:00,TICKER_0490.JP,2025.48,1986.1,-1.748,-2.044,-1823372.69,False
2025-09-17,2025-09-17 08:30:00,2025-09-17 09:00:00,2025-09-17 15:00:00,TICKER_0527.JP,2095.2,2127.81,1.76,1.456,1298885.81,True
2025-09-17,2025-09-17 08:30:00,2025-09-17 09:00:00,2025-09-17 15:00:00,TICKER_0564.JP,2147.66,2185.53,1.967,1.664,1483842.01,True
2025-09-17,2025-09-17 08:30:00,2025-09-17 09:00:00,2025-09-17 15:00:00,TICKER_0601.JP,2231.14,2268.32,1.87,1.566,1397148.8,True
2025-09-17,2025-09-17 08:30:00,2025-09-17 09:00:00,2025-09-17 15:00:00,TICKER_0638.JP,2324.13,2313.21,-0.27,-0.57,-508165.92,False
2025-09-17,2025-09-17 08:30:00,2025-09-17 09:00:00,2025-09-17 15:00:00,TICKER_0675.JP,2414.95,2453.71,1.808,1.505,1342400.43,True
2025-09-17,2025-09-17 08:30:00,2025-09-17 09:00:00,2025-09-17 15:00:00,TICKER_0712.JP,2509.62,2526.43,0.872,0.57,508381.3,True
2025-09-17,2025-09-17 08:30:00,2025-09-17 09:00:00,2025-09-17 15:00:00,TICKER_0749.JP,2570.9,2632.57,2.604,2.299,2050564.7,True
2025-09-17,2025-09-17 08:30:00,2025-09-17 09:00:00,2025-09-17 15:00:00,TICKER_0786.JP,2700.71,2715.7,0.756,0.455,405980.71,True
2025-09-17,2025-09-17 08:30:00,2025-09-17 09:00:00,2025-09-17 15:00:00,TICKER_0823.JP,2755.65,2670.63,-2.891,-3.186,-2841255.31,False
2025-09-18,2025-09-18 08:30:00,2025-09-18 09:00:00,2025-09-18 15:00:00,TICKER_0588.JP,1598.61,1594.86,-0.034,-0.334,-299108.61,False
2025-09-18,2025-09-18 08:30:00,2025-09-18 09:00:00,2025-09-18 15:00:00,TICKER_0625.JP,1668.3,1737.31,4.345,4.037,3613259.58,True
2025-09-18,2025-09-18 08:30:00,2025-09-18 09:00:00,2025-09-18 15:00:00,TICKER_0662.JP,1760.16,1748.06,-0.489,-0.787,-704726.87,False
2025-09-18,2025-09-18 08:30:00,2025-09-18 09:00:00,2025-09-18 15:00:00,TICKER_0699.JP,1817.74,1821.26,0.394,0.094,83870.97,True
2025-09-18,2025-09-18 08:30:00,2025-09-18 09:00:00,2025-09-18 15:00:00,TICKER_0736.JP,1928.97,1980.01,2.852,2.546,2278889.76,True
2025-09-18,2025-09-18 08:30:00,2025-09-18 09:00:00,2025-09-18 15:00:00,TICKER_0773.JP,2043.59,2079.05,1.939,1.635,1463495.26,True
2025-09-18,2025-09-18 08:30:00,2025-09-18 09:00:00,2025-09-18 15:00:00,TICKER_0810.JP,2104.3,2112.12,0.572,0.271,242847.02,True
2025-09-18,2025-09-18 08:30:00,2025-09-18 09:00:00,2025-09-18 15:00:00,TICKER_0847.JP,2237.87,2320.06,3.88,3.573,3197918.15,True
2025-09-18,2025-09-18 08:30:00,2025-09-18 09:00:00,2025-09-18 15:00:00,TICKER_0884.JP,2297.82,2257.19,-1.571,-1.868,-1671988.24,False
2025-09-18,2025-09-18 08:30:00,2025-09-18 09:00:00,2025-09-18 15:00:00,TICKER_0921.JP,2383.51,2454.09,3.167,2.861,2561061.95,True
2025-09-19,2025-09-19 08:30:00,2025-09-19 09:00:00,2025-09-19 15:00:00,TICKER_0878.JP,1892.31,1887.11,-0.075,-0.375,-339277.04,False
2025-09-19,2025-09-19 08:30:00,2025-09-19 09:00:00,2025-09-19 15:00:00,TICKER_0915.JP,1986.86,1951.56,-1.58,-1.877,-1699338.44,False
2025-09-19,2025-09-19 08:30:00,2025-09-19 09:00:00,2025-09-19 15:00:00,TICKER_0952.JP,2018.16,2114.32,4.975,4.665,4223347.34,True
2025-09-19,2025-09-19 08:30:00,2025-09-19 09:00:00,2025-09-19 15:00:00,TICKER_0989.JP,2166.71,2246.85,3.906,3.599,3257755.15,True
2025-09-19,2025-09-19 08:30:00,2025-09-19 09:00:00,2025-09-19 15:00:00,TICKER_1026.JP,2224.96,2300.28,3.592,3.285,2973912.42,True
2025-09-19,2025-09-19 08:30:00,2025-09-19 09:00:00,2025-09-19 15:00:00,TICKER_1063.JP,2347.12,2374.45,1.367,1.064,963546.96,True
2025-09-19,2025-09-19 08:30:00,2025-09-19 09:00:00,2025-09-19 15:00:00,TICKER_1100.JP,2373.87,2383.15,0.592,0.291,263486.39,True
2025-09-19,2025-09-19 08:30:00,2025-09-19 09:00:00,2025-09-19 15:00:00,TICKER_1137.JP,2460.06,2526.83,2.92,2.614,2366726.15,True
2025-09-19,2025-09-19 08:30:00,2025-09-19 09:00:00,2025-09-19 15:00:00,TICKER_1174.JP,2539.52,2584.09,1.959,1.655,1498557.46,True
2025-09-19,2025-09-19 08:30:00,2025-09-19 09:00:00,2025-09-19 15:00:00,TICKER_1211.JP,2635.88,2535.28,-3.624,-3.917,-3545713.53,False
2025-09-22,2025-09-22 08:30:00,2025-09-22 09:00:00,2025-09-22 15:00:00,TICKER_0216.JP,1729.9,1749.13,1.314,1.012,925454.72,True
2025-09-22,2025-09-22 08:30:00,2025-09-22 09:00:00,2025-09-22 15:00:00,TICKER_0253.JP,1818.87,1802.77,-0.687,-0.985,-901281.42,False
2025-09-22,2025-09-22 08:30:00,2025-09-22 09:00:00,2025-09-22 15:00:00,TICKER_0290.JP,1863.08,1843.11,-0.874,-1.172,-1072302.99,False
2025-09-22,2025-09-22 08:30:00,2025-09-22 09:00:00,2025-09-22 15:00:00,TICKER_0327.JP,1950.68,1979.63,1.687,1.384,1266115.11,True
2025-09-22,2025-09-22 08:30:00,2025-09-22 09:00:00,2025-09-22 15:00:00,TICKER_0364.JP,2070.15,2091.8,1.248,0.946,865119.01,True
2025-09-22,2025-09-22 08:30:00,2025-09-22 09:00:00,2025-09-22 15:00:00,TICKER_0401.JP,2181.89,2168.14,-0.431,-0.73,-667954.08,False
2025-09-22,2025-09-22 08:30:00,2025-09-22 09:00:00,2025-09-22 15:00:00,TICKER_0438.JP,2256.18,2264.12,0.553,0.252,230437.22,True
2025-09-22,2025-09-22 08:30:00,2025-09-22 09:00:00,2025-09-22 15:00:00,TICKER_0475.JP,2333.93,2346.16,0.725,0.424,387865.63,True
2025-09-22,2025-09-22 08:30:00,2025-09-22 09:00:00,2025-09-22 15:00:00,TICKER_0512.JP,2419.08,2390.48,-0.984,-1.282,-1172962.74,False
2025-09-22,2025-09-22 08:30:00,2025-09-22 09:00:00,2025-09-22 15:00:00,TICKER_0549.JP,2488.82,2629.81,5.877,5.565,5090683.04,True
2025-09-23,2025-09-23 08:30:00,2025-09-23 09:00:00,2025-09-23 15:00:00,TICKER_0888.JP,1884.63,1901.09,1.075,0.773,710821.62,True
2025-09-23,2025-09-23 08:30:00,2025-09-23 09:00:00,2025-09-23 15:00:00,TICKER_0925.JP,1993.32,2067.62,3.935,3.627,3335292.26,True
2025-09-23,2025-09-23 08:30:00,2025-09-23 09:00:00,2025-09-23 15:00:00,TICKER_0962.JP,2084.13,2137.46,2.764,2.459,2260781.34,True
2025-09-23,2025-09-23 08:30:00,2025-09-23 09:00:00,2025-09-23 15:00:00,TICKER_0999.JP,2148.17,2229.56,3.997,3.689,3391857.52,True
2025-09-23,2025-09-23 08:30:00,2025-09-23 09:00:00,2025-09-23 15:00:00,TICKER_1036.JP,2266.9,2291.74,1.298,0.995,915229.37,True
2025-09-23,2025-09-23 08:30:00,2025-09-23 09:00:00,2025-09-23 15:00:00,TICKER_1073.JP,2315.79,2355.42,1.915,1.611,1481489.72,True
2025-09-23,2025-09-23 08:30:00,2025-09-23 09:00:00,2025-09-23 15:00:00,TICKER_1110.JP,2417.26,2500.58,3.654,3.347,3077055.42,True
2025-09-23,2025-09-23 08:30:00,2025-09-23 09:00:00,2025-09-23 15:00:00,TICKER_1147.JP,2495.99,2511.77,0.833,0.532,489068.99,True
2025-09-23,2025-09-23 08:30:00,2025-09-23 09:00:00,2025-09-23 15:00:00,TICKER_1184.JP,2592.24,2634.28,1.825,1.522,1399342.05,True
2025-09-23,2025-09-23 08:30:00,2025-09-23 09:00:00,2025-09-23 15:00:00,TICKER_1221.JP,2612.66,2629.53,0.847,0.546,501680.47,True
2025-09-24,2025-09-24 08:30:00,2025-09-24 09:00:00,2025-09-24 15:00:00,TICKER_0859.JP,1861.32,1862.85,0.282,-0.018,-16873.56,False
2025-09-24,2025-09-24 08:30:00,2025-09-24 09:00:00,2025-09-24 15:00:00,TICKER_0896.JP,1960.92,2006.27,2.518,2.213,2071558.92,True
2025-09-24,2025-09-24 08:30:00,2025-09-24 09:00:00,2025-09-24 15:00:00,TICKER_0933.JP,2067.34,2064.67,0.071,-0.229,-214160.3,False
2025-09-24,2025-09-24 08:30:00,2025-09-24 09:00:00,2025-09-24 15:00:00,TICKER_0970.JP,2141.16,2174.43,1.757,1.454,1361205.99,True
2025-09-24,2025-09-24 08:30:00,2025-09-24 09:00:00,2025-09-24 15:00:00,TICKER_1007.JP,2222.08,2289.0,3.218,2.912,2725660.72,True
2025-09-24,2025-09-24 08:30:00,2025-09-24 09:00:00,2025-09-24 15:00:00,TICKER_1044.JP,2316.14,2360.01,2.098,1.794,1679306.09,True
2025-09-24,2025-09-24 08:30:00,2025-09-24 09:00:00,2025-09-24 15:00:00,TICKER_1081.JP,2366.01,2350.41,-0.461,-0.76,-711112.41,False
2025-09-24,2025-09-24 08:30:00,2025-09-24 09:00:00,2025-09-24 15:00:00,TICKER_1118.JP,2454.35,2550.08,4.108,3.8,3557617.15,True
2025-09-24,2025-09-24 08:30:00,2025-09-24 09:00:00,2025-09-24 15:00:00,TICKER_1155.JP,2580.22,2558.99,-0.624,-0.923,-863855.51,False
2025-09-24,2025-09-24 08:30:00,2025-09-24 09:00:00,2025-09-24 15:00:00,TICKER_1192.JP,2635.42,2636.52,0.242,-0.058,-54610.7,False
2025-09-25,2025-09-25 08:30:00,2025-09-25 09:00:00,2025-09-25 15:00:00,TICKER_0601.JP,1608.38,1604.52,-0.04,-0.34,-320949.84,False
2025-09-25,2025-09-25 08:30:00,2025-09-25 09:00:00,2025-09-25 15:00:00,TICKER_0638.JP,1705.98,1740.75,2.242,1.938,1831565.33,True
2025-09-25,2025-09-25 08:30:00,2025-09-25 09:00:00,2025-09-25 15:00:00,TICKER_0675.JP,1786.65,1796.38,0.746,0.444,420074.92,True
2025-09-25,2025-09-25 08:30:00,2025-09-25 09:00:00,2025-09-25 15:00:00,TICKER_0712.JP,1873.34,1882.35,0.682,0.381,359800.48,True
2025-09-25,2025-09-25 08:30:00,2025-09-25 09:00:00,2025-09-25 15:00:00,TICKER_0749.JP,1953.98,1985.45,1.814,1.511,1427827.6,True
2025-09-25,2025-09-25 08:30:00,2025-09-25 09:00:00,2025-09-25 15:00:00,TICKER_0786.JP,2049.6,2168.41,6.009,5.697,5384739.74,True
2025-09-25,2025-09-25 08:30:00,2025-09-25 09:00:00,2025-09-25 15:00:00,TICKER_0823.JP,2143.22,2114.86,-1.126,-1.423,-1345184.58,False
2025-09-25,2025-09-25 08:30:00,2025-09-25 09:00:00,2025-09-25 15:00:00,TICKER_0860.JP,2193.02,2257.1,3.128,2.822,2667386.61,True
2025-09-25,2025-09-25 08:30:00,2025-09-25 09:00:00,2025-09-25 15:00:00,TICKER_0897.JP,2300.62,2334.64,1.682,1.379,1303392.62,True
2025-09-25,2025-09-25 08:30:00,2025-09-25 09:00:00,2025-09-25 15:00:00,TICKER_0934.JP,2346.38,2405.97,2.745,2.44,2305899.5,True
2025-09-26,2025-09-26 08:30:00,2025-09-26 09:00:00,2025-09-26 15:00:00,TICKER_0339.JP,1854.41,1884.82,1.843,1.54,1476079.65,True
2025-09-26,2025-09-26 08:30:00,2025-09-26 09:00:00,2025-09-26 15:00:00,TICKER_0376.JP,1942.88,1861.33,-4.006,-4.298,-4119444.84,False
2025-09-26,2025-09-26 08:30:00,2025-09-26 09:00:00,2025-09-26 15:00:00,TICKER_0413.JP,2039.76,2068.95,1.634,1.331,1275936.99,True
2025-09-26,2025-09-26 08:30:00,2025-09-26 09:00:00,2025-09-26 15:00:00,TICKER_0450.JP,2104.51,2193.33,4.429,4.121,3949748.54,True
2025-09-26,2025-09-26 08:30:00,2025-09-26 09:00:00,2025-09-26 15:00:00,TICKER_0487.JP,2204.52,2248.73,2.209,1.905,1826296.38,True
2025-09-26,2025-09-26 08:30:00,2025-09-26 09:00:00,2025-09-26 15:00:00,TICKER_0524.JP,2296.88,2368.33,3.317,3.011,2885714.11,True
2025-09-26,2025-09-26 08:30:00,2025-09-26 09:00:00,2025-09-26 15:00:00,TICKER_0561.JP,2347.31,2377.33,1.481,1.179,1129849.06,True
2025-09-26,2025-09-26 08:30:00,2025-09-26 09:00:00,2025-09-26 15:00:00,TICKER_0598.JP,2494.83,2449.36,-1.626,-1.923,-1843032.91,False
2025-09-26,2025-09-26 08:30:00,2025-09-26 09:00:00,2025-09-26 15:00:00,TICKER_0635.JP,2526.69,2563.86,1.674,1.371,1314235.15,True
2025-09-26,2025-09-26 08:30:00,2025-09-26 09:00:00,2025-09-26 15:00:00,TICKER_0672.JP,2610.08,2642.05,1.427,1.125,1078160.72,True
2025-09-29,2025-09-29 08:30:00,2025-09-29 09:00:00,2025-09-29 15:00:00,TICKER_0237.JP,1736.54,1782.26,2.838,2.532,2448923.6,True
2025-09-29,2025-09-29 08:30:00,2025-09-29 09:00:00,2025-09-29 15:00:00,TICKER_0274.JP,1842.68,1831.95,-0.384,-0.683,-660080.06,False
2025-09-29,2025-09-29 08:30:00,2025-09-29 09:00:00,2025-09-29 15:00:00,TICKER_0311.JP,1917.09,1945.7,1.696,1.393,1346885.5,True
2025-09-29,2025-09-29 08:30:00,2025-09-29 09:00:00,2025-09-29 15:00:00,TICKER_0348.JP,1991.67,2054.88,3.38,3.074,2972674.99,True
2025-09-29,2025-09-29 08:30:00,2025-09-29 09:00:00,2025-09-29 15:00:00,TICKER_0385.JP,2044.94,2048.72,0.385,0.085,81878.95,True
2025-09-29,2025-09-29 08:30:00,2025-09-29 09:00:00,2025-09-29 15:00:00,TICKER_0422.JP,2211.12,2212.3,0.254,-0.047,-45247.44,False
2025-09-29,2025-09-29 08:30:00,2025-09-29 09:00:00,2025-09-29 15:00:00,TICKER_0459.JP,2268.61,2268.96,0.216,-0.084,-81683.74,False
2025-09-29,2025-09-29 08:30:00,2025-09-29 09:00:00,2025-09-29 15:00:00,TICKER_0496.JP,2336.15,2280.47,-2.188,-2.484,-2401905.74,False
2025-09-29,2025-09-29 08:30:00,2025-09-29 09:00:00,2025-09-29 15:00:00,TICKER_0533.JP,2425.17,2416.37,-0.163,-0.463,-447681.57,False
2025-09-29,2025-09-29 08:30:00,2025-09-29 09:00:00,2025-09-29 15:00:00,TICKER_0570.JP,2558.25,2636.39,3.261,2.955,2857355.9,True
2025-09-30,2025-09-30 08:30:00,2025-09-30 09:00:00,2025-09-30 15:00:00,TICKER_0175.JP,1670.98,1659.79,-0.471,-0.77,-748807.74,False
2025-09-30,2025-09-30 08:30:00,2025-09-30 09:00:00,2025-09-30 15:00:00,TICKER_0212.JP,1787.87,1813.17,1.618,1.315,1279319.96,True
2025-09-30,2025-09-30 08:30:00,2025-09-30 09:00:00,2025-09-30 15:00:00,TICKER_0249.JP,1854.85,1871.13,1.079,0.777,756261.11,True
2025-09-30,2025-09-30 08:30:00,2025-09-30 09:00:00,2025-09-30 15:00:00,TICKER_0286.JP,1936.23,1966.97,1.791,1.487,1447052.21,True
2025-09-30,2025-09-30 08:30:00,2025-09-30 09:00:00,2025-09-30 15:00:00,TICKER_0323.JP,2018.96,2023.24,0.413,0.112,109324.42,True
2025-09-30,2025-09-30 08:30:00,2025-09-30 09:00:00,2025-09-30 15:00:00,TICKER_0360.JP,2143.99,2238.13,4.6,4.291,4174236.66,True
2025-09-30,2025-09-30 08:30:00,2025-09-30 09:00:00,2025-09-30 15:00:00,TICKER_0397.JP,2223.16,2240.01,0.96,0.658,639921.27,True
2025-09-30,2025-09-30 08:30:00,2025-09-30 09:00:00,2025-09-30 15:00:00,TICKER_0434.JP,2279.3,2297.41,0.996,0.695,675819.43,True
2025-09-30,2025-09-30 08:30:00,2025-09-30 09:00:00,2025-09-30 15:00:00,TICKER_0471.JP,2349.01,2366.48,0.946,0.644,626421.58,True
2025-09-30,2025-09-30 08:30:00,2025-09-30 09:00:00,2025-09-30 15:00:00,TICKER_0508.JP,2447.0,2416.89,-1.033,-1.331,-1294502.75,False
2025-10-01,2025-10-01 08:30:00,2025-10-01 09:00:00,2025-10-01 15:00:00,TICKER_0807.JP,1815.49,1779.15,-1.806,-2.102,-2060132.36,False
2025-10-01,2025-10-01 08:30:00,2025-10-01 09:00:00,2025-10-01 15:00:00,TICKER_0844.JP,1889.14,2004.85,6.338,6.025,5905560.94,True
2025-10-01,2025-10-01 08:30:00,2025-10-01 09:00:00,2025-10-01 15:00:00,TICKER_0881.JP,1982.61,2006.59,1.412,1.11,1087499.92,True
2025-10-01,2025-10-01 08:30:00,2025-10-01 09:00:00,2025-10-01 15:00:00,TICKER_0918.JP,2070.37,2089.71,1.136,0.834,817548.02,True
2025-10-01,2025-10-01 08:30:00,2025-10-01 09:00:00,2025-10-01 15:00:00,TICKER_0955.JP,2202.72,2265.54,3.058,2.752,2697300.47,True
2025-10-01,2025-10-01 08:30:00,2025-10-01 09:00:00,2025-10-01 15:00:00,TICKER_0992.JP,2266.82,2314.61,2.313,2.008,1968252.2,True
2025-10-01,2025-10-01 08:30:00,2025-10-01 09:00:00,2025-10-01 15:00:00,TICKER_1029.JP,2339.15,2435.76,4.339,4.03,3950238.03,True
2025-10-01,2025-10-01 08:30:00,2025-10-01 09:00:00,2025-10-01 15:00:00,TICKER_1066.JP,2410.48,2404.88,-0.032,-0.332,-325524.69,False
2025-10-01,2025-10-01 08:30:00,2025-10-01 09:00:00,2025-10-01 15:00:00,TICKER_1103.JP,2524.87,2531.48,0.462,0.162,158332.42,True
2025-10-01,2025-10-01 08:30:00,2025-10-01 09:00:00,2025-10-01 15:00:00,TICKER_1140.JP,2580.9,2627.91,2.025,1.722,1687283.66,True
2025-10-02,2025-10-02 08:30:00,2025-10-02 09:00:00,2025-10-02 15:00:00,TICKER_0001.JP,1507.06,1509.81,0.383,0.083,82287.03,True
2025-10-02,2025-10-02 08:30:00,2025-10-02 09:00:00,2025-10-02 15:00:00,TICKER_0038.JP,1599.64,1613.38,1.061,0.759,755745.37,True
2025-10-02,2025-10-02 08:30:00,2025-10-02 09:00:00,2025-10-02 15:00:00,TICKER_0075.JP,1660.14,1695.86,2.356,2.052,2042046.97,True
2025-10-02,2025-10-02 08:30:00,2025-10-02 09:00:00,2025-10-02 15:00:00,TICKER_0112.JP,1793.54,1853.27,3.537,3.23,3214996.57,True
2025-10-02,2025-10-02 08:30:00,2025-10-02 09:00:00,2025-10-02 15:00:00,TICKER_0149.JP,1847.3,1894.94,2.785,2.479,2467457.74,True
2025-10-02,2025-10-02 08:30:00,2025-10-02 09:00:00,2025-10-02 15:00:00,TICKER_0186.JP,1944.29,1932.62,-0.402,-0.701,-697220.64,False
2025-10-02,2025-10-02 08:30:00,2025-10-02 09:00:00,2025-10-02 15:00:00,TICKER_0223.JP,1975.04,2016.67,2.312,2.008,1998105.02,True
2025-10-02,2025-10-02 08:30:00,2025-10-02 09:00:00,2025-10-02 15:00:00,TICKER_0260.JP,2120.22,2178.03,2.932,2.627,2614115.87,True
2025-10-02,2025-10-02 08:30:00,2025-10-02 09:00:00,2025-10-02 15:00:00,TICKER_0297.JP,2183.83,2129.91,-2.274,-2.569,-2556928.62,False
2025-10-02,2025-10-02 08:30:00,2025-10-02 09:00:00,2025-10-02 15:00:00,TICKER_0334.JP,2311.77,2270.9,-1.571,-1.868,-1859084.1,False
2025-10-03,2025-10-03 08:30:00,2025-10-03 09:00:00,2025-10-03 15:00:00,TICKER_0095.JP,1600.45,1632.67,2.217,1.913,1918484.24,True
2025-10-03,2025-10-03 08:30:00,2025-10-03 09:00:00,2025-10-03 15:00:00,TICKER_0132.JP,1684.48,1708.63,1.637,1.333,1337319.05,True
2025-10-03,2025-10-03 08:30:00,2025-10-03 09:00:00,2025-10-03 15:00:00,TICKER_0169.JP,1780.68,1779.03,0.107,-0.193,-193198.45,False
2025-10-03,2025-10-03 08:30:00,2025-10-03 09:00:00,2025-10-03 15:00:00,TICKER_0206.JP,1873.5,1933.07,3.386,3.08,3088634.85,True
2025-10-03,2025-10-03 08:30:00,2025-10-03 09:00:00,2025-10-03 15:00:00,TICKER_0243.JP,1987.48,1979.42,-0.206,-0.505,-506835.03,False
2025-10-03,2025-10-03 08:30:00,2025-10-03 09:00:00,2025-10-03 15:00:00,TICKER_0280.JP,2027.75,2058.12,1.701,1.398,1401940.6,True
2025-10-03,2025-10-03 08:30:00,2025-10-03 09:00:00,2025-10-03 15:00:00,TICKER_0317.JP,2103.91,2093.95,-0.274,-0.573,-574949.2,False
2025-10-03,2025-10-03 08:30:00,2025-10-03 09:00:00,2025-10-03 15:00:00,TICKER_0354.JP,2173.66,2193.76,1.127,0.825,827193.95,True
2025-10-03,2025-10-03 08:30:00,2025-10-03 09:00:00,2025-10-03 15:00:00,TICKER_0391.JP,2263.08,2276.74,0.805,0.504,505055.84,True
2025-10-03,2025-10-03 08:30:00,2025-10-03 09:00:00,2025-10-03 15:00:00,TICKER_0428.JP,2372.88,2414.64,1.964,1.66,1664757.73,True
2025-10-06,2025-10-06 08:30:00,2025-10-06 09:00:00,2025-10-06 15:00:00,TICKER_0861.JP,1860.54,1822.37,-1.856,-2.152,-2177246.88,False
2025-10-06,2025-10-06 08:30:00,2025-10-06 09:00:00,2025-10-06 15:00:00,TICKER_0898.JP,1940.18,1941.07,0.246,-0.054,-54835.5,False
2025-10-06,2025-10-06 08:30:00,2025-10-06 09:00:00,2025-10-06 15:00:00,TICKER_0935.JP,2043.05,2128.26,4.379,4.071,4118964.6,True
2025-10-06,2025-10-06 08:30:00,2025-10-06 09:00:00,2025-10-06 15:00:00,TICKER_0972.JP,2157.59,2217.78,2.996,2.69,2721827.83,True
2025-10-06,2025-10-06 08:30:00,2025-10-06 09:00:00,2025-10-06 15:00:00,TICKER_1009.JP,2244.1,2321.53,3.657,3.35,3389882.57,True
2025-10-06,2025-10-06 08:30:00,2025-10-06 09:00:00,2025-10-06 15:00:00,TICKER_1046.JP,2303.0,2369.41,3.089,2.784,2816555.99,True
2025-10-06,2025-10-06 08:30:00,2025-10-06 09:00:00,2025-10-06 15:00:00,TICKER_1083.JP,2384.21,2431.33,2.18,1.876,1898365.33,True
2025-10-06,2025-10-06 08:30:00,2025-10-06 09:00:00,2025-10-06 15:00:00,TICKER_1120.JP,2483.72,2560.16,3.284,2.977,3012817.02,True
2025-10-06,2025-10-06 08:30:00,2025-10-06 09:00:00,2025-10-06 15:00:00,TICKER_1157.JP,2549.04,2645.19,3.98,3.672,3715817.58,True
2025-10-06,2025-10-06 08:30:00,2025-10-06 09:00:00,2025-10-06 15:00:00,TICKER_1194.JP,2677.96,2675.23,0.098,-0.202,-204082.77,False
2025-10-07,2025-10-07 08:30:00,2025-10-07 09:00:00,2025-10-07 15:00:00,TICKER_0764.JP,1773.33,1764.77,-0.283,-0.583,-600162.03,False
2025-10-07,2025-10-07 08:30:00,2025-10-07 09:00:00,2025-10-07 15:00:00,TICKER_0801.JP,1857.84,1866.83,0.685,0.384,395763.5,True
2025-10-07,2025-10-07 08:30:00,2025-10-07 09:00:00,2025-10-07 15:00:00,TICKER_0838.JP,1959.55,2055.5,5.107,4.797,4941380.42,True
2025-10-07,2025-10-07 08:30:00,2025-10-07 09:00:00,2025-10-07 15:00:00,TICKER_0875.JP,2037.74,2048.3,0.72,0.418,431028.86,True
2025-10-07,2025-10-07 08:30:00,2025-10-07 09:00:00,2025-10-07 15:00:00,TICKER_0912.JP,2092.95,2108.81,0.959,0.658,677522.36,True
2025-10-07,2025-10-07 08:30:00,2025-10-07 09:00:00,2025-10-07 15:00:00,TICKER_0949.JP,2199.79,2204.1,0.397,0.096,99105.32,True
2025-10-07,2025-10-07 08:30:00,2025-10-07 09:00:00,2025-10-07 15:00:00,TICKER_0986.JP,2292.52,2262.1,-1.13,-1.427,-1470143.46,False
2025-10-07,2025-10-07 08:30:00,2025-10-07 09:00:00,2025-10-07 15:00:00,TICKER_1023.JP,2351.93,2335.92,-0.482,-0.781,-804157.04,False
2025-10-07,2025-10-07 08:30:00,2025-10-07 09:00:00,2025-10-07 15:00:00,TICKER_1060.JP,2452.71,2537.43,3.661,3.354,3455235.75,True
2025-10-07,2025-10-07 08:30:00,2025-10-07 09:00:00,2025-10-07 15:00:00,TICKER_1097.JP,2538.83,2478.32,-2.188,-2.483,-2558125.99,False
2025-10-08,2025-10-08 08:30:00,2025-10-08 09:00:00,2025-10-08 15:00:00,TICKER_0706.JP,1704.85,1763.16,3.627,3.32,3434238.35,True
2025-10-08,2025-10-08 08:30:00,2025-10-08 09:00:00,2025-10-08 15:00:00,TICKER_0743.JP,1795.63,1851.87,3.338,3.032,3136160.38,True
2025-10-08,2025-10-08 08:30:00,2025-10-08 09:00:00,2025-10-08 15:00:00,TICKER_0780.JP,1899.26,1911.33,0.837,0.535,553944.98,True
2025-10-08,2025-10-08 08:30:00,2025-10-08 09:00:00,2025-10-08 15:00:00,TICKER_0817.JP,2010.36,2010.5,0.207,-0.093,-96288.49,False
2025-10-08,2025-10-08 08:30:00,2025-10-08 09:00:00,2025-10-08 15:00:00,TICKER_0854.JP,2054.81,2064.75,0.685,0.384,396996.15,True
2025-10-08,2025-10-08 08:30:00,2025-10-08 09:00:00,2025-10-08 15:00:00,TICKER_0891.JP,2201.9,2352.54,7.055,6.741,6973612.87,True
2025-10-08,2025-10-08 08:30:00,2025-10-08 09:00:00,2025-10-08 15:00:00,TICKER_0928.JP,2216.75,2280.81,3.095,2.789,2885655.55,True
2025-10-08,2025-10-08 08:30:00,2025-10-08 09:00:00,2025-10-08 15:00:00,TICKER_0965.JP,2310.51,2350.23,1.923,1.619,1674899.09,True
2025-10-08,2025-10-08 08:30:00,2025-10-08 09:00:00,2025-10-08 15:00:00,TICKER_1002.JP,2406.69,2469.2,2.802,2.497,2583198.45,True
2025-10-08,2025-10-08 08:30:00,2025-10-08 09:00:00,2025-10-08 15:00:00,TICKER_1039.JP,2450.04,2574.5,5.291,4.98,5151870.36,True
2025-10-09,2025-10-09 08:30:00,2025-10-09 09:00:00,2025-10-09 15:00:00,TICKER_0878.JP,1895.49,1883.09,-0.456,-0.755,-799794.7,False
2025-10-09,2025-10-09 08:30:00,2025-10-09 09:00:00,2025-10-09 15:00:00,TICKER_0915.JP,1985.49,1951.98,-1.491,-1.788,-1895122.02,False
2025-10-09,2025-10-09 08:30:00,2025-10-09 09:00:00,2025-10-09 15:00:00,TICKER_0952.JP,2074.97,2021.69,-2.373,-2.668,-2827727.01,False
2025-10-09,2025-10-09 08:30:00,2025-10-09 09:00:00,2025-10-09 15:00:00,TICKER_0989.JP,2140.12,2143.65,0.366,0.065,69138.64,True
2025-10-09,2025-10-09 08:30:00,2025-10-09 09:00:00,2025-10-09 15:00:00,TICKER_1026.JP,2218.47,2269.73,2.516,2.211,2342977.54,True
2025-10-09,2025-10-09 08:30:00,2025-10-09 09:00:00,2025-10-09 15:00:00,TICKER_1063.JP,2367.86,2347.8,-0.648,-0.947,-1003666.73,False
2025-10-09,2025-10-09 08:30:00,2025-10-09 09:00:00,2025-10-09 15:00:00,TICKER_1100.JP,2405.42,2433.94,1.388,1.086,1150649.15,True
2025-10-09,2025-10-09 08:30:00,2025-10-09 09:00:00,2025-10-09 15:00:00,TICKER_1137.JP,2528.5,2593.46,2.775,2.469,2617208.85,True
2025-10-09,2025-10-09 08:30:00,2025-10-09 09:00:00,2025-10-09 15:00:00,TICKER_1174.JP,2594.73,2662.06,2.8,2.495,2643892.56,True
2025-10-09,2025-10-09 08:30:00,2025-10-09 09:00:00,2025-10-09 15:00:00,TICKER_1211.JP,2656.6,2746.76,3.601,3.294,3490778.81,True
2025-10-10,2025-10-10 08:30:00,2025-10-10 09:00:00,2025-10-10 15:00:00,TICKER_0193.JP,1683.96,1719.08,2.29,1.985,2115102.07,True
2025-10-10,2025-10-10 08:30:00,2025-10-10 09:00:00,2025-10-10 15:00:00,TICKER_0230.JP,1807.24,1807.28,0.203,-0.097,-103853.17,False
2025-10-10,2025-10-10 08:30:00,2025-10-10 09:00:00,2025-10-10 15:00:00,TICKER_0267.JP,1845.13,1847.61,0.335,0.034,36497.11,True
2025-10-10,2025-10-10 08:30:00,2025-10-10 09:00:00,2025-10-10 15:00:00,TICKER_0304.JP,1932.36,1922.04,-0.335,-0.634,-675734.51,False
2025-10-10,2025-10-10 08:30:00,2025-10-10 09:00:00,2025-10-10 15:00:00,TICKER_0341.JP,2030.94,2011.1,-0.779,-1.077,-1147359.64,False
2025-10-10,2025-10-10 08:30:00,2025-10-10 09:00:00,2025-10-10 15:00:00,TICKER_0378.JP,2153.43,2081.6,-3.142,-3.436,-3660340.25,False
2025-10-10,2025-10-10 08:30:00,2025-10-10 09:00:00,2025-10-10 15:00:00,TICKER_0415.JP,2222.74,2247.77,1.329,1.026,1093107.68,True
2025-10-10,2025-10-10 08:30:00,2025-10-10 09:00:00,2025-10-10 15:00:00,TICKER_0452.JP,2322.51,2381.62,2.75,2.445,2604665.09,True
2025-10-10,2025-10-10 08:30:00,2025-10-10 09:00:00,2025-10-10 15:00:00,TICKER_0489.JP,2393.59,2453.13,2.693,2.388,2543620.1,True
2025-10-10,2025-10-10 08:30:00,2025-10-10 09:00:00,2025-10-10 15:00:00,TICKER_0526.JP,2486.31,2492.47,0.448,0.147,157034.34,True
2025-10-13,2025-10-13 08:30:00,2025-10-13 09:00:00,2025-10-13 15:00:00,TICKER_0685.JP,1710.7,1740.14,1.925,1.621,1731356.37,True
2025-10-13,2025-10-13 08:30:00,2025-10-13 09:00:00,2025-10-13 15:00:00,TICKER_0722.JP,1775.7,1836.53,3.633,3.326,3552211.35,True
2025-10-13,2025-10-13 08:30:00,2025-10-13 09:00:00,2025-10-13 15:00:00,TICKER_0759.JP,1873.05,1896.35,1.447,1.144,1221960.06,True
2025-10-13,2025-10-13 08:30:00,2025-10-13 09:00:00,2025-10-13 15:00:00,TICKER_0796.JP,1930.41,1933.59,0.366,0.065,69475.31,True
2025-10-13,2025-10-13 08:30:00,2025-10-13 09:00:00,2025-10-13 15:00:00,TICKER_0833.JP,2049.17,2082.59,1.834,1.531,1635154.0,True
2025-10-13,2025-10-13 08:30:00,2025-10-13 09:00:00,2025-10-13 15:00:00,TICKER_0870.JP,2113.35,2173.19,3.038,2.732,2917863.27,True
2025-10-13,2025-10-13 08:30:00,2025-10-13 09:00:00,2025-10-13 15:00:00,TICKER_0907.JP,2214.01,2250.15,1.836,1.532,1636566.2,True
2025-10-13,2025-10-13 08:30:00,2025-10-13 09:00:00,2025-10-13 15:00:00,TICKER_0944.JP,2306.14,2345.37,1.905,1.601,1710161.32,True
2025-10-13,2025-10-13 08:30:00,2025-10-13 09:00:00,2025-10-13 15:00:00,TICKER_0981.JP,2376.02,2431.45,2.537,2.233,2384736.0,True
2025-10-13,2025-10-13 08:30:00,2025-10-13 09:00:00,2025-10-13 15:00:00,TICKER_1018.JP,2511.39,2535.36,1.157,0.855,912825.11,True
2025-10-14,2025-10-14 08:30:00,2025-10-14 09:00:00,2025-10-14 15:00:00,TICKER_0575.JP,1567.71,1613.59,3.133,2.827,3067538.72,True
2025-10-14,2025-10-14 08:30:00,2025-10-14 09:00:00,2025-10-14 15:00:00,TICKER_0612.JP,1662.48,1670.21,0.666,0.365,395828.38,True
2025-10-14,2025-10-14 08:30:00,2025-10-14 09:00:00,2025-10-14 15:00:00,TICKER_0649.JP,1737.02,1761.84,1.632,1.329,1441966.29,True
2025-10-14,2025-10-14 08:30:00,2025-10-14 09:00:00,2025-10-14 15:00:00,TICKER_0686.JP,1831.39,1916.0,4.83,4.52,4904517.97,True
2025-10-14,2025-10-14 08:30:00,2025-10-14 09:00:00,2025-10-14 15:00:00,TICKER_0723.JP,1983.23,2060.98,4.128,3.82,4145019.04,True
2025-10-14,2025-10-14 08:30:00,2025-10-14 09:00:00,2025-10-14 15:00:00,TICKER_0760.JP,2019.27,2066.7,2.554,2.249,2440329.56,True
2025-10-14,2025-10-14 08:30:00,2025-10-14 09:00:00,2025-10-14 15:00:00,TICKER_0797.JP,2069.06,2074.64,0.471,0.17,184448.19,True
2025-10-14,2025-10-14 08:30:00,2025-10-14 09:00:00,2025-10-14 15:00:00,TICKER_0834.JP,2121.39,2122.24,0.24,-0.06,-65214.19,False
2025-10-14,2025-10-14 08:30:00,2025-10-14 09:00:00,2025-10-14 15:00:00,TICKER_0871.JP,2282.45,2321.92,1.933,1.629,1767626.35,True
2025-10-14,2025-10-14 08:30:00,2025-10-14 09:00:00,2025-10-14 15:00:00,TICKER_0908.JP,2397.86,2361.7,-1.311,-1.608,-1744737.82,False
2025-10-15,2025-10-15 08:30:00,2025-10-15 09:00:00,2025-10-15 15:00:00,TICKER_0817.JP,1823.83,1827.53,0.403,0.103,113151.02,True
2025-10-15,2025-10-15 08:30:00,2025-10-15 09:00:00,2025-10-15 15:00:00,TICKER_0854.JP,1890.95,1960.81,3.902,3.594,3956475.86,True
2025-10-15,2025-10-15 08:30:00,2025-10-15 09:00:00,2025-10-15 15:00:00,TICKER_0891.JP,2006.78,2076.24,3.668,3.361,3699735.99,True
2025-10-15,2025-10-15 08:30:00,2025-10-15 09:00:00,2025-10-15 15:00:00,TICKER_0928.JP,2087.72,2090.91,0.353,0.053,58190.3,True
2025-10-15,2025-10-15 08:30:00,2025-10-15 09:00:00,2025-10-15 15:00:00,TICKER_0965.JP,2190.55,2183.71,-0.112,-0.412,-453496.54,False
2025-10-15,2025-10-15 08:30:00,2025-10-15 09:00:00,2025-10-15 15:00:00,TICKER_1002.JP,2298.62,2395.21,4.411,4.102,4515671.25,True
2025-10-15,2025-10-15 08:30:00,2025-10-15 09:00:00,2025-10-15 15:00:00,TICKER_1039.JP,2356.38,2423.15,3.039,2.734,3009006.15,True
2025-10-15,2025-10-15 08:30:00,2025-10-15 09:00:00,2025-10-15 15:00:00,TICKER_1076.JP,2382.29,2420.27,1.798,1.494,1644691.95,True
2025-10-15,2025-10-15 08:30:00,2025-10-15 09:00:00,2025-10-15 15:00:00,TICKER_1113.JP,2537.14,2584.95,2.088,1.784,1964087.71,True
2025-10-15,2025-10-15 08:30:00,2025-10-15 09:00:00,2025-10-15 15:00:00,TICKER_1150.JP,2620.59,2571.09,-1.693,-1.989,-2189338.84,False
2025-10-16,2025-10-16 08:30:00,2025-10-16 09:00:00,2025-10-16 15:00:00,TICKER_0541.JP,1560.84,1534.72,-1.476,-1.773,-1979308.92,False
2025-10-16,2025-10-16 08:30:00,2025-10-16 09:00:00,2025-10-16 15:00:00,TICKER_0578.JP,1643.18,1662.03,1.349,1.047,1168545.16,True
2025-10-16,2025-10-16 08:30:00,2025-10-16 09:00:00,2025-10-16 15:00:00,TICKER_0615.JP,1733.29,1752.92,1.335,1.032,1152160.09,True
2025-10-16,2025-10-16 08:30:00,2025-10-16 09:00:00,2025-10-16 15:00:00,TICKER_0652.JP,1803.6,1812.82,0.712,0.411,458604.36,True
2025-10-16,2025-10-16 08:30:00,2025-10-16 09:00:00,2025-10-16 15:00:00,TICKER_0689.JP,1883.01,1902.8,1.253,0.951,1061184.15,True
2025-10-16,2025-10-16 08:30:00,2025-10-16 09:00:00,2025-10-16 15:00:00,TICKER_0726.JP,1996.49,2014.95,1.127,0.825,920402.76,True
2025-10-16,2025-10-16 08:30:00,2025-10-16 09:00:00,2025-10-16 15:00:00,TICKER_0763.JP,2060.5,2075.75,0.942,0.64,714728.98,True
2025-10-16,2025-10-16 08:30:00,2025-10-16 09:00:00,2025-10-16 15:00:00,TICKER_0800.JP,2122.29,2142.58,1.158,0.856,955302.7,True
2025-10-16,2025-10-16 08:30:00,2025-10-16 09:00:00,2025-10-16 15:00:00,TICKER_0837.JP,2195.76,2229.87,1.756,1.453,1622124.61,True
2025-10-16,2025-10-16 08:30:00,2025-10-16 09:00:00,2025-10-16 15:00:00,TICKER_0874.JP,2330.56,2330.54,0.199,-0.101,-112635.88,False
2025-10-17,2025-10-17 08:30:00,2025-10-17 09:00:00,2025-10-17 15:00:00,TICKER_0431.JP,1918.37,1921.35,0.356,0.055,62103.75,True
2025-10-17,2025-10-17 08:30:00,2025-10-17 09:00:00,2025-10-17 15:00:00,TICKER_0468.JP,2022.51,2035.68,0.853,0.551,618466.58,True
2025-10-17,2025-10-17 08:30:00,2025-10-17 09:00:00,2025-10-17 15:00:00,TICKER_0505.JP,2124.65,2168.07,2.248,1.943,2180440.78,True
2025-10-17,2025-10-17 08:30:00,2025-10-17 09:00:00,2025-10-17 15:00:00,TICKER_0542.JP,2143.07,2279.95,6.6,6.287,7053426.29,True
2025-10-17,2025-10-17 08:30:00,2025-10-17 09:00:00,2025-10-17 15:00:00,TICKER_0579.JP,2288.83,2449.72,7.244,6.929,7774227.88,True
2025-10-17,2025-10-17 08:30:00,2025-10-17 09:00:00,2025-10-17 15:00:00,TICKER_0616.JP,2409.39,2380.55,-0.999,-1.297,-1455103.59,False
2025-10-17,2025-10-17 08:30:00,2025-10-17 09:00:00,2025-10-17 15:00:00,TICKER_0653.JP,2417.84,2349.85,-2.617,-2.912,-3266929.74,False
2025-10-17,2025-10-17 08:30:00,2025-10-17 09:00:00,2025-10-17 15:00:00,TICKER_0690.JP,2546.22,2569.96,1.134,0.832,933565.39,True
2025-10-17,2025-10-17 08:30:00,2025-10-17 09:00:00,2025-10-17 15:00:00,TICKER_0727.JP,2595.82,2734.0,5.534,5.223,5859954.02,True
2025-10-17,2025-10-17 08:30:00,2025-10-17 09:00:00,2025-10-17 15:00:00,TICKER_0764.JP,2695.5,2731.6,1.542,1.239,1390056.75,True
2025-10-20,2025-10-20 08:30:00,2025-10-20 09:00:00,2025-10-20 15:00:00,TICKER_0251.JP,1784.58,1822.08,2.305,2.001,2285108.56,True
2025-10-20,2025-10-20 08:30:00,2025-10-20 09:00:00,2025-10-20 15:00:00,TICKER_0288.JP,1822.79,1832.2,0.717,0.416,475037.81,True
2025-10-20,2025-10-20 08:30:00,2025-10-20 09:00:00,2025-10-20 15:00:00,TICKER_0325.JP,1941.76,2062.72,6.442,6.129,6999556.43,True
2025-10-20,2025-10-20 08:30:00,2025-10-20 09:00:00,2025-10-20 15:00:00,TICKER_0362.JP,2047.81,2047.34,0.177,-0.123,-140141.05,False
2025-10-20,2025-10-20 08:30:00,2025-10-20 09:00:00,2025-10-20 15:00:00,TICKER_0399.JP,2131.72,2104.83,-1.064,-1.361,-1554570.51,False
2025-10-20,2025-10-20 08:30:00,2025-10-20 09:00:00,2025-10-20 15:00:00,TICKER_0436.JP,2136.28,2229.54,4.574,4.265,4870947.83,True
2025-10-20,2025-10-20 08:30:00,2025-10-20 09:00:00,2025-10-20 15:00:00,TICKER_0473.JP,2285.62,2345.0,2.803,2.498,2852677.75,True
2025-10-20,2025-10-20 08:30:00,2025-10-20 09:00:00,2025-10-20 15:00:00,TICKER_0510.JP,2372.27,2417.9,2.128,1.823,2082412.25,True
2025-10-20,2025-10-20 08:30:00,2025-10-20 09:00:00,2025-10-20 15:00:00,TICKER_0547.JP,2414.29,2470.95,2.552,2.247,2565679.86,True
2025-10-20,2025-10-20 08:30:00,2025-10-20 09:00:00,2025-10-20 15:00:00,TICKER_0584.JP,2539.84,2596.35,2.43,2.125,2426874.37,True
2025-10-21,2025-10-21 08:30:00,2025-10-21 09:00:00,2025-10-21 15:00:00,TICKER_0192.JP,1721.9,1742.25,1.384,1.082,1258679.42,True
2025-10-21,2025-10-21 08:30:00,2025-10-21 09:00:00,2025-10-21 15:00:00,TICKER_0229.JP,1776.71,1790.87,0.998,0.697,810593.79,True
2025-10-21,2025-10-21 08:30:00,2025-10-21 09:00:00,2025-10-21 15:00:00,TICKER_0266.JP,1879.31,1938.19,3.34,3.033,3529820.88,True
2025-10-21,2025-10-21 08:30:00,2025-10-21 09:00:00,2025-10-21 15:00:00,TICKER_0303.JP,1997.6,1975.61,-0.902,-1.2,-1397036.04,False
2025-10-21,2025-10-21 08:30:00,2025-10-21 09:00:00,2025-10-21 15:00:00,TICKER_0340.JP,2038.82,2018.22,-0.812,-1.11,-1292022.66,False
2025-10-21,2025-10-21 08:30:00,2025-10-21 09:00:00,2025-10-21 15:00:00,TICKER_0377.JP,2155.16,2170.33,0.905,0.604,702467.9,True
2025-10-21,2025-10-21 08:30:00,2025-10-21 09:00:00,2025-10-21 15:00:00,TICKER_0414.JP,2270.85,2307.98,1.839,1.535,1786464.9,True
2025-10-21,2025-10-21 08:30:00,2025-10-21 09:00:00,2025-10-21 15:00:00,TICKER_0451.JP,2315.02,2362.18,2.241,1.937,2253928.38,True
2025-10-21,2025-10-21 08:30:00,2025-10-21 09:00:00,2025-10-21 15:00:00,TICKER_0488.JP,2382.95,2493.04,4.83,4.52,5260130.95,True
2025-10-21,2025-10-21 08:30:00,2025-10-21 09:00:00,2025-10-21 15:00:00,TICKER_0525.JP,2483.74,2483.17,0.177,-0.123,-142935.27,False
2025-10-22,2025-10-22 08:30:00,2025-10-22 09:00:00,2025-10-22 15:00:00,TICKER_0481.JP,1964.73,2019.11,2.973,2.668,3136734.45,True
2025-10-22,2025-10-22 08:30:00,2025-10-22 09:00:00,2025-10-22 15:00:00,TICKER_0518.JP,2064.93,2062.1,0.063,-0.237,-279138.56,False
2025-10-22,2025-10-22 08:30:00,2025-10-22 09:00:00,2025-10-22 15:00:00,TICKER_0555.JP,2161.66,2160.6,0.151,-0.149,-175368.93,False
2025-10-22,2025-10-22 08:30:00,2025-10-22 09:00:00,2025-10-22 15:00:00,TICKER_0592.JP,2230.1,2280.89,2.482,2.177,2560355.87,True
2025-10-22,2025-10-22 08:30:00,2025-10-22 09:00:00,2025-10-22 15:00:00,TICKER_0629.JP,2366.81,2442.4,3.4,3.093,3637349.7,True
2025-10-22,2025-10-22 08:30:00,2025-10-22 09:00:00,2025-10-22 15:00:00,TICKER_0666.JP,2416.09,2525.65,4.744,4.435,5214370.92,True
2025-10-22,2025-10-22 08:30:00,2025-10-22 09:00:00,2025-10-22 15:00:00,TICKER_0703.JP,2488.65,2559.13,3.038,2.732,3212624.92,True
2025-10-22,2025-10-22 08:30:00,2025-10-22 09:00:00,2025-10-22 15:00:00,TICKER_0740.JP,2612.09,2687.29,3.085,2.779,3267647.72,True
2025-10-22,2025-10-22 08:30:00,2025-10-22 09:00:00,2025-10-22 15:00:00,TICKER_0777.JP,2696.36,2785.45,3.511,3.204,3767466.85,True
2025-10-22,2025-10-22 08:30:00,2025-10-22 09:00:00,2025-10-22 15:00:00,TICKER_0814.JP,2789.45,2845.73,2.222,1.918,2255035.74,True
2025-10-23,2025-10-23 08:30:00,2025-10-23 09:00:00,2025-10-23 15:00:00,TICKER_0318.JP,1840.03,1905.89,3.787,3.48,4179336.59,True
2025-10-23,2025-10-23 08:30:00,2025-10-23 09:00:00,2025-10-23 15:00:00,TICKER_0355.JP,1917.17,2018.94,5.519,5.209,6256140.29,True
2025-10-23,2025-10-23 08:30:00,2025-10-23 09:00:00,2025-10-23 15:00:00,TICKER_0392.JP,1991.34,2008.22,1.05,0.748,898073.23,True
2025-10-23,2025-10-23 08:30:00,2025-10-23 09:00:00,2025-10-23 15:00:00,TICKER_0429.JP,2106.71,2215.7,5.384,5.073,6093726.42,True
2025-10-23,2025-10-23 08:30:00,2025-10-23 09:00:00,2025-10-23 15:00:00,TICKER_0466.JP,2175.7,2233.92,2.881,2.576,3094020.97,True
2025-10-23,2025-10-23 08:30:00,2025-10-23 09:00:00,2025-10-23 15:00:00,TICKER_0503.JP,2250.95,2281.73,1.57,1.267,1522192.65,True
2025-10-23,2025-10-23 08:30:00,2025-10-23 09:00:00,2025-10-23 15:00:00,TICKER_0540.JP,2314.63,2399.63,3.88,3.572,4290549.78,True
2025-10-23,2025-10-23 08:30:00,2025-10-23 09:00:00,2025-10-23 15:00:00,TICKER_0577.JP,2434.01,2478.5,2.032,1.728,2075238.01,True
2025-10-23,2025-10-23 08:30:00,2025-10-23 09:00:00,2025-10-23 15:00:00,TICKER_0614.JP,2504.85,2550.6,2.03,1.726,2073428.96,True
2025-10-23,2025-10-23 08:30:00,2025-10-23 09:00:00,2025-10-23 15:00:00,TICKER_0651.JP,2612.3,2659.89,2.026,1.722,2067958.23,True
2025-10-24,2025-10-24 08:30:00,2025-10-24 09:00:00,2025-10-24 15:00:00,TICKER_0780.JP,1799.41,1786.07,-0.542,-0.841,-1036281.99,False
2025-10-24,2025-10-24 08:30:00,2025-10-24 09:00:00,2025-10-24 15:00:00,TICKER_0817.JP,1890.84,1894.92,0.417,0.116,142919.05,True
2025-10-24,2025-10-24 08:30:00,2025-10-24 09:00:00,2025-10-24 15:00:00,TICKER_0854.JP,1960.36,1997.77,2.112,1.808,2228062.55,True
2025-10-24,2025-10-24 08:30:00,2025-10-24 09:00:00,2025-10-24 15:00:00,TICKER_0891.JP,2029.26,2107.96,4.086,3.778,4655179.72,True
2025-10-24,2025-10-24 08:30:00,2025-10-24 09:00:00,2025-10-24 15:00:00,TICKER_0928.JP,2143.28,2133.73,-0.246,-0.545,-672008.51,False
2025-10-24,2025-10-24 08:30:00,2025-10-24 09:00:00,2025-10-24 15:00:00,TICKER_0965.JP,2224.33,2230.78,0.491,0.19,233774.85,True
2025-10-24,2025-10-24 08:30:00,2025-10-24 09:00:00,2025-10-24 15:00:00,TICKER_1002.JP,2308.14,2411.54,4.689,4.38,5396154.52,True
2025-10-24,2025-10-24 08:30:00,2025-10-24 09:00:00,2025-10-24 15:00:00,TICKER_1039.JP,2401.91,2447.21,2.09,1.786,2200484.49,True
2025-10-24,2025-10-24 08:30:00,2025-10-24 09:00:00,2025-10-24 15:00:00,TICKER_1076.JP,2496.83,2542.14,2.018,1.714,2112149.69,True
2025-10-24,2025-10-24 08:30:00,2025-10-24 09:00:00,2025-10-24 15:00:00,TICKER_1113.JP,2585.61,2650.98,2.733,2.428,2991373.55,True
2025-10-27,2025-10-27 08:30:00,2025-10-27 09:00:00,2025-10-27 15:00:00,TICKER_0274.JP,1758.37,1826.08,4.059,3.751,4686517.24,True
2025-10-27,2025-10-27 08:30:00,2025-10-27 09:00:00,2025-10-27 15:00:00,TICKER_0311.JP,1868.61,1917.61,2.828,2.522,3151553.93,True
2025-10-27,2025-10-27 08:30:00,2025-10-27 09:00:00,2025-10-27 15:00:00,TICKER_0348.JP,1992.77,1989.46,0.034,-0.266,-332602.96,False
2025-10-27,2025-10-27 08:30:00,2025-10-27 09:00:00,2025-10-27 15:00:00,TICKER_0385.JP,2047.3,2085.63,2.077,1.773,2214630.73,True
2025-10-27,2025-10-27 08:30:00,2025-10-27 09:00:00,2025-10-27 15:00:00,TICKER_0422.JP,2137.84,2200.07,3.117,2.811,3512013.67,True
2025-10-27,2025-10-27 08:30:00,2025-10-27 09:00:00,2025-10-27 15:00:00,TICKER_0459.JP,2230.12,2203.74,-0.985,-1.283,-1602493.64,False
2025-10-27,2025-10-27 08:30:00,2025-10-27 09:00:00,2025-10-27 15:00:00,TICKER_0496.JP,2285.4,2293.64,0.562,0.261,325578.79,True
2025-10-27,2025-10-27 08:30:00,2025-10-27 09:00:00,2025-10-27 15:00:00,TICKER_0533.JP,2381.35,2330.31,-1.947,-2.243,-2802869.66,False
2025-10-27,2025-10-27 08:30:00,2025-10-27 09:00:00,2025-10-27 15:00:00,TICKER_0570.JP,2461.93,2511.58,2.221,1.917,2394538.66,True
2025-10-27,2025-10-27 08:30:00,2025-10-27 09:00:00,2025-10-27 15:00:00,TICKER_0607.JP,2573.1,2637.66,2.714,2.409,3009784.15,True
2025-10-28,2025-10-28 08:30:00,2025-10-28 09:00:00,2025-10-28 15:00:00,TICKER_0464.JP,1999.21,2014.87,0.985,0.684,863543.44,True
2025-10-28,2025-10-28 08:30:00,2025-10-28 09:00:00,2025-10-28 15:00:00,TICKER_0501.JP,2075.84,2096.36,1.191,0.888,1122251.47,True
2025-10-28,2025-10-28 08:30:00,2025-10-28 09:00:00,2025-10-28 15:00:00,TICKER_0538.JP,2135.24,2255.41,5.839,5.528,6982939.49,True
2025-10-28,2025-10-28 08:30:00,2025-10-28 09:00:00,2025-10-28 15:00:00,TICKER_0575.JP,2209.04,2234.61,1.36,1.058,1336238.05,True
2025-10-28,2025-10-28 08:30:00,2025-10-28 09:00:00,2025-10-28 15:00:00,TICKER_0612.JP,2282.63,2308.49,1.335,1.033,1304719.49,True
2025-10-28,2025-10-28 08:30:00,2025-10-28 09:00:00,2025-10-28 15:00:00,TICKER_0649.JP,2375.58,2457.64,3.661,3.354,4237050.88,True
2025-10-28,2025-10-28 08:30:00,2025-10-28 09:00:00,2025-10-28 15:00:00,TICKER_0686.JP,2483.69,2509.45,1.239,0.937,1183684.41,True
2025-10-28,2025-10-28 08:30:00,2025-10-28 09:00:00,2025-10-28 15:00:00,TICKER_0723.JP,2594.38,2610.26,0.813,0.512,646657.16,True
2025-10-28,2025-10-28 08:30:00,2025-10-28 09:00:00,2025-10-28 15:00:00,TICKER_0760.JP,2670.42,2686.05,0.787,0.485,613208.23,True
2025-10-28,2025-10-28 08:30:00,2025-10-28 09:00:00,2025-10-28 15:00:00,TICKER_0797.JP,2718.43,2704.23,-0.323,-0.622,-785836.75,False
2025-10-29,2025-10-29 08:30:00,2025-10-29 09:00:00,2025-10-29 15:00:00,TICKER_0694.JP,1726.95,1783.96,3.509,3.202,4097724.88,True
2025-10-29,2025-10-29 08:30:00,2025-10-29 09:00:00,2025-10-29 15:00:00,TICKER_0731.JP,1802.59,1896.71,5.432,5.121,6554622.37,True
2025-10-29,2025-10-29 08:30:00,2025-10-29 09:00:00,2025-10-29 15:00:00,TICKER_0768.JP,1894.03,1923.01,1.733,1.43,1829793.3,True
2025-10-29,2025-10-29 08:30:00,2025-10-29 09:00:00,2025-10-29 15:00:00,TICKER_0805.JP,1950.22,1953.07,0.347,0.046,59488.67,True
2025-10-29,2025-10-29 08:30:00,2025-10-29 09:00:00,2025-10-29 15:00:00,TICKER_0842.JP,2009.13,2129.03,6.18,5.868,7509957.8,True
2025-10-29,2025-10-29 08:30:00,2025-10-29 09:00:00,2025-10-29 15:00:00,TICKER_0879.JP,2175.87,2196.66,1.157,0.855,1094731.55,True
2025-10-29,2025-10-29 08:30:00,2025-10-29 09:00:00,2025-10-29 15:00:00,TICKER_0916.JP,2240.79,2204.87,-1.406,-1.703,-2179340.65,False
2025-10-29,2025-10-29 08:30:00,2025-10-29 09:00:00,2025-10-29 15:00:00,TICKER_0953.JP,2314.92,2371.06,2.63,2.325,2975485.53,True
2025-10-29,2025-10-29 08:30:00,2025-10-29 09:00:00,2025-10-29 15:00:00,TICKER_0990.JP,2390.64,2447.91,2.601,2.296,2938086.52,True
2025-10-29,2025-10-29 08:30:00,2025-10-29 09:00:00,2025-10-29 15:00:00,TICKER_1027.JP,2467.03,2515.44,2.166,1.862,2383297.54,True
2025-10-30,2025-10-30 08:30:00,2025-10-30 09:00:00,2025-10-30 15:00:00,TICKER_0338.JP,1854.63,1949.38,5.319,5.009,6539981.13,True
2025-10-30,2025-10-30 08:30:00,2025-10-30 09:00:00,2025-10-30 15:00:00,TICKER_0375.JP,1955.44,1975.67,1.237,0.934,1220208.57,True
2025-10-30,2025-10-30 08:30:00,2025-10-30 09:00:00,2025-10-30 15:00:00,TICKER_0412.JP,2003.49,2040.34,2.043,1.739,2270822.14,True
2025-10-30,2025-10-30 08:30:00,2025-10-30 09:00:00,2025-10-30 15:00:00,TICKER_0449.JP,2106.32,2121.73,0.933,0.631,824218.76,True
2025-10-30,2025-10-30 08:30:00,2025-10-30 09:00:00,2025-10-30 15:00:00,TICKER_0486.JP,2203.93,2228.33,1.309,1.007,1314899.9,True
2025-10-30,2025-10-30 08:30:00,2025-10-30 09:00:00,2025-10-30 15:00:00,TICKER_0523.JP,2238.21,2308.07,3.328,3.021,3945205.83,True
2025-10-30,2025-10-30 08:30:00,2025-10-30 09:00:00,2025-10-30 15:00:00,TICKER_0560.JP,2346.62,2346.39,0.19,-0.11,-143540.96,False
2025-10-30,2025-10-30 08:30:00,2025-10-30 09:00:00,2025-10-30 15:00:00,TICKER_0597.JP,2483.12,2531.49,2.152,1.848,2412715.88,True
2025-10-30,2025-10-30 08:30:00,2025-10-30 09:00:00,2025-10-30 15:00:00,TICKER_0634.JP,2532.2,2563.44,1.437,1.134,1480563.04,True
2025-10-30,2025-10-30 08:30:00,2025-10-30 09:00:00,2025-10-30 15:00:00,TICKER_0671.JP,2637.96,2585.79,-1.781,-2.077,-2712600.44,False
2025-10-31,2025-10-31 08:30:00,2025-10-31 09:00:00,2025-10-31 15:00:00,TICKER_0410.JP,1913.45,1942.12,1.701,1.398,1848278.72,True
2025-10-31,2025-10-31 08:30:00,2025-10-31 09:00:00,2025-10-31 15:00:00,TICKER_0447.JP,1984.17,1979.83,-0.019,-0.319,-421642.79,False
2025-10-31,2025-10-31 08:30:00,2025-10-31 09:00:00,2025-10-31 15:00:00,TICKER_0484.JP,2083.2,2111.19,1.546,1.243,1643819.76,True
2025-10-31,2025-10-31 08:30:00,2025-10-31 09:00:00,2025-10-31 15:00:00,TICKER_0521.JP,2155.82,2147.07,-0.207,-0.506,-668969.09,False
2025-10-31,2025-10-31 08:30:00,2025-10-31 09:00:00,2025-10-31 15:00:00,TICKER_0558.JP,2305.04,2276.15,-1.056,-1.353,-1789240.16,False
2025-10-31,2025-10-31 08:30:00,2025-10-31 09:00:00,2025-10-31 15:00:00,TICKER_0595.JP,2358.86,2387.2,1.404,1.102,1456356.97,True
2025-10-31,2025-10-31 08:30:00,2025-10-31 09:00:00,2025-10-31 15:00:00,TICKER_0632.JP,2439.9,2416.84,-0.747,-1.045,-1381518.61,False
2025-10-31,2025-10-31 08:30:00,2025-10-31 09:00:00,2025-10-31 15:00:00,TICKER_0669.JP,2541.77,2578.37,1.643,1.34,1771452.11,True
2025-10-31,2025-10-31 08:30:00,2025-10-31 09:00:00,2025-10-31 15:00:00,TICKER_0706.JP,2636.81,2602.93,-1.087,-1.385,-1830862.68,False
2025-10-31,2025-10-31 08:30:00,2025-10-31 09:00:00,2025-10-31 15:00:00,TICKER_0743.JP,2675.8,2696.95,0.992,0.69,912623.82,True
2025-11-03,2025-11-03 08:30:00,2025-11-03 09:00:00,2025-11-03 15:00:00,TICKER_0222.JP,1732.82,1677.01,-3.027,-3.321,-4395030.94,False
2025-11-03,2025-11-03 08:30:00,2025-11-03 09:00:00,2025-11-03 15:00:00,TICKER_0259.JP,1774.97,1730.46,-2.313,-2.608,-3451635.76,False
2025-11-03,2025-11-03 08:30:00,2025-11-03 09:00:00,2025-11-03 15:00:00,TICKER_0296.JP,1898.79,1879.61,-0.812,-1.11,-1469136.61,False
2025-11-03,2025-11-03 08:30:00,2025-11-03 09:00:00,2025-11-03 15:00:00,TICKER_0333.JP,2010.44,2035.81,1.465,1.162,1538045.69,True
2025-11-03,2025-11-03 08:30:00,2025-11-03 09:00:00,2025-11-03 15:00:00,TICKER_0370.JP,2108.8,2108.31,0.177,-0.123,-162922.3,False
2025-11-03,2025-11-03 08:30:00,2025-11-03 09:00:00,2025-11-03 15:00:00,TICKER_0407.JP,2180.72,2225.24,2.246,1.942,2569868.88,True
2025-11-03,2025-11-03 08:30:00,2025-11-03 09:00:00,2025-11-03 15:00:00,TICKER_0444.JP,2244.66,2289.51,2.202,1.898,2511864.04,True
2025-11-03,2025-11-03 08:30:00,2025-11-03 09:00:00,2025-11-03 15:00:00,TICKER_0481.JP,2329.86,2430.3,4.52,4.211,5573263.32,True
2025-11-03,2025-11-03 08:30:00,2025-11-03 09:00:00,2025-11-03 15:00:00,TICKER_0518.JP,2435.9,2519.12,3.623,3.316,4388989.06,True
2025-11-03,2025-11-03 08:30:00,2025-11-03 09:00:00,2025-11-03 15:00:00,TICKER_0555.JP,2484.46,2570.65,3.676,3.369,4458831.17,True
2025-11-04,2025-11-04 08:30:00,2025-11-04 09:00:00,2025-11-04 15:00:00,TICKER_0065.JP,1580.28,1583.7,0.417,0.117,155865.64,True
2025-11-04,2025-11-04 08:30:00,2025-11-04 09:00:00,2025-11-04 15:00:00,TICKER_0102.JP,1659.68,1652.7,-0.221,-0.521,-694877.78,False
2025-11-04,2025-11-04 08:30:00,2025-11-04 09:00:00,2025-11-04 15:00:00,TICKER_0139.JP,1735.05,1803.49,4.153,3.845,5130619.29,True
2025-11-04,2025-11-04 08:30:00,2025-11-04 09:00:00,2025-11-04 15:00:00,TICKER_0176.JP,1815.98,1825.62,0.732,0.431,574835.15,True
2025-11-04,2025-11-04 08:30:00,2025-11-04 09:00:00,2025-11-04 15:00:00,TICKER_0213.JP,1879.4,1855.45,-1.076,-1.374,-1833683.09,False
2025-11-04,2025-11-04 08:30:00,2025-11-04 09:00:00,2025-11-04 15:00:00,TICKER_0250.JP,2015.11,2034.16,1.147,0.845,1128166.66,True
2025-11-04,2025-11-04 08:30:00,2025-11-04 09:00:00,2025-11-04 15:00:00,TICKER_0287.JP,2067.75,2160.97,4.718,4.408,5882901.14,True
2025-11-04,2025-11-04 08:30:00,2025-11-04 09:00:00,2025-11-04 15:00:00,TICKER_0324.JP,2178.36,2188.28,0.657,0.356,474468.92,True
2025-11-04,2025-11-04 08:30:00,2025-11-04 09:00:00,2025-11-04 15:00:00,TICKER_0361.JP,2266.62,2330.25,3.013,2.707,3612402.71,True
2025-11-04,2025-11-04 08:30:00,2025-11-04 09:00:00,2025-11-04 15:00:00,TICKER_0398.JP,2341.78,2329.61,-0.321,-0.62,-827049.62,False
2025-11-05,2025-11-05 08:30:00,2025-11-05 09:00:00,2025-11-05 15:00:00,TICKER_0108.JP,1621.6,1616.93,-0.088,-0.388,-522657.32,False
2025-11-05,2025-11-05 08:30:00,2025-11-05 09:00:00,2025-11-05 15:00:00,TICKER_0145.JP,1725.63,1710.02,-0.707,-1.005,-1354046.18,False
2025-11-05,2025-11-05 08:30:00,2025-11-05 09:00:00,2025-11-05 15:00:00,TICKER_0182.JP,1781.12,1848.76,4.005,3.698,4982218.86,True
2025-11-05,2025-11-05 08:30:00,2025-11-05 09:00:00,2025-11-05 15:00:00,TICKER_0219.JP,1878.33,1896.95,1.194,0.892,1201298.26,True
2025-11-05,2025-11-05 08:30:00,2025-11-05 09:00:00,2025-11-05 15:00:00,TICKER_0256.JP,1980.1,2007.3,1.577,1.274,1716335.09,True
2025-11-05,2025-11-05 08:30:00,2025-11-05 09:00:00,2025-11-05 15:00:00,TICKER_0293.JP,2058.1,2057.01,0.147,-0.153,-205782.46,False
2025-11-05,2025-11-05 08:30:00,2025-11-05 09:00:00,2025-11-05 15:00:00,TICKER_0330.JP,2102.26,2195.54,4.646,4.337,5844044.46,True
2025-11-05,2025-11-05 08:30:00,2025-11-05 09:00:00,2025-11-05 15:00:00,TICKER_0367.JP,2226.39,2285.79,2.873,2.568,3460011.82,True
2025-11-05,2025-11-05 08:30:00,2025-11-05 09:00:00,2025-11-05 15:00:00,TICKER_0404.JP,2319.1,2269.05,-1.962,-2.258,-3042577.15,False
2025-11-05,2025-11-05 08:30:00,2025-11-05 09:00:00,2025-11-05 15:00:00,TICKER_0441.JP,2434.0,2464.73,1.465,1.163,1566477.61,True
2025-11-06,2025-11-06 08:30:00,2025-11-06 09:00:00,2025-11-06 15:00:00,TICKER_0670.JP,1692.89,1663.71,-1.527,-1.823,-2480615.95,False
2025-11-06,2025-11-06 08:30:00,2025-11-06 09:00:00,2025-11-06 15:00:00,TICKER_0707.JP,1751.69,1801.07,3.025,2.719,3698636.93,True
2025-11-06,2025-11-06 08:30:00,2025-11-06 09:00:00,2025-11-06 15:00:00,TICKER_0744.JP,1847.36,1885.92,2.292,1.988,2703980.73,True
2025-11-06,2025-11-06 08:30:00,2025-11-06 09:00:00,2025-11-06 15:00:00,TICKER_0781.JP,1937.4,1923.7,-0.508,-0.807,-1097382.43,False
2025-11-06,2025-11-06 08:30:00,2025-11-06 09:00:00,2025-11-06 15:00:00,TICKER_0818.JP,1999.37,2040.55,2.264,1.96,2665868.21,True
2025-11-06,2025-11-06 08:30:00,2025-11-06 09:00:00,2025-11-06 15:00:00,TICKER_0855.JP,2119.07,2098.28,-0.783,-1.081,-1470521.89,False
2025-11-06,2025-11-06 08:30:00,2025-11-06 09:00:00,2025-11-06 15:00:00,TICKER_0892.JP,2213.85,2251.73,1.914,1.611,2191283.9,True
2025-11-06,2025-11-06 08:30:00,2025-11-06 09:00:00,2025-11-06 15:00:00,TICKER_0929.JP,2276.26,2291.21,0.858,0.556,756980.48,True
2025-11-06,2025-11-06 08:30:00,2025-11-06 09:00:00,2025-11-06 15:00:00,TICKER_0966.JP,2331.79,2439.05,4.809,4.5,6121507.53,True
2025-11-06,2025-11-06 08:30:00,2025-11-06 09:00:00,2025-11-06 15:00:00,TICKER_1003.JP,2446.75,2437.38,-0.184,-0.483,-657232.44,False
2025-11-07,2025-11-07 08:30:00,2025-11-07 09:00:00,2025-11-07 15:00:00,TICKER_0187.JP,1705.4,1714.7,0.747,0.445,611060.65,True
2025-11-07,2025-11-07 08:30:00,2025-11-07 09:00:00,2025-11-07 15:00:00,TICKER_0224.JP,1787.97,1868.12,4.692,4.383,6014247.71,True
2025-11-07,2025-11-07 08:30:00,2025-11-07 09:00:00,2025-11-07 15:00:00,TICKER_0261.JP,1889.41,1912.75,1.438,1.135,1557697.78,True
2025-11-07,2025-11-07 08:30:00,2025-11-07 09:00:00,2025-11-07 15:00:00,TICKER_0298.JP,1971.97,1990.9,1.162,0.86,1179817.31,True
2025-11-07,2025-11-07 08:30:00,2025-11-07 09:00:00,2025-11-07 15:00:00,TICKER_0335.JP,2032.08,2023.96,-0.2,-0.499,-685264.87,False
2025-11-07,2025-11-07 08:30:00,2025-11-07 09:00:00,2025-11-07 15:00:00,TICKER_0372.JP,2120.69,2154.57,1.801,1.498,2055285.39,True
2025-11-07,2025-11-07 08:30:00,2025-11-07 09:00:00,2025-11-07 15:00:00,TICKER_0409.JP,2193.81,2242.86,2.441,2.136,2930971.65,True
2025-11-07,2025-11-07 08:30:00,2025-11-07 09:00:00,2025-11-07 15:00:00,TICKER_0446.JP,2277.35,2382.31,4.818,4.509,6187040.36,True
2025-11-07,2025-11-07 08:30:00,2025-11-07 09:00:00,2025-11-07 15:00:00,TICKER_0483.JP,2377.39,2462.73,3.797,3.49,4789033.16,True
2025-11-07,2025-11-07 08:30:00,2025-11-07 09:00:00,2025-11-07 15:00:00,TICKER_0520.JP,2442.84,2511.33,3.009,2.704,3709751.82,True
2025-11-10,2025-11-10 08:30:00,2025-11-10 09:00:00,2025-11-10 15:00:00,TICKER_0305.JP,1804.22,1807.87,0.403,0.102,142971.67,True
2025-11-10,2025-11-10 08:30:00,2025-11-10 09:00:00,2025-11-10 15:00:00,TICKER_0342.JP,1868.29,1907.6,2.309,2.004,2804235.92,True
2025-11-10,2025-11-10 08:30:00,2025-11-10 09:00:00,2025-11-10 15:00:00,TICKER_0379.JP,1992.99,2006.03,0.856,0.554,775589.98,True
2025-11-10,2025-11-10 08:30:00,2025-11-10 09:00:00,2025-11-10 15:00:00,TICKER_0416.JP,2077.97,2048.19,-1.236,-1.533,-2144776.05,False
2025-11-10,2025-11-10 08:30:00,2025-11-10 09:00:00,2025-11-10 15:00:00,TICKER_0453.JP,2153.08,2149.09,0.014,-0.285,-399332.22,False
2025-11-10,2025-11-10 08:30:00,2025-11-10 09:00:00,2025-11-10 15:00:00,TICKER_0490.JP,2216.81,2273.1,2.745,2.439,3412776.31,True
2025-11-10,2025-11-10 08:30:00,2025-11-10 09:00:00,2025-11-10 15:00:00,TICKER_0527.JP,2306.64,2299.02,-0.131,-0.431,-602454.79,False
2025-11-10,2025-11-10 08:30:00,2025-11-10 09:00:00,2025-11-10 15:00:00,TICKER_0564.JP,2419.03,2489.89,3.135,2.829,3958558.09,True
2025-11-10,2025-11-10 08:30:00,2025-11-10 09:00:00,2025-11-10 15:00:00,TICKER_0601.JP,2472.57,2538.57,2.875,2.569,3594673.77,True
2025-11-10,2025-11-10 08:30:00,2025-11-10 09:00:00,2025-11-10 15:00:00,TICKER_0638.JP,2583.94,2695.09,4.51,4.202,5878545.72,True
2025-11-11,2025-11-11 08:30:00,2025-11-11 09:00:00,2025-11-11 15:00:00,TICKER_0604.JP,1605.84,1622.77,1.256,0.954,1350176.55,True
2025-11-11,2025-11-11 08:30:00,2025-11-11 09:00:00,2025-11-11 15:00:00,TICKER_0641.JP,1701.54,1715.41,1.017,0.715,1012660.1,True
2025-11-11,2025-11-11 08:30:00,2025-11-11 09:00:00,2025-11-11 15:00:00,TICKER_0678.JP,1786.71,1811.93,1.614,1.311,1856005.52,True
2025-11-11,2025-11-11 08:30:00,2025-11-11 09:00:00,2025-11-11 15:00:00,TICKER_0715.JP,1826.85,1847.13,1.313,1.01,1430448.34,True
2025-11-11,2025-11-11 08:30:00,2025-11-11 09:00:00,2025-11-11 15:00:00,TICKER_0752.JP,1984.0,1990.29,0.518,0.217,306944.51,True
2025-11-11,2025-11-11 08:30:00,2025-11-11 09:00:00,2025-11-11 15:00:00,TICKER_0789.JP,2051.78,2117.06,3.388,3.082,4362644.02,True
2025-11-11,2025-11-11 08:30:00,2025-11-11 09:00:00,2025-11-11 15:00:00,TICKER_0826.JP,2154.79,2183.85,1.552,1.249,1767723.09,True
2025-11-11,2025-11-11 08:30:00,2025-11-11 09:00:00,2025-11-11 15:00:00,TICKER_0863.JP,2191.85,2127.6,-2.737,-3.031,-4291301.54,False
2025-11-11,2025-11-11 08:30:00,2025-11-11 09:00:00,2025-11-11 15:00:00,TICKER_0900.JP,2289.53,2333.64,2.131,1.827,2586280.31,True
2025-11-11,2025-11-11 08:30:00,2025-11-11 09:00:00,2025-11-11 15:00:00,TICKER_0937.JP,2390.47,2381.15,-0.191,-0.49,-693606.38,False
2025-11-12,2025-11-12 08:30:00,2025-11-12 09:00:00,2025-11-12 15:00:00,TICKER_0419.JP,1902.39,1950.51,2.735,2.429,3461437.25,True
2025-11-12,2025-11-12 08:30:00,2025-11-12 09:00:00,2025-11-12 15:00:00,TICKER_0456.JP,1975.14,1973.97,0.141,-0.159,-226828.01,False
2025-11-12,2025-11-12 08:30:00,2025-11-12 09:00:00,2025-11-12 15:00:00,TICKER_0493.JP,2068.93,2117.48,2.552,2.247,3201403.78,True
2025-11-12,2025-11-12 08:30:00,2025-11-12 09:00:00,2025-11-12 15:00:00,TICKER_0530.JP,2187.62,2253.78,3.231,2.925,4167310.27,True
2025-11-12,2025-11-12 08:30:00,2025-11-12 09:00:00,2025-11-12 15:00:00,TICKER_0567.JP,2297.36,2347.01,2.366,2.061,2937268.62,True
2025-11-12,2025-11-12 08:30:00,2025-11-12 09:00:00,2025-11-12 15:00:00,TICKER_0604.JP,2344.25,2390.77,2.188,1.884,2684764.27,True
2025-11-12,2025-11-12 08:30:00,2025-11-12 09:00:00,2025-11-12 15:00:00,TICKER_0641.JP,2431.1,2408.58,-0.728,-1.026,-1462370.92,False
2025-11-12,2025-11-12 08:30:00,2025-11-12 09:00:00,2025-11-12 15:00:00,TICKER_0678.JP,2501.79,2610.66,4.56,4.252,6057968.95,True
2025-11-12,2025-11-12 08:30:00,2025-11-12 09:00:00,2025-11-12 15:00:00,TICKER_0715.JP,2639.62,2685.56,1.944,1.641,2337626.03,True
2025-11-12,2025-11-12 08:30:00,2025-11-12 09:00:00,2025-11-12 15:00:00,TICKER_0752.JP,2727.72,2712.02,-0.377,-0.676,-963111.93,False
2025-11-13,2025-11-13 08:30:00,2025-11-13 09:00:00,2025-11-13 15:00:00,TICKER_0336.JP,1818.04,1905.19,5.004,4.694,6787335.29,True
2025-11-13,2025-11-13 08:30:00,2025-11-13 09:00:00,2025-11-13 15:00:00,TICKER_0373.JP,1930.09,1954.08,1.446,1.143,1653091.5,True
2025-11-13,2025-11-13 08:30:00,2025-11-13 09:00:00,2025-11-13 15:00:00,TICKER_0410.JP,2025.1,2007.97,-0.648,-0.946,-1367926.71,False
2025-11-13,2025-11-13 08:30:00,2025-11-13 09:00:00,2025-11-13 15:00:00,TICKER_0447.JP,2092.33,2173.21,4.074,3.766,5445129.46,True
2025-11-13,2025-11-13 08:30:00,2025-11-13 09:00:00,2025-11-13 15:00:00,TICKER_0484.JP,2220.72,2222.43,0.277,-0.023,-33459.13,False
2025-11-13,2025-11-13 08:30:00,2025-11-13 09:00:00,2025-11-13 15:00:00,TICKER_0521.JP,2294.93,2356.92,2.907,2.601,3761063.22,True
2025-11-13,2025-11-13 08:30:00,2025-11-13 09:00:00,2025-11-13 15:00:00,TICKER_0558.JP,2353.05,2516.58,7.164,6.85,9904402.55,True
2025-11-13,2025-11-13 08:30:00,2025-11-13 09:00:00,2025-11-13 15:00:00,TICKER_0595.JP,2477.1,2483.53,0.46,0.16,230704.28,True
2025-11-13,2025-11-13 08:30:00,2025-11-13 09:00:00,2025-11-13 15:00:00,TICKER_0632.JP,2550.79,2623.75,3.066,2.761,3991575.59,True
2025-11-13,2025-11-13 08:30:00,2025-11-13 09:00:00,2025-11-13 15:00:00,TICKER_0669.JP,2634.71,2652.91,0.892,0.591,854369.34,True
2025-11-14,2025-11-14 08:30:00,2025-11-14 09:00:00,2025-11-14 15:00:00,TICKER_0658.JP,1631.5,1607.25,-1.289,-1.586,-2340760.09,False
2025-11-14,2025-11-14 08:30:00,2025-11-14 09:00:00,2025-11-14 15:00:00,TICKER_0695.JP,1755.02,1780.59,1.66,1.357,2001890.12,True
2025-11-14,2025-11-14 08:30:00,2025-11-14 09:00:00,2025-11-14 15:00:00,TICKER_0732.JP,1846.33,1884.24,2.258,1.953,2882224.7,True
2025-11-14,2025-11-14 08:30:00,2025-11-14 09:00:00,2025-11-14 15:00:00,TICKER_0769.JP,1928.74,1946.91,1.144,0.842,1242906.4,True
2025-11-14,2025-11-14 08:30:00,2025-11-14 09:00:00,2025-11-14 15:00:00,TICKER_0806.JP,2024.1,2038.07,0.892,0.59,870728.14,True
2025-11-14,2025-11-14 08:30:00,2025-11-14 09:00:00,2025-11-14 15:00:00,TICKER_0843.JP,2076.75,2044.18,-1.371,-1.668,-2461867.01,False
2025-11-14,2025-11-14 08:30:00,2025-11-14 09:00:00,2025-11-14 15:00:00,TICKER_0880.JP,2194.23,2225.0,1.605,1.302,1921773.81,True
2025-11-14,2025-11-14 08:30:00,2025-11-14 09:00:00,2025-11-14 15:00:00,TICKER_0917.JP,2263.75,2246.81,-0.55,-0.848,-1251830.66,False
2025-11-14,2025-11-14 08:30:00,2025-11-14 09:00:00,2025-11-14 15:00:00,TICKER_0954.JP,2360.48,2422.28,2.823,2.518,3715613.58,True
2025-11-14,2025-11-14 08:30:00,2025-11-14 09:00:00,2025-11-14 15:00:00,TICKER_0991.JP,2429.0,2448.82,1.018,0.716,1056641.09,True
2025-11-17,2025-11-17 08:30:00,2025-11-17 09:00:00,2025-11-17 15:00:00,TICKER_0170.JP,1662.97,1701.29,2.509,2.204,3268342.12,True
2025-11-17,2025-11-17 08:30:00,2025-11-17 09:00:00,2025-11-17 15:00:00,TICKER_0207.JP,1747.85,1787.71,2.486,2.181,3233824.11,True
2025-11-17,2025-11-17 08:30:00,2025-11-17 09:00:00,2025-11-17 15:00:00,TICKER_0244.JP,1863.79,1894.87,1.871,1.568,2324618.56,True
2025-11-17,2025-11-17 08:30:00,2025-11-17 09:00:00,2025-11-17 15:00:00,TICKER_0281.JP,1920.66,1979.26,3.257,2.951,4376034.09,True
2025-11-17,2025-11-17 08:30:00,2025-11-17 09:00:00,2025-11-17 15:00:00,TICKER_0318.JP,2004.31,1996.39,-0.196,-0.495,-734296.77,False
2025-11-17,2025-11-17 08:30:00,2025-11-17 09:00:00,2025-11-17 15:00:00,TICKER_0355.JP,2080.26,2121.52,2.187,1.883,2792737.47,True
2025-11-17,2025-11-17 08:30:00,2025-11-17 09:00:00,2025-11-17 15:00:00,TICKER_0392.JP,2208.02,2223.08,0.884,0.582,863721.9,True
2025-11-17,2025-11-17 08:30:00,2025-11-17 09:00:00,2025-11-17 15:00:00,TICKER_0429.JP,2297.64,2328.99,1.568,1.265,1875237.44,True
2025-11-17,2025-11-17 08:30:00,2025-11-17 09:00:00,2025-11-17 15:00:00,TICKER_0466.JP,2334.47,2438.98,4.686,4.377,6490064.58,True
2025-11-17,2025-11-17 08:30:00,2025-11-17 09:00:00,2025-11-17 15:00:00,TICKER_0503.JP,2434.66,2381.12,-2.004,-2.299,-3409597.97,False
2025-11-18,2025-11-18 08:30:00,2025-11-18 09:00:00,2025-11-18 15:00:00,TICKER_0828.JP,1831.28,1874.62,2.572,2.267,3406897.38,True
2025-11-18,2025-11-18 08:30:00,2025-11-18 09:00:00,2025-11-18 15:00:00,TICKER_0865.JP,1926.18,1961.93,2.059,1.756,2638469.43,True
2025-11-18,2025-11-18 08:30:00,2025-11-18 09:00:00,2025-11-18 15:00:00,TICKER_0902.JP,1978.86,2020.34,2.301,1.996,3000099.02,True
2025-11-18,2025-11-18 08:30:00,2025-11-18 09:00:00,2025-11-18 15:00:00,TICKER_0939.JP,2132.04,2161.6,1.589,1.286,1933178.78,True
2025-11-18,2025-11-18 08:30:00,2025-11-18 09:00:00,2025-11-18 15:00:00,TICKER_0976.JP,2185.53,2235.49,2.491,2.186,3285190.41,True
2025-11-18,2025-11-18 08:30:00,2025-11-18 09:00:00,2025-11-18 15:00:00,TICKER_1013.JP,2247.01,2230.76,-0.525,-0.824,-1237684.16,False
2025-11-18,2025-11-18 08:30:00,2025-11-18 09:00:00,2025-11-18 15:00:00,TICKER_1050.JP,2371.72,2451.53,3.572,3.265,4906882.79,True
2025-11-18,2025-11-18 08:30:00,2025-11-18 09:00:00,2025-11-18 15:00:00,TICKER_1087.JP,2423.4,2514.96,3.986,3.678,5528028.06,True
2025-11-18,2025-11-18 08:30:00,2025-11-18 09:00:00,2025-11-18 15:00:00,TICKER_1124.JP,2474.32,2437.25,-1.301,-1.598,-2402021.05,False
2025-11-18,2025-11-18 08:30:00,2025-11-18 09:00:00,2025-11-18 15:00:00,TICKER_1161.JP,2611.87,2594.97,-0.448,-0.747,-1122558.12,False
2025-11-19,2025-11-19 08:30:00,2025-11-19 09:00:00,2025-11-19 15:00:00,TICKER_0898.JP,1916.51,1904.38,-0.434,-0.733,-1115461.8,False
2025-11-19,2025-11-19 08:30:00,2025-11-19 09:00:00,2025-11-19 15:00:00,TICKER_0935.JP,1960.35,2011.06,2.792,2.487,3784390.94,True
2025-11-19,2025-11-19 08:30:00,2025-11-19 09:00:00,2025-11-19 15:00:00,TICKER_0972.JP,2042.12,2012.26,-1.265,-1.562,-2377761.16,False
2025-11-19,2025-11-19 08:30:00,2025-11-19 09:00:00,2025-11-19 15:00:00,TICKER_1009.JP,2140.44,2221.14,3.978,3.67,5585446.63,True
2025-11-19,2025-11-19 08:30:00,2025-11-19 09:00:00,2025-11-19 15:00:00,TICKER_1046.JP,2233.46,2257.37,1.273,0.97,1476947.41,True
2025-11-19,2025-11-19 08:30:00,2025-11-19 09:00:00,2025-11-19 15:00:00,TICKER_1083.JP,2351.82,2399.05,2.212,1.908,2903976.53,True
2025-11-19,2025-11-19 08:30:00,2025-11-19 09:00:00,2025-11-19 15:00:00,TICKER_1120.JP,2455.44,2469.96,0.793,0.491,747406.93,True
2025-11-19,2025-11-19 08:30:00,2025-11-19 09:00:00,2025-11-19 15:00:00,TICKER_1157.JP,2484.87,2531.89,2.096,1.792,2727111.79,True
2025-11-19,2025-11-19 08:30:00,2025-11-19 09:00:00,2025-11-19 15:00:00,TICKER_1194.JP,2590.72,2615.35,1.153,0.851,1294866.11,True
2025-11-19,2025-11-19 08:30:00,2025-11-19 09:00:00,2025-11-19 15:00:00,TICKER_1231.JP,2694.76,2770.08,3.001,2.695,4101176.54,True
2025-11-20,2025-11-20 08:30:00,2025-11-20 09:00:00,2025-11-20 15:00:00,TICKER_0992.JP,2022.02,2037.57,0.971,0.669,1030352.37,True
2025-11-20,2025-11-20 08:30:00,2025-11-20 09:00:00,2025-11-20 15:00:00,TICKER_1029.JP,2045.83,2046.85,0.25,-0.05,-77422.95,False
2025-11-20,2025-11-20 08:30:00,2025-11-20 09:00:00,2025-11-20 15:00:00,TICKER_1066.JP,2136.87,2120.48,-0.569,-0.867,-1335736.75,False
2025-11-20,2025-11-20 08:30:00,2025-11-20 09:00:00,2025-11-20 15:00:00,TICKER_1103.JP,2270.35,2307.03,1.819,1.516,2334243.42,True
2025-11-20,2025-11-20 08:30:00,2025-11-20 09:00:00,2025-11-20 15:00:00,TICKER_1140.JP,2353.68,2375.6,1.133,0.831,1280272.81,True
2025-11-20,2025-11-20 08:30:00,2025-11-20 09:00:00,2025-11-20 15:00:00,TICKER_1177.JP,2418.22,2532.97,4.955,4.646,7154296.69,True
2025-11-20,2025-11-20 08:30:00,2025-11-20 09:00:00,2025-11-20 15:00:00,TICKER_1214.JP,2542.1,2549.97,0.51,0.21,322641.12,True
2025-11-20,2025-11-20 08:30:00,2025-11-20 09:00:00,2025-11-20 15:00:00,TICKER_1251.JP,2628.06,2694.68,2.741,2.435,3750294.11,True
2025-11-20,2025-11-20 08:30:00,2025-11-20 09:00:00,2025-11-20 15:00:00,TICKER_1288.JP,2663.94,2682.91,0.914,0.612,942829.56,True
2025-11-20,2025-11-20 08:30:00,2025-11-20 09:00:00,2025-11-20 15:00:00,TICKER_1325.JP,2800.66,2839.24,1.58,1.278,1967427.65,True
2025-11-21,2025-11-21 08:30:00,2025-11-21 09:00:00,2025-11-21 15:00:00,TICKER_0801.JP,1800.23,1826.78,1.678,1.375,2140177.63,True
2025-11-21,2025-11-21 08:30:00,2025-11-21 09:00:00,2025-11-21 15:00:00,TICKER_0838.JP,1924.6,1975.7,2.861,2.555,3977021.3,True
2025-11-21,2025-11-21 08:30:00,2025-11-21 09:00:00,2025-11-21 15:00:00,TICKER_0875.JP,1990.37,2008.4,1.108,0.806,1254434.51,True
2025-11-21,2025-11-21 08:30:00,2025-11-21 09:00:00,2025-11-21 15:00:00,TICKER_0912.JP,2104.84,2050.45,-2.389,-2.684,-4178147.18,False
2025-11-21,2025-11-21 08:30:00,2025-11-21 09:00:00,2025-11-21 15:00:00,TICKER_0949.JP,2180.24,2153.48,-1.029,-1.327,-2065655.7,False
2025-11-21,2025-11-21 08:30:00,2025-11-21 09:00:00,2025-11-21 15:00:00,TICKER_0986.JP,2236.78,2209.5,-1.022,-1.32,-2054429.74,False
2025-11-21,2025-11-21 08:30:00,2025-11-21 09:00:00,2025-11-21 15:00:00,TICKER_1023.JP,2276.49,2301.73,1.311,1.008,1569530.97,True
2025-11-21,2025-11-21 08:30:00,2025-11-21 09:00:00,2025-11-21 15:00:00,TICKER_1060.JP,2387.83,2406.28,0.975,0.673,1047405.28,True
2025-11-21,2025-11-21 08:30:00,2025-11-21 09:00:00,2025-11-21 15:00:00,TICKER_1097.JP,2459.79,2482.58,1.129,0.827,1286947.96,True
2025-11-21,2025-11-21 08:30:00,2025-11-21 09:00:00,2025-11-21 15:00:00,TICKER_1134.JP,2632.49,2707.55,3.057,2.751,4282431.59,True
2025-11-24,2025-11-24 08:30:00,2025-11-24 09:00:00,2025-11-24 15:00:00,TICKER_0384.JP,1907.65,1924.3,1.075,0.773,1208871.01,True
2025-11-24,2025-11-24 08:30:00,2025-11-24 09:00:00,2025-11-24 15:00:00,TICKER_0421.JP,1978.27,1988.38,0.712,0.411,642911.36,True
2025-11-24,2025-11-24 08:30:00,2025-11-24 09:00:00,2025-11-24 15:00:00,TICKER_0458.JP,2041.36,2010.9,-1.295,-1.592,-2489351.49,False
2025-11-24,2025-11-24 08:30:00,2025-11-24 09:00:00,2025-11-24 15:00:00,TICKER_0495.JP,2156.34,2215.97,2.971,2.665,4166842.75,True
2025-11-24,2025-11-24 08:30:00,2025-11-24 09:00:00,2025-11-24 15:00:00,TICKER_0532.JP,2236.47,2298.64,2.985,2.68,4189312.39,True
2025-11-24,2025-11-24 08:30:00,2025-11-24 09:00:00,2025-11-24 15:00:00,TICKER_0569.JP,2285.32,2365.29,3.706,3.399,5314448.58,True
2025-11-24,2025-11-24 08:30:00,2025-11-24 09:00:00,2025-11-24 15:00:00,TICKER_0606.JP,2454.48,2513.53,2.611,2.306,3605049.83,True
2025-11-24,2025-11-24 08:30:00,2025-11-24 09:00:00,2025-11-24 15:00:00,TICKER_0643.JP,2491.96,2474.17,-0.515,-0.814,-1272214.09,False
2025-11-24,2025-11-24 08:30:00,2025-11-24 09:00:00,2025-11-24 15:00:00,TICKER_0680.JP,2640.41,2648.82,0.519,0.219,341669.08,True
2025-11-24,2025-11-24 08:30:00,2025-11-24 09:00:00,2025-11-24 15:00:00,TICKER_0717.JP,2620.1,2650.2,1.351,1.049,1639709.37,True
2025-11-25,2025-11-25 08:30:00,2025-11-25 09:00:00,2025-11-25 15:00:00,TICKER_0135.JP,1654.08,1636.33,-0.875,-1.173,-1853417.2,False
2025-11-25,2025-11-25 08:30:00,2025-11-25 09:00:00,2025-11-25 15:00:00,TICKER_0172.JP,1713.49,1672.08,-2.222,-2.517,-3976636.16,False
2025-11-25,2025-11-25 08:30:00,2025-11-25 09:00:00,2025-11-25 15:00:00,TICKER_0209.JP,1816.17,1835.87,1.287,0.985,1555538.95,True
2025-11-25,2025-11-25 08:30:00,2025-11-25 09:00:00,2025-11-25 15:00:00,TICKER_0246.JP,1882.63,1877.63,-0.066,-0.366,-577609.07,False
2025-11-25,2025-11-25 08:30:00,2025-11-25 09:00:00,2025-11-25 15:00:00,TICKER_0283.JP,1998.91,1957.19,-1.891,-2.187,-3455141.67,False
2025-11-25,2025-11-25 08:30:00,2025-11-25 09:00:00,2025-11-25 15:00:00,TICKER_0320.JP,2079.6,2063.61,-0.57,-0.869,-1372252.39,False
2025-11-25,2025-11-25 08:30:00,2025-11-25 09:00:00,2025-11-25 15:00:00,TICKER_0357.JP,2120.8,2053.48,-2.98,-3.274,-5172582.03,False
2025-11-25,2025-11-25 08:30:00,2025-11-25 09:00:00,2025-11-25 15:00:00,TICKER_0394.JP,2213.02,2255.95,2.144,1.84,2906891.22,True
2025-11-25,2025-11-25 08:30:00,2025-11-25 09:00:00,2025-11-25 15:00:00,TICKER_0431.JP,2332.09,2285.11,-1.818,-2.114,-3340499.47,False
2025-11-25,2025-11-25 08:30:00,2025-11-25 09:00:00,2025-11-25 15:00:00,TICKER_0468.JP,2400.17,2456.83,2.566,2.261,3571812.5,True
2025-11-26,2025-11-26 08:30:00,2025-11-26 09:00:00,2025-11-26 15:00:00,TICKER_0110.JP,1626.35,1679.78,3.492,3.185,4996335.43,True
2025-11-26,2025-11-26 08:30:00,2025-11-26 09:00:00,2025-11-26 15:00:00,TICKER_0147.JP,1692.0,1700.56,0.707,0.406,636540.04,True
2025-11-26,2025-11-26 08:30:00,2025-11-26 09:00:00,2025-11-26 15:00:00,TICKER_0184.JP,1813.56,1868.14,3.216,2.909,4564249.61,True
2025-11-26,2025-11-26 08:30:00,2025-11-26 09:00:00,2025-11-26 15:00:00,TICKER_0221.JP,1868.71,1901.6,1.964,1.66,2604188.42,True
2025-11-26,2025-11-26 08:30:00,2025-11-26 09:00:00,2025-11-26 15:00:00,TICKER_0258.JP,1947.76,1966.13,1.146,0.843,1323175.53,True
2025-11-26,2025-11-26 08:30:00,2025-11-26 09:00:00,2025-11-26 15:00:00,TICKER_0295.JP,2032.37,2066.66,1.891,1.587,2490006.98,True
2025-11-26,2025-11-26 08:30:00,2025-11-26 09:00:00,2025-11-26 15:00:00,TICKER_0332.JP,2118.75,2124.56,0.475,0.175,273803.19,True
2025-11-26,2025-11-26 08:30:00,2025-11-26 09:00:00,2025-11-26 15:00:00,TICKER_0369.JP,2227.82,2222.02,-0.061,-0.36,-565284.91,False
2025-11-26,2025-11-26 08:30:00,2025-11-26 09:00:00,2025-11-26 15:00:00,TICKER_0406.JP,2307.88,2309.55,0.273,-0.028,-43184.58,False
2025-11-26,2025-11-26 08:30:00,2025-11-26 09:00:00,2025-11-26 15:00:00,TICKER_0443.JP,2402.84,2459.14,2.548,2.243,3518705.72,True
2025-11-27,2025-11-27 08:30:00,2025-11-27 09:00:00,2025-11-27 15:00:00,TICKER_0386.JP,1858.15,1920.4,3.557,3.25,5159918.79,True
2025-11-27,2025-11-27 08:30:00,2025-11-27 09:00:00,2025-11-27 15:00:00,TICKER_0423.JP,2005.06,1960.48,-2.028,-2.324,-3688963.31,False
2025-11-27,2025-11-27 08:30:00,2025-11-27 09:00:00,2025-11-27 15:00:00,TICKER_0460.JP,2060.25,2118.4,3.028,2.723,4322235.02,True
2025-11-27,2025-11-27 08:30:00,2025-11-27 09:00:00,2025-11-27 15:00:00,TICKER_0497.JP,2153.19,2170.84,1.021,0.72,1142301.15,True
2025-11-27,2025-11-27 08:30:00,2025-11-27 09:00:00,2025-11-27 15:00:00,TICKER_0534.JP,2233.83,2310.38,3.634,3.327,5281316.83,True
2025-11-27,2025-11-27 08:30:00,2025-11-27 09:00:00,2025-11-27 15:00:00,TICKER_0571.JP,2304.72,2386.98,3.776,3.469,5507483.42,True
2025-11-27,2025-11-27 08:30:00,2025-11-27 09:00:00,2025-11-27 15:00:00,TICKER_0608.JP,2422.09,2419.62,0.098,-0.202,-320767.52,False
2025-11-27,2025-11-27 08:30:00,2025-11-27 09:00:00,2025-11-27 15:00:00,TICKER_0645.JP,2472.73,2462.96,-0.196,-0.495,-785747.54,False
2025-11-27,2025-11-27 08:30:00,2025-11-27 09:00:00,2025-11-27 15:00:00,TICKER_0682.JP,2590.06,2618.47,1.299,0.997,1582721.51,True
2025-11-27,2025-11-27 08:30:00,2025-11-27 09:00:00,2025-11-27 15:00:00,TICKER_0719.JP,2643.76,2741.01,3.886,3.578,5680801.6,True
2025-11-28,2025-11-28 08:30:00,2025-11-28 09:00:00,2025-11-28 15:00:00,TICKER_0455.JP,1976.15,2003.2,1.572,1.269,2043183.9,True
2025-11-28,2025-11-28 08:30:00,2025-11-28 09:00:00,2025-11-28 15:00:00,TICKER_0492.JP,2046.74,2079.26,1.792,1.489,2396987.97,True
2025-11-28,2025-11-28 08:30:00,2025-11-28 09:00:00,2025-11-28 15:00:00,TICKER_0529.JP,2117.34,2165.07,2.459,2.155,3469479.9,True
2025-11-28,2025-11-28 08:30:00,2025-11-28 09:00:00,2025-11-28 15:00:00,TICKER_0566.JP,2166.45,2242.51,3.718,3.41,5491621.65,True
2025-11-28,2025-11-28 08:30:00,2025-11-28 09:00:00,2025-11-28 15:00:00,TICKER_0603.JP,2249.1,2277.42,1.462,1.159,1866818.74,True
2025-11-28,2025-11-28 08:30:00,2025-11-28 09:00:00,2025-11-28 15:00:00,TICKER_0640.JP,2369.75,2363.84,-0.049,-0.349,-562180.08,False
2025-11-28,2025-11-28 08:30:00,2025-11-28 09:00:00,2025-11-28 15:00:00,TICKER_0677.JP,2454.16,2471.81,0.921,0.619,996660.0,True
2025-11-28,2025-11-28 08:30:00,2025-11-28 09:00:00,2025-11-28 15:00:00,TICKER_0714.JP,2617.05,2602.23,-0.368,-0.667,-1073465.16,False
2025-11-28,2025-11-28 08:30:00,2025-11-28 09:00:00,2025-11-28 15:00:00,TICKER_0751.JP,2641.85,2780.11,5.444,5.133,8266084.39,True
2025-11-28,2025-11-28 08:30:00,2025-11-28 09:00:00,2025-11-28 15:00:00,TICKER_0788.JP,2704.22,2701.27,0.091,-0.209,-337014.66,False
2025-12-01,2025-12-01 08:30:00,2025-12-01 09:00:00,2025-12-01 15:00:00,TICKER_0786.JP,1827.23,1857.65,1.869,1.565,2553759.28,True
2025-12-01,2025-12-01 08:30:00,2025-12-01 09:00:00,2025-12-01 15:00:00,TICKER_0823.JP,1891.35,1901.07,0.715,0.414,675178.77,True
2025-12-01,2025-12-01 08:30:00,2025-12-01 09:00:00,2025-12-01 15:00:00,TICKER_0860.JP,1965.11,2056.5,4.86,4.551,7425077.79,True
2025-12-01,2025-12-01 08:30:00,2025-12-01 09:00:00,2025-12-01 15:00:00,TICKER_0897.JP,2020.22,2104.84,4.397,4.089,6671824.22,True
2025-12-01,2025-12-01 08:30:00,2025-12-01 09:00:00,2025-12-01 15:00:00,TICKER_0934.JP,2133.87,2139.45,0.462,0.161,263258.1,True
2025-12-01,2025-12-01 08:30:00,2025-12-01 09:00:00,2025-12-01 15:00:00,TICKER_0971.JP,2176.97,2154.27,-0.845,-1.143,-1864679.14,False
2025-12-01,2025-12-01 08:30:00,2025-12-01 09:00:00,2025-12-01 15:00:00,TICKER_1008.JP,2287.79,2389.93,4.674,4.365,7121809.53,True
2025-12-01,2025-12-01 08:30:00,2025-12-01 09:00:00,2025-12-01 15:00:00,TICKER_1045.JP,2392.08,2435.04,2.0,1.696,2767425.07,True
2025-12-01,2025-12-01 08:30:00,2025-12-01 09:00:00,2025-12-01 15:00:00,TICKER_1082.JP,2461.52,2510.83,2.207,1.903,3105335.56,True
2025-12-01,2025-12-01 08:30:00,2025-12-01 09:00:00,2025-12-01 15:00:00,TICKER_1119.JP,2568.61,2645.84,3.213,2.907,4743172.14,True
2025-12-02,2025-12-02 08:30:00,2025-12-02 09:00:00,2025-12-02 15:00:00,TICKER_0398.JP,1902.58,1858.23,-2.136,-2.431,-4044066.24,False
2025-12-02,2025-12-02 08:30:00,2025-12-02 09:00:00,2025-12-02 15:00:00,TICKER_0435.JP,2031.99,2040.43,0.616,0.315,524390.78,True
2025-12-02,2025-12-02 08:30:00,2025-12-02 09:00:00,2025-12-02 15:00:00,TICKER_0472.JP,2086.6,2078.45,-0.191,-0.491,-816484.83,False
2025-12-02,2025-12-02 08:30:00,2025-12-02 09:00:00,2025-12-02 15:00:00,TICKER_0509.JP,2162.84,2185.53,1.251,0.949,1578906.15,True
2025-12-02,2025-12-02 08:30:00,2025-12-02 09:00:00,2025-12-02 15:00:00,TICKER_0546.JP,2243.88,2233.42,-0.267,-0.566,-941591.06,False
2025-12-02,2025-12-02 08:30:00,2025-12-02 09:00:00,2025-12-02 15:00:00,TICKER_0583.JP,2332.03,2316.65,-0.461,-0.759,-1263338.66,False
2025-12-02,2025-12-02 08:30:00,2025-12-02 09:00:00,2025-12-02 15:00:00,TICKER_0620.JP,2419.65,2389.85,-1.034,-1.332,-2215030.59,False
2025-12-02,2025-12-02 08:30:00,2025-12-02 09:00:00,2025-12-02 15:00:00,TICKER_0657.JP,2509.3,2548.51,1.766,1.463,2433133.51,True
2025-12-02,2025-12-02 08:30:00,2025-12-02 09:00:00,2025-12-02 15:00:00,TICKER_0694.JP,2622.4,2667.91,1.939,1.635,2720491.32,True
2025-12-02,2025-12-02 08:30:00,2025-12-02 09:00:00,2025-12-02 15:00:00,TICKER_0731.JP,2692.18,2775.97,3.319,3.012,5011096.2,True
2025-12-03,2025-12-03 08:30:00,2025-12-03 09:00:00,2025-12-03 15:00:00,TICKER_0437.JP,1915.61,1837.62,-3.879,-4.171,-6950963.54,False
2025-12-03,2025-12-03 08:30:00,2025-12-03 09:00:00,2025-12-03 15:00:00,TICKER_0474.JP,2043.66,2133.47,4.604,4.295,7156343.48,True
2025-12-03,2025-12-03 08:30:00,2025-12-03 09:00:00,2025-12-03 15:00:00,TICKER_0511.JP,2097.48,2097.7,0.211,-0.089,-148771.41,False
2025-12-03,2025-12-03 08:30:00,2025-12-03 09:00:00,2025-12-03 15:00:00,TICKER_0548.JP,2156.8,2105.29,-2.193,-2.488,-4146388.54,False
2025-12-03,2025-12-03 08:30:00,2025-12-03 09:00:00,2025-12-03 15:00:00,TICKER_0585.JP,2264.1,2318.28,2.598,2.293,3820695.98,True
2025-12-03,2025-12-03 08:30:00,2025-12-03 09:00:00,2025-12-03 15:00:00,TICKER_0622.JP,2401.97,2452.88,2.324,2.02,3365504.6,True
2025-12-03,2025-12-03 08:30:00,2025-12-03 09:00:00,2025-12-03 15:00:00,TICKER_0659.JP,2459.79,2457.35,0.101,-0.199,-331729.87,False
2025-12-03,2025-12-03 08:30:00,2025-12-03 09:00:00,2025-12-03 15:00:00,TICKER_0696.JP,2532.61,2579.47,2.054,1.75,2916362.06,True
2025-12-03,2025-12-03 08:30:00,2025-12-03 09:00:00,2025-12-03 15:00:00,TICKER_0733.JP,2615.58,2595.62,-0.564,-0.863,-1438307.83,False
2025-12-03,2025-12-03 08:30:00,2025-12-03 09:00:00,2025-12-03 15:00:00,TICKER_0770.JP,2714.31,2718.88,0.369,0.068,113724.56,True
2025-12-04,2025-12-04 08:30:00,2025-12-04 09:00:00,2025-12-04 15:00:00,TICKER_0146.JP,1665.73,1696.11,2.028,1.724,2879382.86,True
2025-12-04,2025-12-04 08:30:00,2025-12-04 09:00:00,2025-12-04 15:00:00,TICKER_0183.JP,1733.71,1723.19,-0.408,-0.707,-1181328.4,False
2025-12-04,2025-12-04 08:30:00,2025-12-04 09:00:00,2025-12-04 15:00:00,TICKER_0220.JP,1810.74,1838.45,1.734,1.43,2389353.54,True
2025-12-04,2025-12-04 08:30:00,2025-12-04 09:00:00,2025-12-04 15:00:00,TICKER_0257.JP,1862.16,1881.25,1.227,0.925,1545123.1,True
2025-12-04,2025-12-04 08:30:00,2025-12-04 09:00:00,2025-12-04 15:00:00,TICKER_0294.JP,2011.61,2069.63,3.09,2.784,4650879.77,True
2025-12-04,2025-12-04 08:30:00,2025-12-04 09:00:00,2025-12-04 15:00:00,TICKER_0331.JP,2101.99,2141.47,2.082,1.778,2970165.76,True
2025-12-04,2025-12-04 08:30:00,2025-12-04 09:00:00,2025-12-04 15:00:00,TICKER_0368.JP,2197.06,2175.6,-0.779,-1.077,-1798880.97,False
2025-12-04,2025-12-04 08:30:00,2025-12-04 09:00:00,2025-12-04 15:00:00,TICKER_0405.JP,2265.69,2274.74,0.6,0.299,500162.71,True
2025-12-04,2025-12-04 08:30:00,2025-12-04 09:00:00,2025-12-04 15:00:00,TICKER_0442.JP,2391.4,2395.58,0.375,0.075,125149.03,True
2025-12-04,2025-12-04 08:30:00,2025-12-04 09:00:00,2025-12-04 15:00:00,TICKER_0479.JP,2435.3,2447.09,0.685,0.384,641505.9,True
2025-12-05,2025-12-05 08:30:00,2025-12-05 09:00:00,2025-12-05 15:00:00,TICKER_0182.JP,1712.92,1754.12,2.61,2.305,3878967.55,True
2025-12-05,2025-12-05 08:30:00,2025-12-05 09:00:00,2025-12-05 15:00:00,TICKER_0219.JP,1769.43,1839.41,4.163,3.855,6486230.01,True
2025-12-05,2025-12-05 08:30:00,2025-12-05 09:00:00,2025-12-05 15:00:00,TICKER_0256.JP,1846.53,1835.98,-0.372,-0.671,-1129788.83,False
2025-12-05,2025-12-05 08:30:00,2025-12-05 09:00:00,2025-12-05 15:00:00,TICKER_0293.JP,1931.15,1883.78,-2.257,-2.553,-4294995.54,False
2025-12-05,2025-12-05 08:30:00,2025-12-05 09:00:00,2025-12-05 15:00:00,TICKER_0330.JP,2048.14,2124.98,3.96,3.652,6144712.3,True
2025-12-05,2025-12-05 08:30:00,2025-12-05 09:00:00,2025-12-05 15:00:00,TICKER_0367.JP,2106.37,2126.36,1.151,0.849,1428300.29,True
2025-12-05,2025-12-05 08:30:00,2025-12-05 09:00:00,2025-12-05 15:00:00,TICKER_0404.JP,2193.91,2290.72,4.621,4.312,7255889.37,True
2025-12-05,2025-12-05 08:30:00,2025-12-05 09:00:00,2025-12-05 15:00:00,TICKER_0441.JP,2269.31,2318.48,2.371,2.067,3477543.12,True
2025-12-05,2025-12-05 08:30:00,2025-12-05 09:00:00,2025-12-05 15:00:00,TICKER_0478.JP,2371.11,2358.47,-0.334,-0.633,-1065161.31,False
2025-12-05,2025-12-05 08:30:00,2025-12-05 09:00:00,2025-12-05 15:00:00,TICKER_0515.JP,2452.51,2505.82,2.378,2.074,3489188.21,True
2025-12-08,2025-12-08 08:30:00,2025-12-08 09:00:00,2025-12-08 15:00:00,TICKER_0573.JP,1556.44,1596.2,2.76,2.454,4189436.33,True
2025-12-08,2025-12-08 08:30:00,2025-12-08 09:00:00,2025-12-08 15:00:00,TICKER_0610.JP,1668.88,1740.02,4.472,4.163,7105628.82,True
2025-12-08,2025-12-08 08:30:00,2025-12-08 09:00:00,2025-12-08 15:00:00,TICKER_0647.JP,1753.57,1711.58,-2.199,-2.495,-4258508.89,False
2025-12-08,2025-12-08 08:30:00,2025-12-08 09:00:00,2025-12-08 15:00:00,TICKER_0684.JP,1813.54,1817.54,0.421,0.121,205690.02,True
2025-12-08,2025-12-08 08:30:00,2025-12-08 09:00:00,2025-12-08 15:00:00,TICKER_0721.JP,1919.79,1950.72,1.815,1.511,2579322.94,True
2025-12-08,2025-12-08 08:30:00,2025-12-08 09:00:00,2025-12-08 15:00:00,TICKER_0758.JP,2027.0,2110.26,4.316,4.007,6839974.73,True
2025-12-08,2025-12-08 08:30:00,2025-12-08 09:00:00,2025-12-08 15:00:00,TICKER_0795.JP,2091.38,2093.59,0.306,0.006,10091.25,True
2025-12-08,2025-12-08 08:30:00,2025-12-08 09:00:00,2025-12-08 15:00:00,TICKER_0832.JP,2187.46,2188.35,0.241,-0.059,-100917.06,False
2025-12-08,2025-12-08 08:30:00,2025-12-08 09:00:00,2025-12-08 15:00:00,TICKER_0869.JP,2244.78,2214.95,-1.131,-1.429,-2438943.07,False
2025-12-08,2025-12-08 08:30:00,2025-12-08 09:00:00,2025-12-08 15:00:00,TICKER_0906.JP,2393.92,2469.41,3.36,3.053,5211707.71,True
2025-12-09,2025-12-09 08:30:00,2025-12-09 09:00:00,2025-12-09 15:00:00,TICKER_0447.JP,1918.1,1992.69,4.097,3.789,6536686.5,True
2025-12-09,2025-12-09 08:30:00,2025-12-09 09:00:00,2025-12-09 15:00:00,TICKER_0484.JP,2020.21,2094.68,3.894,3.587,6187821.88,True
2025-12-09,2025-12-09 08:30:00,2025-12-09 09:00:00,2025-12-09 15:00:00,TICKER_0521.JP,2122.72,2156.14,1.778,1.474,2543874.34,True
2025-12-09,2025-12-09 08:30:00,2025-12-09 09:00:00,2025-12-09 15:00:00,TICKER_0558.JP,2258.52,2366.91,5.009,4.699,8107853.69,True
2025-12-09,2025-12-09 08:30:00,2025-12-09 09:00:00,2025-12-09 15:00:00,TICKER_0595.JP,2311.91,2384.39,3.342,3.035,5236701.9,True
2025-12-09,2025-12-09 08:30:00,2025-12-09 09:00:00,2025-12-09 15:00:00,TICKER_0632.JP,2370.2,2284.56,-3.42,-3.713,-6406027.33,False
2025-12-09,2025-12-09 08:30:00,2025-12-09 09:00:00,2025-12-09 15:00:00,TICKER_0669.JP,2498.67,2589.86,3.857,3.55,6124157.42,True
2025-12-09,2025-12-09 08:30:00,2025-12-09 09:00:00,2025-12-09 15:00:00,TICKER_0706.JP,2578.41,2557.36,-0.618,-0.916,-1580780.84,False
2025-12-09,2025-12-09 08:30:00,2025-12-09 09:00:00,2025-12-09 15:00:00,TICKER_0743.JP,2581.79,2590.99,0.557,0.256,442082.51,True
2025-12-09,2025-12-09 08:30:00,2025-12-09 09:00:00,2025-12-09 15:00:00,TICKER_0780.JP,2735.37,2783.79,1.974,1.67,2881559.83,True
2025-12-10,2025-12-10 08:30:00,2025-12-10 09:00:00,2025-12-10 15:00:00,TICKER_0636.JP,1652.06,1667.97,1.165,0.863,1513661.5,True
2025-12-10,2025-12-10 08:30:00,2025-12-10 09:00:00,2025-12-10 15:00:00,TICKER_0673.JP,1723.44,1775.73,3.24,2.934,5146036.32,True
2025-12-10,2025-12-10 08:30:00,2025-12-10 09:00:00,2025-12-10 15:00:00,TICKER_0710.JP,1806.07,1835.88,1.854,1.55,2719267.23,True
2025-12-10,2025-12-10 08:30:00,2025-12-10 09:00:00,2025-12-10 15:00:00,TICKER_0747.JP,1887.93,1970.77,4.597,4.288,7520539.37,True
2025-12-10,2025-12-10 08:30:00,2025-12-10 09:00:00,2025-12-10 15:00:00,TICKER_0784.JP,2028.12,2094.36,3.473,3.166,5553572.26,True
2025-12-10,2025-12-10 08:30:00,2025-12-10 09:00:00,2025-12-10 15:00:00,TICKER_0821.JP,2055.29,2148.39,4.739,4.43,7768949.83,True
2025-12-10,2025-12-10 08:30:00,2025-12-10 09:00:00,2025-12-10 15:00:00,TICKER_0858.JP,2143.45,2190.13,2.382,2.078,3643904.43,True
2025-12-10,2025-12-10 08:30:00,2025-12-10 09:00:00,2025-12-10 15:00:00,TICKER_0895.JP,2238.93,2263.02,1.279,0.976,1712346.74,True
2025-12-10,2025-12-10 08:30:00,2025-12-10 09:00:00,2025-12-10 15:00:00,TICKER_0932.JP,2293.92,2296.14,0.297,-0.003,-5657.23,False
2025-12-10,2025-12-10 08:30:00,2025-12-10 09:00:00,2025-12-10 15:00:00,TICKER_0969.JP,2394.51,2382.51,-0.302,-0.601,-1054850.22,False
2025-12-11,2025-12-11 08:30:00,2025-12-11 09:00:00,2025-12-11 15:00:00,TICKER_0967.JP,1966.01,1971.94,0.502,0.201,359514.9,True
2025-12-11,2025-12-11 08:30:00,2025-12-11 09:00:00,2025-12-11 15:00:00,TICKER_1004.JP,2052.42,2047.0,-0.064,-0.364,-650437.61,False
2025-12-11,2025-12-11 08:30:00,2025-12-11 09:00:00,2025-12-11 15:00:00,TICKER_1041.JP,2150.58,2219.86,3.428,3.121,5576974.97,True
2025-12-11,2025-12-11 08:30:00,2025-12-11 09:00:00,2025-12-11 15:00:00,TICKER_1078.JP,2270.19,2290.82,1.111,0.809,1444862.22,True
2025-12-11,2025-12-11 08:30:00,2025-12-11 09:00:00,2025-12-11 15:00:00,TICKER_1115.JP,2327.96,2347.14,1.026,0.724,1293743.01,True
2025-12-11,2025-12-11 08:30:00,2025-12-11 09:00:00,2025-12-11 15:00:00,TICKER_1152.JP,2377.63,2407.41,1.455,1.153,2059526.1,True
2025-12-11,2025-12-11 08:30:00,2025-12-11 09:00:00,2025-12-11 15:00:00,TICKER_1189.JP,2464.7,2536.39,3.115,2.809,5018078.01,True
2025-12-11,2025-12-11 08:30:00,2025-12-11 09:00:00,2025-12-11 15:00:00,TICKER_1226.JP,2599.6,2657.93,2.449,2.144,3830445.72,True
2025-12-11,2025-12-11 08:30:00,2025-12-11 09:00:00,2025-12-11 15:00:00,TICKER_1263.JP,2628.12,2676.4,2.041,1.737,3103918.38,True
2025-12-11,2025-12-11 08:30:00,2025-12-11 09:00:00,2025-12-11 15:00:00,TICKER_1300.JP,2741.43,2821.23,3.117,2.811,5021956.34,True
2025-12-12,2025-12-12 08:30:00,2025-12-12 09:00:00,2025-12-12 15:00:00,TICKER_0017.JP,1535.25,1548.27,1.05,0.748,1355362.95,True
2025-12-12,2025-12-12 08:30:00,2025-12-12 09:00:00,2025-12-12 15:00:00,TICKER_0054.JP,1581.97,1581.59,0.176,-0.124,-225179.92,False
2025-12-12,2025-12-12 08:30:00,2025-12-12 09:00:00,2025-12-12 15:00:00,TICKER_0091.JP,1659.09,1720.15,3.888,3.58,6488991.59,True
2025-12-12,2025-12-12 08:30:00,2025-12-12 09:00:00,2025-12-12 15:00:00,TICKER_0128.JP,1791.34,1820.38,1.824,1.521,2756687.9,True
2025-12-12,2025-12-12 08:30:00,2025-12-12 09:00:00,2025-12-12 15:00:00,TICKER_0165.JP,1876.83,1860.21,-0.687,-0.986,-1786835.68,False
2025-12-12,2025-12-12 08:30:00,2025-12-12 09:00:00,2025-12-12 15:00:00,TICKER_0202.JP,1946.56,2013.35,3.638,3.331,6037338.22,True
2025-12-12,2025-12-12 08:30:00,2025-12-12 09:00:00,2025-12-12 15:00:00,TICKER_0239.JP,2037.19,2084.45,2.525,2.22,4023973.72,True
2025-12-12,2025-12-12 08:30:00,2025-12-12 09:00:00,2025-12-12 15:00:00,TICKER_0276.JP,2096.92,2154.07,2.931,2.625,4758155.25,True
2025-12-12,2025-12-12 08:30:00,2025-12-12 09:00:00,2025-12-12 15:00:00,TICKER_0313.JP,2217.68,2304.46,4.121,3.813,6911416.65,True
2025-12-12,2025-12-12 08:30:00,2025-12-12 09:00:00,2025-12-12 15:00:00,TICKER_0350.JP,2319.79,2321.42,0.271,-0.03,-53985.42,False
2025-12-15,2025-12-15 08:30:00,2025-12-15 09:00:00,2025-12-15 15:00:00,TICKER_0891.JP,1952.31,1993.39,2.309,2.004,3690341.82,True
2025-12-15,2025-12-15 08:30:00,2025-12-15 09:00:00,2025-12-15 15:00:00,TICKER_0928.JP,2008.11,2007.62,0.176,-0.124,-228646.91,False
2025-12-15,2025-12-15 08:30:00,2025-12-15 09:00:00,2025-12-15 15:00:00,TICKER_0965.JP,2022.84,2029.4,0.525,0.224,412753.69,True
2025-12-15,2025-12-15 08:30:00,2025-12-15 09:00:00,2025-12-15 15:00:00,TICKER_1002.JP,2131.17,2183.26,2.65,2.344,4316446.32,True
2025-12-15,2025-12-15 08:30:00,2025-12-15 09:00:00,2025-12-15 15:00:00,TICKER_1039.JP,2234.71,2270.76,1.816,1.513,2785510.1,True
2025-12-15,2025-12-15 08:30:00,2025-12-15 09:00:00,2025-12-15 15:00:00,TICKER_1076.JP,2275.18,2320.38,2.191,1.886,3473117.31,True
2025-12-15,2025-12-15 08:30:00,2025-12-15 09:00:00,2025-12-15 15:00:00,TICKER_1113.JP,2384.88,2375.27,-0.204,-0.503,-926016.07,False
2025-12-15,2025-12-15 08:30:00,2025-12-15 09:00:00,2025-12-15 15:00:00,TICKER_1150.JP,2539.43,2586.01,2.038,1.734,3193344.69,True
2025-12-15,2025-12-15 08:30:00,2025-12-15 09:00:00,2025-12-15 15:00:00,TICKER_1187.JP,2607.75,2721.55,4.573,4.264,7850472.13,True
2025-12-15,2025-12-15 08:30:00,2025-12-15 09:00:00,2025-12-15 15:00:00,TICKER_1224.JP,2689.64,2727.95,1.627,1.324,2438471.32,True
2025-12-16,2025-12-16 08:30:00,2025-12-16 09:00:00,2025-12-16 15:00:00,TICKER_0092.JP,1613.07,1672.33,3.881,3.573,6670762.51,True
2025-12-16,2025-12-16 08:30:00,2025-12-16 09:00:00,2025-12-16 15:00:00,TICKER_0129.JP,1695.76,1745.61,3.146,2.84,5300907.42,True
2025-12-16,2025-12-16 08:30:00,2025-12-16 09:00:00,2025-12-16 15:00:00,TICKER_0166.JP,1756.18,1764.63,0.682,0.381,711449.07,True
2025-12-16,2025-12-16 08:30:00,2025-12-16 09:00:00,2025-12-16 15:00:00,TICKER_0203.JP,1891.36,1866.24,-1.13,-1.428,-2665799.63,False
2025-12-16,2025-12-16 08:30:00,2025-12-16 09:00:00,2025-12-16 15:00:00,TICKER_0240.JP,1959.81,1997.36,2.12,1.816,3390353.11,True
2025-12-16,2025-12-16 08:30:00,2025-12-16 09:00:00,2025-12-16 15:00:00,TICKER_0277.JP,2011.2,2109.61,5.103,4.793,8947598.66,True
2025-12-16,2025-12-16 08:30:00,2025-12-16 09:00:00,2025-12-16 15:00:00,TICKER_0314.JP,2099.68,2138.2,2.039,1.735,3238247.41,True
2025-12-16,2025-12-16 08:30:00,2025-12-16 09:00:00,2025-12-16 15:00:00,TICKER_0351.JP,2167.38,2261.56,4.554,4.245,7925231.3,True
2025-12-16,2025-12-16 08:30:00,2025-12-16 09:00:00,2025-12-16 15:00:00,TICKER_0388.JP,2277.08,2311.14,1.699,1.395,2604927.79,True
2025-12-16,2025-12-16 08:30:00,2025-12-16 09:00:00,2025-12-16 15:00:00,TICKER_0425.JP,2366.71,2341.47,-0.869,-1.167,-2178167.52,False
2025-12-17,2025-12-17 08:30:00,2025-12-17 09:00:00,2025-12-17 15:00:00,TICKER_0876.JP,1873.99,1836.74,-1.792,-2.088,-3964747.09,False
2025-12-17,2025-12-17 08:30:00,2025-12-17 09:00:00,2025-12-17 15:00:00,TICKER_0913.JP,1985.72,2041.8,3.03,2.724,5172541.02,True
2025-12-17,2025-12-17 08:30:00,2025-12-17 09:00:00,2025-12-17 15:00:00,TICKER_0950.JP,2091.6,2164.25,3.681,3.374,6406599.31,True
2025-12-17,2025-12-17 08:30:00,2025-12-17 09:00:00,2025-12-17 15:00:00,TICKER_0987.JP,2152.27,2170.5,1.049,0.747,1418354.85,True
2025-12-17,2025-12-17 08:30:00,2025-12-17 09:00:00,2025-12-17 15:00:00,TICKER_1024.JP,2200.35,2194.28,-0.076,-0.376,-713317.08,False
2025-12-17,2025-12-17 08:30:00,2025-12-17 09:00:00,2025-12-17 15:00:00,TICKER_1061.JP,2325.52,2286.86,-1.466,-1.763,-3347087.18,False
2025-12-17,2025-12-17 08:30:00,2025-12-17 09:00:00,2025-12-17 15:00:00,TICKER_1098.JP,2437.68,2447.32,0.597,0.296,561474.4,True
2025-12-17,2025-12-17 08:30:00,2025-12-17 09:00:00,2025-12-17 15:00:00,TICKER_1135.JP,2478.8,2426.93,-1.896,-2.192,-4163387.96,False
2025-12-17,2025-12-17 08:30:00,2025-12-17 09:00:00,2025-12-17 15:00:00,TICKER_1172.JP,2589.57,2510.0,-2.879,-3.173,-6025049.42,False
2025-12-17,2025-12-17 08:30:00,2025-12-17 09:00:00,2025-12-17 15:00:00,TICKER_1209.JP,2630.43,2684.76,2.27,1.966,3732783.31,True
2025-12-18,2025-12-18 08:30:00,2025-12-18 09:00:00,2025-12-18 15:00:00,TICKER_0205.JP,1718.04,1716.57,0.115,-0.185,-351631.71,False
2025-12-18,2025-12-18 08:30:00,2025-12-18 09:00:00,2025-12-18 15:00:00,TICKER_0242.JP,1798.06,1852.72,3.246,2.94,5580396.1,True
2025-12-18,2025-12-18 08:30:00,2025-12-18 09:00:00,2025-12-18 15:00:00,TICKER_0279.JP,1903.99,1894.98,-0.274,-0.573,-1087951.41,False
2025-12-18,2025-12-18 08:30:00,2025-12-18 09:00:00,2025-12-18 15:00:00,TICKER_0316.JP,1933.9,1936.63,0.342,0.041,78085.32,True
2025-12-18,2025-12-18 08:30:00,2025-12-18 09:00:00,2025-12-18 15:00:00,TICKER_0353.JP,2071.9,2067.24,-0.025,-0.325,-616659.46,False
2025-12-18,2025-12-18 08:30:00,2025-12-18 09:00:00,2025-12-18 15:00:00,TICKER_0390.JP,2148.14,2156.24,0.578,0.277,526420.0,True
2025-12-18,2025-12-18 08:30:00,2025-12-18 09:00:00,2025-12-18 15:00:00,TICKER_0427.JP,2196.44,2237.85,2.089,1.785,3388441.29,True
2025-12-18,2025-12-18 08:30:00,2025-12-18 09:00:00,2025-12-18 15:00:00,TICKER_0464.JP,2297.03,2329.5,1.616,1.313,2492802.36,True
2025-12-18,2025-12-18 08:30:00,2025-12-18 09:00:00,2025-12-18 15:00:00,TICKER_0501.JP,2376.69,2382.99,0.466,0.165,313360.33,True
2025-12-18,2025-12-18 08:30:00,2025-12-18 09:00:00,2025-12-18 15:00:00,TICKER_0538.JP,2451.09,2414.98,-1.276,-1.573,-2985916.52,False
2025-12-19,2025-12-19 08:30:00,2025-12-19 09:00:00,2025-12-19 15:00:00,TICKER_0221.JP,1724.45,1726.08,0.295,-0.006,-10494.53,False
2025-12-19,2025-12-19 08:30:00,2025-12-19 09:00:00,2025-12-19 15:00:00,TICKER_0258.JP,1818.54,1782.62,-1.779,-2.075,-3953664.16,False
2025-12-19,2025-12-19 08:30:00,2025-12-19 09:00:00,2025-12-19 15:00:00,TICKER_0295.JP,1883.38,1941.77,3.306,3.0,5715376.95,True
2025-12-19,2025-12-19 08:30:00,2025-12-19 09:00:00,2025-12-19 15:00:00,TICKER_0332.JP,1989.56,2031.37,2.306,2.001,3812965.68,True
2025-12-19,2025-12-19 08:30:00,2025-12-19 09:00:00,2025-12-19 15:00:00,TICKER_0369.JP,2099.75,2105.39,0.47,0.169,321651.5,True
2025-12-19,2025-12-19 08:30:00,2025-12-19 09:00:00,2025-12-19 15:00:00,TICKER_0406.JP,2193.78,2230.11,1.859,1.556,2964120.97,True
2025-12-19,2025-12-19 08:30:00,2025-12-19 09:00:00,2025-12-19 15:00:00,TICKER_0443.JP,2266.03,2355.27,4.146,3.838,7312061.1,True
2025-12-19,2025-12-19 08:30:00,2025-12-19 09:00:00,2025-12-19 15:00:00,TICKER_0480.JP,2344.22,2334.13,-0.231,-0.53,-1010383.32,False
2025-12-19,2025-12-19 08:30:00,2025-12-19 09:00:00,2025-12-19 15:00:00,TICKER_0517.JP,2423.86,2505.97,3.595,3.288,6263244.04,True
2025-12-19,2025-12-19 08:30:00,2025-12-19 09:00:00,2025-12-19 15:00:00,TICKER_0554.JP,2510.7,2523.68,0.718,0.417,794839.34,True
2025-12-22,2025-12-22 08:30:00,2025-12-22 09:00:00,2025-12-22 15:00:00,TICKER_0151.JP,1676.98,1727.85,3.24,2.934,5651052.29,True
2025-12-22,2025-12-22 08:30:00,2025-12-22 09:00:00,2025-12-22 15:00:00,TICKER_0188.JP,1725.62,1719.18,-0.174,-0.473,-912022.83,False
2025-12-22,2025-12-22 08:30:00,2025-12-22 09:00:00,2025-12-22 15:00:00,TICKER_0225.JP,1848.71,1880.58,1.928,1.624,3128084.28,True
2025-12-22,2025-12-22 08:30:00,2025-12-22 09:00:00,2025-12-22 15:00:00,TICKER_0262.JP,1913.7,1899.04,-0.568,-0.866,-1668491.71,False
2025-12-22,2025-12-22 08:30:00,2025-12-22 09:00:00,2025-12-22 15:00:00,TICKER_0299.JP,1972.52,2067.15,5.007,4.697,9048306.22,True
2025-12-22,2025-12-22 08:30:00,2025-12-22 09:00:00,2025-12-22 15:00:00,TICKER_0336.JP,2099.4,2110.01,0.707,0.405,780912.81,True
2025-12-22,2025-12-22 08:30:00,2025-12-22 09:00:00,2025-12-22 15:00:00,TICKER_0373.JP,2136.32,2151.9,0.931,0.629,1211411.99,True
2025-12-22,2025-12-22 08:30:00,2025-12-22 09:00:00,2025-12-22 15:00:00,TICKER_0410.JP,2281.74,2395.13,5.18,4.87,9379924.16,True
2025-12-22,2025-12-22 08:30:00,2025-12-22 09:00:00,2025-12-22 15:00:00,TICKER_0447.JP,2319.43,2328.41,0.588,0.287,553322.45,True
2025-12-22,2025-12-22 08:30:00,2025-12-22 09:00:00,2025-12-22 15:00:00,TICKER_0484.JP,2443.46,2525.18,3.551,3.244,6249618.25,True
2025-12-23,2025-12-23 08:30:00,2025-12-23 09:00:00,2025-12-23 15:00:00,TICKER_0705.JP,1725.41,1777.96,3.252,2.945,5767119.05,True
2025-12-23,2025-12-23 08:30:00,2025-12-23 09:00:00,2025-12-23 15:00:00,TICKER_0742.JP,1778.72,1817.87,2.406,2.101,4114129.35,True
2025-12-23,2025-12-23 08:30:00,2025-12-23 09:00:00,2025-12-23 15:00:00,TICKER_0779.JP,1887.03,1891.42,0.433,0.133,259869.48,True
2025-12-23,2025-12-23 08:30:00,2025-12-23 09:00:00,2025-12-23 15:00:00,TICKER_0816.JP,1961.08,1943.02,-0.723,-1.021,-1999348.37,False
2025-12-23,2025-12-23 08:30:00,2025-12-23 09:00:00,2025-12-23 15:00:00,TICKER_0853.JP,2042.58,2097.91,2.914,2.609,5107973.44,True
2025-12-23,2025-12-23 08:30:00,2025-12-23 09:00:00,2025-12-23 15:00:00,TICKER_0890.JP,2119.14,2213.27,4.651,4.342,8502037.79,True
2025-12-23,2025-12-23 08:30:00,2025-12-23 09:00:00,2025-12-23 15:00:00,TICKER_0927.JP,2206.45,2169.42,-1.482,-1.779,-3482307.17,False
2025-12-23,2025-12-23 08:30:00,2025-12-23 09:00:00,2025-12-23 15:00:00,TICKER_0964.JP,2307.48,2344.64,1.814,1.511,2958029.53,True
2025-12-23,2025-12-23 08:30:00,2025-12-23 09:00:00,2025-12-23 15:00:00,TICKER_1001.JP,2407.6,2411.18,0.349,0.049,95445.05,True
2025-12-23,2025-12-23 08:30:00,2025-12-23 09:00:00,2025-12-23 15:00:00,TICKER_1038.JP,2486.8,2552.64,2.853,2.548,4988130.62,True
2025-12-24,2025-12-24 08:30:00,2025-12-24 09:00:00,2025-12-24 15:00:00,TICKER_0992.JP,2008.27,1976.1,-1.405,-1.702,-3374221.09,False
2025-12-24,2025-12-24 08:30:00,2025-12-24 09:00:00,2025-12-24 15:00:00,TICKER_1029.JP,2085.14,2050.57,-1.461,-1.758,-3486447.09,False
2025-12-24,2025-12-24 08:30:00,2025-12-24 09:00:00,2025-12-24 15:00:00,TICKER_1066.JP,2194.53,2203.08,0.591,0.29,574492.25,True
2025-12-24,2025-12-24 08:30:00,2025-12-24 09:00:00,2025-12-24 15:00:00,TICKER_1103.JP,2237.72,2337.12,4.651,4.342,8610575.76,True
2025-12-24,2025-12-24 08:30:00,2025-12-24 09:00:00,2025-12-24 15:00:00,TICKER_1140.JP,2359.35,2378.16,0.999,0.697,1382844.2,True
2025-12-24,2025-12-24 08:30:00,2025-12-24 09:00:00,2025-12-24 15:00:00,TICKER_1177.JP,2426.74,2450.48,1.18,0.878,1740983.84,True
2025-12-24,2025-12-24 08:30:00,2025-12-24 09:00:00,2025-12-24 15:00:00,TICKER_1214.JP,2513.1,2550.08,1.675,1.371,2719371.2,True
2025-12-24,2025-12-24 08:30:00,2025-12-24 09:00:00,2025-12-24 15:00:00,TICKER_1251.JP,2619.22,2681.78,2.593,2.288,4537953.53,True
2025-12-24,2025-12-24 08:30:00,2025-12-24 09:00:00,2025-12-24 15:00:00,TICKER_1288.JP,2670.74,2773.04,4.038,3.731,7397738.47,True
2025-12-24,2025-12-24 08:30:00,2025-12-24 09:00:00,2025-12-24 15:00:00,TICKER_1325.JP,2759.11,2738.28,-0.556,-0.855,-1695162.55,False
2025-12-25,2025-12-25 08:30:00,2025-12-25 09:00:00,2025-12-25 15:00:00,TICKER_0121.JP,1626.21,1669.9,2.892,2.586,5173647.65,True
2025-12-25,2025-12-25 08:30:00,2025-12-25 09:00:00,2025-12-25 15:00:00,TICKER_0158.JP,1750.93,1765.18,1.016,0.714,1428477.97,True
2025-12-25,2025-12-25 08:30:00,2025-12-25 09:00:00,2025-12-25 15:00:00,TICKER_0195.JP,1824.54,1825.1,0.231,-0.069,-138608.29,False
2025-12-25,2025-12-25 08:30:00,2025-12-25 09:00:00,2025-12-25 15:00:00,TICKER_0232.JP,1897.69,2009.71,6.115,5.803,11608892.68,True
2025-12-25,2025-12-25 08:30:00,2025-12-25 09:00:00,2025-12-25 15:00:00,TICKER_0269.JP,1957.1,1971.63,0.944,0.642,1285278.27,True
2025-12-25,2025-12-25 08:30:00,2025-12-25 09:00:00,2025-12-25 15:00:00,TICKER_0306.JP,2062.82,2126.08,3.273,2.967,5934814.83,True
2025-12-25,2025-12-25 08:30:00,2025-12-25 09:00:00,2025-12-25 15:00:00,TICKER_0343.JP,2110.66,2129.27,1.084,0.782,1563795.28,True
2025-12-25,2025-12-25 08:30:00,2025-12-25 09:00:00,2025-12-25 15:00:00,TICKER_0380.JP,2189.37,2197.51,0.573,0.272,544003.16,True
2025-12-25,2025-12-25 08:30:00,2025-12-25 09:00:00,2025-12-25 15:00:00,TICKER_0417.JP,2295.17,2420.72,5.681,5.37,10742299.92,True
2025-12-25,2025-12-25 08:30:00,2025-12-25 09:00:00,2025-12-25 15:00:00,TICKER_0454.JP,2416.36,2377.82,-1.398,-1.695,-3391040.7,False
2025-12-26,2025-12-26 08:30:00,2025-12-26 09:00:00,2025-12-26 15:00:00,TICKER_0439.JP,1951.03,1964.89,0.912,0.611,1241644.38,True
2025-12-26,2025-12-26 08:30:00,2025-12-26 09:00:00,2025-12-26 15:00:00,TICKER_0476.JP,2046.17,2115.2,3.58,3.274,6656664.34,True
2025-12-26,2025-12-26 08:30:00,2025-12-26 09:00:00,2025-12-26 15:00:00,TICKER_0513.JP,2141.86,2127.7,-0.462,-0.761,-1547650.31,False
2025-12-26,2025-12-26 08:30:00,2025-12-26 09:00:00,2025-12-26 15:00:00,TICKER_0550.JP,2175.45,2255.14,3.871,3.563,7245499.67,True
2025-12-26,2025-12-26 08:30:00,2025-12-26 09:00:00,2025-12-26 15:00:00,TICKER_0587.JP,2282.18,2335.49,2.541,2.236,4546897.44,True
2025-12-26,2025-12-26 08:30:00,2025-12-26 09:00:00,2025-12-26 15:00:00,TICKER_0624.JP,2360.98,2367.66,0.484,0.183,372106.9,True
2025-12-26,2025-12-26 08:30:00,2025-12-26 09:00:00,2025-12-26 15:00:00,TICKER_0661.JP,2438.61,2441.96,0.338,0.037,75950.64,True
2025-12-26,2025-12-26 08:30:00,2025-12-26 09:00:00,2025-12-26 15:00:00,TICKER_0698.JP,2546.25,2594.17,2.086,1.782,3623573.45,True
2025-12-26,2025-12-26 08:30:00,2025-12-26 09:00:00,2025-12-26 15:00:00,TICKER_0735.JP,2575.86,2618.38,1.854,1.551,3152987.75,True
2025-12-26,2025-12-26 08:30:00,2025-12-26 09:00:00,2025-12-26 15:00:00,TICKER_0772.JP,2691.16,2663.25,-0.839,-1.137,-2311839.45,False
2025-12-29,2025-12-29 08:30:00,2025-12-29 09:00:00,2025-12-29 15:00:00,TICKER_0482.JP,1969.42,1964.93,-0.028,-0.328,-673545.76,False
2025-12-29,2025-12-29 08:30:00,2025-12-29 09:00:00,2025-12-29 15:00:00,TICKER_0519.JP,2076.61,2068.13,-0.209,-0.509,-1045334.56,False
2025-12-29,2025-12-29 08:30:00,2025-12-29 09:00:00,2025-12-29 15:00:00,TICKER_0556.JP,2165.84,2220.08,2.709,2.404,4941250.09,True
2025-12-29,2025-12-29 08:30:00,2025-12-29 09:00:00,2025-12-29 15:00:00,TICKER_0593.JP,2240.18,2251.8,0.72,0.419,860422.01,True
2025-12-29,2025-12-29 08:30:00,2025-12-29 09:00:00,2025-12-29 15:00:00,TICKER_0630.JP,2343.04,2340.35,0.085,-0.215,-441809.05,False
2025-12-29,2025-12-29 08:30:00,2025-12-29 09:00:00,2025-12-29 15:00:00,TICKER_0667.JP,2437.33,2545.32,4.64,4.331,8900905.2,True
2025-12-29,2025-12-29 08:30:00,2025-12-29 09:00:00,2025-12-29 15:00:00,TICKER_0704.JP,2499.39,2588.95,3.791,3.483,7159581.58,True
2025-12-29,2025-12-29 08:30:00,2025-12-29 09:00:00,2025-12-29 15:00:00,TICKER_0741.JP,2583.94,2561.12,-0.685,-0.983,-2021138.98,False
2025-12-29,2025-12-29 08:30:00,2025-12-29 09:00:00,2025-12-29 15:00:00,TICKER_0778.JP,2707.26,2739.38,1.389,1.086,2232531.78,True
2025-12-29,2025-12-29 08:30:00,2025-12-29 09:00:00,2025-12-29 15:00:00,TICKER_0815.JP,2745.99,2736.46,-0.148,-0.447,-919042.13,False
2025-12-30,2025-12-30 08:30:00,2025-12-30 09:00:00,2025-12-30 15:00:00,TICKER_0019.JP,1549.83,1543.42,-0.214,-0.514,-1065330.75,False
2025-12-30,2025-12-30 08:30:00,2025-12-30 09:00:00,2025-12-30 15:00:00,TICKER_0056.JP,1605.99,1588.94,-0.864,-1.162,-2409220.22,False
2025-12-30,2025-12-30 08:30:00,2025-12-30 09:00:00,2025-12-30 15:00:00,TICKER_0093.JP,1684.0,1689.1,0.503,0.203,420210.51,True
2025-12-30,2025-12-30 08:30:00,2025-12-30 09:00:00,2025-12-30 15:00:00,TICKER_0130.JP,1755.18,1781.63,1.71,1.407,2916423.5,True
2025-12-30,2025-12-30 08:30:00,2025-12-30 09:00:00,2025-12-30 15:00:00,TICKER_0167.JP,1890.3,1887.95,0.076,-0.224,-464915.88,False
2025-12-30,2025-12-30 08:30:00,2025-12-30 09:00:00,2025-12-30 15:00:00,TICKER_0204.JP,1923.84,1969.74,2.591,2.286,4739141.27,True
2025-12-30,2025-12-30 08:30:00,2025-12-30 09:00:00,2025-12-30 15:00:00,TICKER_0241.JP,2028.18,2053.37,1.445,1.142,2368713.51,True
2025-12-30,2025-12-30 08:30:00,2025-12-30 09:00:00,2025-12-30 15:00:00,TICKER_0278.JP,2158.4,2216.87,2.915,2.609,5409913.72,True
2025-12-30,2025-12-30 08:30:00,2025-12-30 09:00:00,2025-12-30 15:00:00,TICKER_0315.JP,2235.89,2226.95,-0.201,-0.5,-1036642.64,False
2025-12-30,2025-12-30 08:30:00,2025-12-30 09:00:00,2025-12-30 15:00:00,TICKER_0352.JP,2281.4,2212.08,-2.845,-3.139,-6507715.0,False
2025-12-31,2025-12-31 08:30:00,2025-12-31 09:00:00,2025-12-31 15:00:00,TICKER_0135.JP,1639.02,1685.75,3.057,2.751,5716266.16,True
2025-12-31,2025-12-31 08:30:00,2025-12-31 09:00:00,2025-12-31 15:00:00,TICKER_0172.JP,1719.18,1778.98,3.686,3.379,7019105.54,True
2025-12-31,2025-12-31 08:30:00,2025-12-31 09:00:00,2025-12-31 15:00:00,TICKER_0209.JP,1820.42,1890.99,4.084,3.776,7845955.81,True
2025-12-31,2025-12-31 08:30:00,2025-12-31 09:00:00,2025-12-31 15:00:00,TICKER_0246.JP,1921.92,1923.47,0.281,-0.019,-39706.87,False
2025-12-31,2025-12-31 08:30:00,2025-12-31 09:00:00,2025-12-31 15:00:00,TICKER_0283.JP,2006.61,2094.31,4.579,4.27,8872266.41,True
2025-12-31,2025-12-31 08:30:00,2025-12-31 09:00:00,2025-12-31 15:00:00,TICKER_0320.JP,2057.26,2096.23,2.099,1.795,3728384.55,True
2025-12-31,2025-12-31 08:30:00,2025-12-31 09:00:00,2025-12-31 15:00:00,TICKER_0357.JP,2176.59,2262.18,4.14,3.832,7961018.3,True
2025-12-31,2025-12-31 08:30:00,2025-12-31 09:00:00,2025-12-31 15:00:00,TICKER_0394.JP,2254.07,2274.46,1.107,0.805,1671717.67,True
2025-12-31,2025-12-31 08:30:00,2025-12-31 09:00:00,2025-12-31 15:00:00,TICKER_0431.JP,2305.12,2358.3,2.512,2.207,4584964.83,True
2025-12-31,2025-12-31 08:30:00,2025-12-31 09:00:00,2025-12-31 15:00:00,TICKER_0468.JP,2471.46,2483.54,0.69,0.389,808137.92,True
2026-01-01,2026-01-01 08:30:00,2026-01-01 09:00:00,2026-01-01 15:00:00,TICKER_0332.JP,1825.41,1895.27,4.035,3.727,7913740.13,True
2026-01-01,2026-01-01 08:30:00,2026-01-01 09:00:00,2026-01-01 15:00:00,TICKER_0369.JP,1904.82,1910.37,0.492,0.191,405753.44,True
2026-01-01,2026-01-01 08:30:00,2026-01-01 09:00:00,2026-01-01 15:00:00,TICKER_0406.JP,1994.36,1897.31,-4.676,-4.966,-10545101.98,False
2026-01-01,2026-01-01 08:30:00,2026-01-01 09:00:00,2026-01-01 15:00:00,TICKER_0443.JP,2137.42,2121.35,-0.553,-0.852,-1808621.7,False
2026-01-01,2026-01-01 08:30:00,2026-01-01 09:00:00,2026-01-01 15:00:00,TICKER_0480.JP,2167.05,2144.75,-0.831,-1.129,-2397517.15,False
2026-01-01,2026-01-01 08:30:00,2026-01-01 09:00:00,2026-01-01 15:00:00,TICKER_0517.JP,2308.08,2305.21,0.076,-0.224,-475744.05,False
2026-01-01,2026-01-01 08:30:00,2026-01-01 09:00:00,2026-01-01 15:00:00,TICKER_0554.JP,2344.62,2406.38,2.84,2.534,5380669.54,True
2026-01-01,2026-01-01 08:30:00,2026-01-01 09:00:00,2026-01-01 15:00:00,TICKER_0591.JP,2460.08,2472.78,0.718,0.417,884439.01,True
2026-01-01,2026-01-01 08:30:00,2026-01-01 09:00:00,2026-01-01 15:00:00,TICKER_0628.JP,2500.55,2512.53,0.681,0.379,805530.88,True
2026-01-01,2026-01-01 08:30:00,2026-01-01 09:00:00,2026-01-01 15:00:00,TICKER_0665.JP,2601.71,2607.53,0.424,0.124,262715.64,True
2026-01-02,2026-01-02 08:30:00,2026-01-02 09:00:00,2026-01-02 15:00:00,TICKER_0248.JP,1793.59,1845.49,3.1,2.794,5933050.21,True
2026-01-02,2026-01-02 08:30:00,2026-01-02 09:00:00,2026-01-02 15:00:00,TICKER_0285.JP,1864.59,1875.68,0.796,0.495,1050724.4,True
2026-01-02,2026-01-02 08:30:00,2026-01-02 09:00:00,2026-01-02 15:00:00,TICKER_0322.JP,1906.27,1968.58,3.475,3.168,6728896.52,True
2026-01-02,2026-01-02 08:30:00,2026-01-02 09:00:00,2026-01-02 15:00:00,TICKER_0359.JP,2002.87,1973.72,-1.258,-1.555,-3302921.2,False
2026-01-02,2026-01-02 08:30:00,2026-01-02 09:00:00,2026-01-02 15:00:00,TICKER_0396.JP,2135.53,2178.91,2.235,1.931,4101218.89,True
2026-01-02,2026-01-02 08:30:00,2026-01-02 09:00:00,2026-01-02 15:00:00,TICKER_0433.JP,2220.39,2331.63,5.22,4.91,10427210.69,True
2026-01-02,2026-01-02 08:30:00,2026-01-02 09:00:00,2026-01-02 15:00:00,TICKER_0470.JP,2287.19,2418.65,5.959,5.647,11993576.69,True
2026-01-02,2026-01-02 08:30:00,2026-01-02 09:00:00,2026-01-02 15:00:00,TICKER_0507.JP,2356.6,2376.14,1.031,0.729,1548293.28,True
2026-01-02,2026-01-02 08:30:00,2026-01-02 09:00:00,2026-01-02 15:00:00,TICKER_0544.JP,2460.69,2425.72,-1.224,-1.521,-3230205.29,False
2026-01-02,2026-01-02 08:30:00,2026-01-02 09:00:00,2026-01-02 15:00:00,TICKER_0581.JP,2524.57,2601.73,3.262,2.956,6277996.07,True
2026-01-05,2026-01-05 08:30:00,2026-01-05 09:00:00,2026-01-05 15:00:00,TICKER_0351.JP,1863.78,1865.87,0.313,0.012,26295.35,True
2026-01-05,2026-01-05 08:30:00,2026-01-05 09:00:00,2026-01-05 15:00:00,TICKER_0388.JP,1956.59,2000.7,2.459,2.154,4659622.17,True
2026-01-05,2026-01-05 08:30:00,2026-01-05 09:00:00,2026-01-05 15:00:00,TICKER_0425.JP,2011.58,2086.47,3.931,3.623,7837316.84,True
2026-01-05,2026-01-05 08:30:00,2026-01-05 09:00:00,2026-01-05 15:00:00,TICKER_0462.JP,2128.53,2164.93,1.914,1.61,3483618.79,True
2026-01-05,2026-01-05 08:30:00,2026-01-05 09:00:00,2026-01-05 15:00:00,TICKER_0499.JP,2213.09,2242.1,1.513,1.211,2618758.03,True
2026-01-05,2026-01-05 08:30:00,2026-01-05 09:00:00,2026-01-05 15:00:00,TICKER_0536.JP,2307.08,2370.06,2.935,2.63,5688191.68,True
2026-01-05,2026-01-05 08:30:00,2026-01-05 09:00:00,2026-01-05 15:00:00,TICKER_0573.JP,2405.04,2481.74,3.395,3.089,6681761.67,True
2026-01-05,2026-01-05 08:30:00,2026-01-05 09:00:00,2026-01-05 15:00:00,TICKER_0610.JP,2486.4,2565.02,3.368,3.062,6623546.27,True
2026-01-05,2026-01-05 08:30:00,2026-01-05 09:00:00,2026-01-05 15:00:00,TICKER_0647.JP,2507.45,2555.79,2.132,1.828,3953703.44,True
2026-01-05,2026-01-05 08:30:00,2026-01-05 09:00:00,2026-01-05 15:00:00,TICKER_0684.JP,2640.54,2622.28,-0.493,-0.792,-1712449.45,False
2026-01-06,2026-01-06 08:30:00,2026-01-06 09:00:00,2026-01-06 15:00:00,TICKER_0993.JP,2002.52,1990.31,-0.411,-0.71,-1562469.37,False
2026-01-06,2026-01-06 08:30:00,2026-01-06 09:00:00,2026-01-06 15:00:00,TICKER_1030.JP,2100.65,2141.3,2.139,1.835,4038987.2,True
2026-01-06,2026-01-06 08:30:00,2026-01-06 09:00:00,2026-01-06 15:00:00,TICKER_1067.JP,2179.23,2308.19,6.13,5.818,12805322.67,True
2026-01-06,2026-01-06 08:30:00,2026-01-06 09:00:00,2026-01-06 15:00:00,TICKER_1104.JP,2231.29,2245.68,0.847,0.545,1199693.81,True
2026-01-06,2026-01-06 08:30:00,2026-01-06 09:00:00,2026-01-06 15:00:00,TICKER_1141.JP,2335.46,2328.98,-0.078,-0.378,-831231.55,False
2026-01-06,2026-01-06 08:30:00,2026-01-06 09:00:00,2026-01-06 15:00:00,TICKER_1178.JP,2418.1,2477.91,2.679,2.374,5224420.34,True
2026-01-06,2026-01-06 08:30:00,2026-01-06 09:00:00,2026-01-06 15:00:00,TICKER_1215.JP,2512.84,2561.97,2.159,1.855,4082882.26,True
2026-01-06,2026-01-06 08:30:00,2026-01-06 09:00:00,2026-01-06 15:00:00,TICKER_1252.JP,2595.07,2652.74,2.427,2.122,4671457.25,True
2026-01-06,2026-01-06 08:30:00,2026-01-06 09:00:00,2026-01-06 15:00:00,TICKER_1289.JP,2690.44,2654.0,-1.157,-1.454,-3200817.64,False
2026-01-06,2026-01-06 08:30:00,2026-01-06 09:00:00,2026-01-06 15:00:00,TICKER_1326.JP,2760.3,2743.8,-0.399,-0.698,-1535341.65,False
2026-01-07,2026-01-07 08:30:00,2026-01-07 09:00:00,2026-01-07 15:00:00,TICKER_0836.JP,1847.51,1828.69,-0.82,-1.118,-2488252.34,False
2026-01-07,2026-01-07 08:30:00,2026-01-07 09:00:00,2026-01-07 15:00:00,TICKER_0873.JP,1935.38,1882.24,-2.551,-2.846,-6331733.21,False
2026-01-07,2026-01-07 08:30:00,2026-01-07 09:00:00,2026-01-07 15:00:00,TICKER_0910.JP,2030.86,1987.9,-1.919,-2.215,-4928384.74,False
2026-01-07,2026-01-07 08:30:00,2026-01-07 09:00:00,2026-01-07 15:00:00,TICKER_0947.JP,2123.66,2124.03,0.218,-0.082,-183469.09,False
2026-01-07,2026-01-07 08:30:00,2026-01-07 09:00:00,2026-01-07 15:00:00,TICKER_0984.JP,2193.4,2164.94,-1.1,-1.397,-3108917.52,False
2026-01-07,2026-01-07 08:30:00,2026-01-07 09:00:00,2026-01-07 15:00:00,TICKER_1021.JP,2315.4,2334.51,1.027,0.725,1613678.23,True
2026-01-07,2026-01-07 08:30:00,2026-01-07 09:00:00,2026-01-07 15:00:00,TICKER_1058.JP,2356.09,2373.49,0.94,0.639,1420534.3,True
2026-01-07,2026-01-07 08:30:00,2026-01-07 09:00:00,2026-01-07 15:00:00,TICKER_1095.JP,2437.02,2552.09,4.931,4.621,10281168.27,True
2026-01-07,2026-01-07 08:30:00,2026-01-07 09:00:00,2026-01-07 15:00:00,TICKER_1132.JP,2515.48,2435.74,-2.976,-3.27,-7274815.09,False
2026-01-07,2026-01-07 08:30:00,2026-01-07 09:00:00,2026-01-07 15:00:00,TICKER_1169.JP,2639.65,2614.11,-0.769,-1.067,-2374464.16,False
2026-01-08,2026-01-08 08:30:00,2026-01-08 09:00:00,2026-01-08 15:00:00,TICKER_0062.JP,1566.31,1596.96,2.161,1.857,4106822.11,True
2026-01-08,2026-01-08 08:30:00,2026-01-08 09:00:00,2026-01-08 15:00:00,TICKER_0099.JP,1645.48,1664.98,1.388,1.085,2400089.67,True
2026-01-08,2026-01-08 08:30:00,2026-01-08 09:00:00,2026-01-08 15:00:00,TICKER_0136.JP,1789.13,1774.13,-0.639,-0.938,-2074899.91,False
2026-01-08,2026-01-08 08:30:00,2026-01-08 09:00:00,2026-01-08 15:00:00,TICKER_0173.JP,1835.84,1845.32,0.718,0.416,920898.24,True
2026-01-08,2026-01-08 08:30:00,2026-01-08 09:00:00,2026-01-08 15:00:00,TICKER_0210.JP,1921.86,1948.28,1.578,1.275,2819637.57,True
2026-01-08,2026-01-08 08:30:00,2026-01-08 09:00:00,2026-01-08 15:00:00,TICKER_0247.JP,2005.26,1996.96,-0.215,-0.514,-1137014.92,False
2026-01-08,2026-01-08 08:30:00,2026-01-08 09:00:00,2026-01-08 15:00:00,TICKER_0284.JP,2091.53,2160.13,3.487,3.18,7033744.76,True
2026-01-08,2026-01-08 08:30:00,2026-01-08 09:00:00,2026-01-08 15:00:00,TICKER_0321.JP,2161.1,2258.22,4.703,4.394,9719604.76,True
2026-01-08,2026-01-08 08:30:00,2026-01-08 09:00:00,2026-01-08 15:00:00,TICKER_0358.JP,2281.51,2290.39,0.59,0.289,639560.42,True
2026-01-08,2026-01-08 08:30:00,2026-01-08 09:00:00,2026-01-08 15:00:00,TICKER_0395.JP,2323.77,2402.16,3.58,3.273,7240175.28,True
2026-01-09,2026-01-09 08:30:00,2026-01-09 09:00:00,2026-01-09 15:00:00,TICKER_0934.JP,1930.09,1917.82,-0.437,-0.736,-1649307.28,False
2026-01-09,2026-01-09 08:30:00,2026-01-09 09:00:00,2026-01-09 15:00:00,TICKER_0971.JP,2059.28,2066.7,0.561,0.261,584097.29,True
2026-01-09,2026-01-09 08:30:00,2026-01-09 09:00:00,2026-01-09 15:00:00,TICKER_1008.JP,2111.89,2145.54,1.797,1.493,3348506.67,True
2026-01-09,2026-01-09 08:30:00,2026-01-09 09:00:00,2026-01-09 15:00:00,TICKER_1045.JP,2205.24,2167.37,-1.521,-1.817,-4074736.93,False
2026-01-09,2026-01-09 08:30:00,2026-01-09 09:00:00,2026-01-09 15:00:00,TICKER_1082.JP,2278.05,2191.11,-3.624,-3.916,-8780871.99,False
2026-01-09,2026-01-09 08:30:00,2026-01-09 09:00:00,2026-01-09 15:00:00,TICKER_1119.JP,2379.37,2370.1,-0.19,-0.49,-1097672.23,False
2026-01-09,2026-01-09 08:30:00,2026-01-09 09:00:00,2026-01-09 15:00:00,TICKER_1156.JP,2453.08,2507.94,2.441,2.136,4789826.37,True
2026-01-09,2026-01-09 08:30:00,2026-01-09 09:00:00,2026-01-09 15:00:00,TICKER_1193.JP,2537.23,2590.64,2.309,2.005,4494784.89,True
2026-01-09,2026-01-09 08:30:00,2026-01-09 09:00:00,2026-01-09 15:00:00,TICKER_1230.JP,2632.18,2708.32,3.099,2.793,6261328.95,True
2026-01-09,2026-01-09 08:30:00,2026-01-09 09:00:00,2026-01-09 15:00:00,TICKER_1267.JP,2703.56,2716.17,0.668,0.366,821569.48,True
2026-01-12,2026-01-12 08:30:00,2026-01-12 09:00:00,2026-01-12 15:00:00,TICKER_0567.JP,1574.33,1599.71,1.815,1.512,3396448.57,True
2026-01-12,2026-01-12 08:30:00,2026-01-12 09:00:00,2026-01-12 15:00:00,TICKER_0604.JP,1658.25,1719.52,3.903,3.595,8076330.19,True
2026-01-12,2026-01-12 08:30:00,2026-01-12 09:00:00,2026-01-12 15:00:00,TICKER_0641.JP,1760.85,1781.88,1.397,1.094,2458068.21,True
2026-01-12,2026-01-12 08:30:00,2026-01-12 09:00:00,2026-01-12 15:00:00,TICKER_0678.JP,1835.04,1777.48,-2.943,-3.237,-7271724.91,False
2026-01-12,2026-01-12 08:30:00,2026-01-12 09:00:00,2026-01-12 15:00:00,TICKER_0715.JP,1904.86,1882.62,-0.97,-1.268,-2848463.4,False
2026-01-12,2026-01-12 08:30:00,2026-01-12 09:00:00,2026-01-12 15:00:00,TICKER_0752.JP,2004.56,2020.9,1.017,0.715,1605982.32,True
2026-01-12,2026-01-12 08:30:00,2026-01-12 09:00:00,2026-01-12 15:00:00,TICKER_0789.JP,2064.59,2136.37,3.684,3.377,7585835.37,True
2026-01-12,2026-01-12 08:30:00,2026-01-12 09:00:00,2026-01-12 15:00:00,TICKER_0826.JP,2162.83,2139.07,-0.901,-1.199,-2692817.2,False
2026-01-12,2026-01-12 08:30:00,2026-01-12 09:00:00,2026-01-12 15:00:00,TICKER_0863.JP,2268.17,2364.45,4.454,4.145,9312296.85,True
2026-01-12,2026-01-12 08:30:00,2026-01-12 09:00:00,2026-01-12 15:00:00,TICKER_0900.JP,2359.77,2295.11,-2.545,-2.84,-6379925.73,False
2026-01-13,2026-01-13 08:30:00,2026-01-13 09:00:00,2026-01-13 15:00:00,TICKER_0878.JP,1926.97,1922.82,-0.016,-0.315,-712422.75,False
2026-01-13,2026-01-13 08:30:00,2026-01-13 09:00:00,2026-01-13 15:00:00,TICKER_0915.JP,1981.06,1930.75,-2.345,-2.64,-5963280.32,False
2026-01-13,2026-01-13 08:30:00,2026-01-13 09:00:00,2026-01-13 15:00:00,TICKER_0952.JP,2065.09,2096.63,1.73,1.427,3224240.93,True
2026-01-13,2026-01-13 08:30:00,2026-01-13 09:00:00,2026-01-13 15:00:00,TICKER_0989.JP,2110.08,2193.22,4.149,3.84,8676067.88,True
2026-01-13,2026-01-13 08:30:00,2026-01-13 09:00:00,2026-01-13 15:00:00,TICKER_1026.JP,2247.72,2316.23,3.255,2.948,6660469.75,True
2026-01-13,2026-01-13 08:30:00,2026-01-13 09:00:00,2026-01-13 15:00:00,TICKER_1063.JP,2311.66,2310.13,0.134,-0.166,-375610.67,False
2026-01-13,2026-01-13 08:30:00,2026-01-13 09:00:00,2026-01-13 15:00:00,TICKER_1100.JP,2404.06,2414.55,0.637,0.336,759974.46,True
2026-01-13,2026-01-13 08:30:00,2026-01-13 09:00:00,2026-01-13 15:00:00,TICKER_1137.JP,2493.55,2458.05,-1.226,-1.524,-3442311.47,False
2026-01-13,2026-01-13 08:30:00,2026-01-13 09:00:00,2026-01-13 15:00:00,TICKER_1174.JP,2609.63,2692.03,3.364,3.057,6907218.29,True
2026-01-13,2026-01-13 08:30:00,2026-01-13 09:00:00,2026-01-13 15:00:00,TICKER_1211.JP,2619.83,2566.61,-1.835,-2.131,-4814863.03,False
2026-01-14,2026-01-14 08:30:00,2026-01-14 09:00:00,2026-01-14 15:00:00,TICKER_0324.JP,1859.16,1944.27,4.788,4.478,10163342.02,True
2026-01-14,2026-01-14 08:30:00,2026-01-14 09:00:00,2026-01-14 15:00:00,TICKER_0361.JP,1931.55,1922.1,-0.29,-0.589,-1337718.2,False
2026-01-14,2026-01-14 08:30:00,2026-01-14 09:00:00,2026-01-14 15:00:00,TICKER_0398.JP,1996.28,2001.31,0.452,0.152,344027.67,True
2026-01-14,2026-01-14 08:30:00,2026-01-14 09:00:00,2026-01-14 15:00:00,TICKER_0435.JP,2087.18,2190.12,5.142,4.832,10966564.99,True
2026-01-14,2026-01-14 08:30:00,2026-01-14 09:00:00,2026-01-14 15:00:00,TICKER_0472.JP,2181.65,2148.26,-1.333,-1.63,-3700392.59,False
2026-01-14,2026-01-14 08:30:00,2026-01-14 09:00:00,2026-01-14 15:00:00,TICKER_0509.JP,2282.44,2294.4,0.725,0.424,962581.68,True
2026-01-14,2026-01-14 08:30:00,2026-01-14 09:00:00,2026-01-14 15:00:00,TICKER_0546.JP,2339.36,2442.43,4.615,4.306,9772083.9,True
2026-01-14,2026-01-14 08:30:00,2026-01-14 09:00:00,2026-01-14 15:00:00,TICKER_0583.JP,2396.43,2376.07,-0.651,-0.95,-2155343.44,False
2026-01-14,2026-01-14 08:30:00,2026-01-14 09:00:00,2026-01-14 15:00:00,TICKER_0620.JP,2527.99,2554.61,1.256,0.953,2163523.49,True
2026-01-14,2026-01-14 08:30:00,2026-01-14 09:00:00,2026-01-14 15:00:00,TICKER_0657.JP,2549.15,2544.7,0.026,-0.274,-622585.13,False
2026-01-15,2026-01-15 08:30:00,2026-01-15 09:00:00,2026-01-15 15:00:00,TICKER_0159.JP,1687.27,1750.28,3.942,3.635,8340389.01,True
2026-01-15,2026-01-15 08:30:00,2026-01-15 09:00:00,2026-01-15 15:00:00,TICKER_0196.JP,1768.9,1829.76,3.648,3.341,7665848.68,True
2026-01-15,2026-01-15 08:30:00,2026-01-15 09:00:00,2026-01-15 15:00:00,TICKER_0233.JP,1795.72,1835.13,2.399,2.095,4806556.62,True
2026-01-15,2026-01-15 08:30:00,2026-01-15 09:00:00,2026-01-15 15:00:00,TICKER_0270.JP,1919.78,1945.85,1.561,1.258,2887217.54,True
2026-01-15,2026-01-15 08:30:00,2026-01-15 09:00:00,2026-01-15 15:00:00,TICKER_0307.JP,1996.27,1958.54,-1.694,-1.99,-4567107.08,False
2026-01-15,2026-01-15 08:30:00,2026-01-15 09:00:00,2026-01-15 15:00:00,TICKER_0344.JP,2104.24,2126.61,1.265,0.963,2209935.47,True
2026-01-15,2026-01-15 08:30:00,2026-01-15 09:00:00,2026-01-15 15:00:00,TICKER_0381.JP,2181.97,2127.12,-2.319,-2.614,-5997822.99,False
2026-01-15,2026-01-15 08:30:00,2026-01-15 09:00:00,2026-01-15 15:00:00,TICKER_0418.JP,2262.71,2253.38,-0.213,-0.512,-1175278.57,False
2026-01-15,2026-01-15 08:30:00,2026-01-15 09:00:00,2026-01-15 15:00:00,TICKER_0455.JP,2344.95,2333.18,-0.303,-0.602,-1381080.93,False
2026-01-15,2026-01-15 08:30:00,2026-01-15 09:00:00,2026-01-15 15:00:00,TICKER_0492.JP,2480.04,2529.09,2.182,1.878,4309100.2,True
2026-01-16,2026-01-16 08:30:00,2026-01-16 09:00:00,2026-01-16 15:00:00,TICKER_0835.JP,1840.25,1891.28,2.979,2.673,6177017.05,True
2026-01-16,2026-01-16 08:30:00,2026-01-16 09:00:00,2026-01-16 15:00:00,TICKER_0872.JP,1930.99,1922.44,-0.244,-0.543,-1254754.37,False
2026-01-16,2026-01-16 08:30:00,2026-01-16 09:00:00,2026-01-16 15:00:00,TICKER_0909.JP,2023.02,2038.7,0.977,0.675,1559888.25,True
2026-01-16,2026-01-16 08:30:00,2026-01-16 09:00:00,2026-01-16 15:00:00,TICKER_0946.JP,2144.43,2106.12,-1.59,-1.887,-4359673.11,False
2026-01-16,2026-01-16 08:30:00,2026-01-16 09:00:00,2026-01-16 15:00:00,TICKER_0983.JP,2135.45,2224.57,4.382,4.073,9413388.76,True
2026-01-16,2026-01-16 08:30:00,2026-01-16 09:00:00,2026-01-16 15:00:00,TICKER_1020.JP,2303.82,2337.52,1.666,1.363,3149223.19,True
2026-01-16,2026-01-16 08:30:00,2026-01-16 09:00:00,2026-01-16 15:00:00,TICKER_1057.JP,2374.34,2509.05,5.885,5.573,12880021.83,True
2026-01-16,2026-01-16 08:30:00,2026-01-16 09:00:00,2026-01-16 15:00:00,TICKER_1094.JP,2399.76,2359.84,-1.467,-1.763,-4075359.2,False
2026-01-16,2026-01-16 08:30:00,2026-01-16 09:00:00,2026-01-16 15:00:00,TICKER_1131.JP,2555.01,2553.73,0.15,-0.15,-346758.21,False
2026-01-16,2026-01-16 08:30:00,2026-01-16 09:00:00,2026-01-16 15:00:00,TICKER_1168.JP,2644.39,2774.97,5.148,4.838,11180517.71,True
2026-01-19,2026-01-19 08:30:00,2026-01-19 09:00:00,2026-01-19 15:00:00,TICKER_0756.JP,1784.04,1789.87,0.527,0.227,530975.86,True
2026-01-19,2026-01-19 08:30:00,2026-01-19 09:00:00,2026-01-19 15:00:00,TICKER_0793.JP,1872.84,1913.24,2.362,2.057,4821578.66,True
2026-01-19,2026-01-19 08:30:00,2026-01-19 09:00:00,2026-01-19 15:00:00,TICKER_0830.JP,1928.19,1923.46,-0.045,-0.345,-808242.19,False
2026-01-19,2026-01-19 08:30:00,2026-01-19 09:00:00,2026-01-19 15:00:00,TICKER_0867.JP,2016.0,2103.15,4.532,4.223,9896804.87,True
2026-01-19,2026-01-19 08:30:00,2026-01-19 09:00:00,2026-01-19 15:00:00,TICKER_0904.JP,2123.87,2137.09,0.824,0.522,1224290.19,True
2026-01-19,2026-01-19 08:30:00,2026-01-19 09:00:00,2026-01-19 15:00:00,TICKER_0941.JP,2209.97,2260.28,2.481,2.176,5100776.22,True
2026-01-19,2026-01-19 08:30:00,2026-01-19 09:00:00,2026-01-19 15:00:00,TICKER_0978.JP,2299.8,2254.54,-1.771,-2.068,-4845938.48,False
2026-01-19,2026-01-19 08:30:00,2026-01-19 09:00:00,2026-01-19 15:00:00,TICKER_1015.JP,2338.86,2348.37,0.608,0.307,718838.78,True
2026-01-19,2026-01-19 08:30:00,2026-01-19 09:00:00,2026-01-19 15:00:00,TICKER_1052.JP,2452.35,2564.75,4.793,4.483,10507370.53,True
2026-01-19,2026-01-19 08:30:00,2026-01-19 09:00:00,2026-01-19 15:00:00,TICKER_1089.JP,2539.32,2581.23,1.854,1.55,3633533.01,True
2026-01-20,2026-01-20 08:30:00,2026-01-20 09:00:00,2026-01-20 15:00:00,TICKER_0780.JP,1789.42,1802.62,0.939,0.638,1512804.52,True
2026-01-20,2026-01-20 08:30:00,2026-01-20 09:00:00,2026-01-20 15:00:00,TICKER_0817.JP,1851.44,1841.59,-0.333,-0.632,-1500052.87,False
2026-01-20,2026-01-20 08:30:00,2026-01-20 09:00:00,2026-01-20 15:00:00,TICKER_0854.JP,1969.9,2002.33,1.85,1.546,3668767.17,True
2026-01-20,2026-01-20 08:30:00,2026-01-20 09:00:00,2026-01-20 15:00:00,TICKER_0891.JP,2014.2,2092.28,4.084,3.776,8960116.37,True
2026-01-20,2026-01-20 08:30:00,2026-01-20 09:00:00,2026-01-20 15:00:00,TICKER_0928.JP,2108.59,2136.73,1.538,1.235,2929872.02,True
2026-01-20,2026-01-20 08:30:00,2026-01-20 09:00:00,2026-01-20 15:00:00,TICKER_0965.JP,2206.61,2322.45,5.46,5.149,12218254.16,True
2026-01-20,2026-01-20 08:30:00,2026-01-20 09:00:00,2026-01-20 15:00:00,TICKER_1002.JP,2333.75,2332.48,0.145,-0.155,-367041.45,False
2026-01-20,2026-01-20 08:30:00,2026-01-20 09:00:00,2026-01-20 15:00:00,TICKER_1039.JP,2398.45,2430.08,1.522,1.219,2892065.25,True
2026-01-20,2026-01-20 08:30:00,2026-01-20 09:00:00,2026-01-20 15:00:00,TICKER_1076.JP,2456.92,2483.47,1.283,0.981,2326791.29,True
2026-01-20,2026-01-20 08:30:00,2026-01-20 09:00:00,2026-01-20 15:00:00,TICKER_1113.JP,2557.04,2525.55,-1.034,-1.332,-3159647.69,False
2026-01-21,2026-01-21 08:30:00,2026-01-21 09:00:00,2026-01-21 15:00:00,TICKER_0758.JP,1765.4,1795.7,1.92,1.616,3880353.87,True
2026-01-21,2026-01-21 08:30:00,2026-01-21 09:00:00,2026-01-21 15:00:00,TICKER_0795.JP,1851.96,1878.06,1.612,1.309,3143439.33,True
2026-01-21,2026-01-21 08:30:00,2026-01-21 09:00:00,2026-01-21 15:00:00,TICKER_0832.JP,1907.85,2015.95,5.878,5.566,13363954.92,True
2026-01-21,2026-01-21 08:30:00,2026-01-21 09:00:00,2026-01-21 15:00:00,TICKER_0869.JP,2006.95,2047.16,2.208,1.903,4569556.29,True
2026-01-21,2026-01-21 08:30:00,2026-01-21 09:00:00,2026-01-21 15:00:00,TICKER_0906.JP,2092.44,2125.06,1.762,1.459,3502958.29,True
2026-01-21,2026-01-21 08:30:00,2026-01-21 09:00:00,2026-01-21 15:00:00,TICKER_0943.JP,2194.38,2239.48,2.259,1.955,4693785.93,True
2026-01-21,2026-01-21 08:30:00,2026-01-21 09:00:00,2026-01-21 15:00:00,TICKER_0980.JP,2253.53,2304.13,2.45,2.145,5150894.05,True
2026-01-21,2026-01-21 08:30:00,2026-01-21 09:00:00,2026-01-21 15:00:00,TICKER_1017.JP,2338.6,2369.95,1.543,1.241,2978487.06,True
2026-01-21,2026-01-21 08:30:00,2026-01-21 09:00:00,2026-01-21 15:00:00,TICKER_1054.JP,2446.56,2442.12,0.018,-0.282,-676634.31,False
2026-01-21,2026-01-21 08:30:00,2026-01-21 09:00:00,2026-01-21 15:00:00,TICKER_1091.JP,2561.06,2585.25,1.147,0.845,2027917.2,True
2026-01-22,2026-01-22 08:30:00,2026-01-22 09:00:00,2026-01-22 15:00:00,TICKER_0579.JP,1582.34,1563.78,-0.975,-1.273,-3107081.36,False
2026-01-22,2026-01-22 08:30:00,2026-01-22 09:00:00,2026-01-22 15:00:00,TICKER_0616.JP,1675.84,1707.04,2.066,1.762,4300584.5,True
2026-01-22,2026-01-22 08:30:00,2026-01-22 09:00:00,2026-01-22 15:00:00,TICKER_0653.JP,1747.18,1802.29,3.361,3.054,7456461.61,True
2026-01-22,2026-01-22 08:30:00,2026-01-22 09:00:00,2026-01-22 15:00:00,TICKER_0690.JP,1849.55,1854.1,0.447,0.146,357285.98,True
2026-01-22,2026-01-22 08:30:00,2026-01-22 09:00:00,2026-01-22 15:00:00,TICKER_0727.JP,1908.62,1965.09,3.165,2.859,6979797.47,True
2026-01-22,2026-01-22 08:30:00,2026-01-22 09:00:00,2026-01-22 15:00:00,TICKER_0764.JP,2009.38,1989.3,-0.801,-1.099,-2683627.33,False
2026-01-22,2026-01-22 08:30:00,2026-01-22 09:00:00,2026-01-22 15:00:00,TICKER_0801.JP,2120.94,2100.41,-0.77,-1.068,-2607414.94,False
2026-01-22,2026-01-22 08:30:00,2026-01-22 09:00:00,2026-01-22 15:00:00,TICKER_0838.JP,2205.23,2255.28,2.474,2.17,5296651.08,True
2026-01-22,2026-01-22 08:30:00,2026-01-22 09:00:00,2026-01-22 15:00:00,TICKER_0875.JP,2243.98,2242.29,0.124,-0.176,-428678.04,False
2026-01-22,2026-01-22 08:30:00,2026-01-22 09:00:00,2026-01-22 15:00:00,TICKER_0912.JP,2315.08,2281.96,-1.234,-1.531,-3737484.66,False
2026-01-23,2026-01-23 08:30:00,2026-01-23 09:00:00,2026-01-23 15:00:00,TICKER_0886.JP,1921.37,1909.95,-0.395,-0.694,-1703149.7,False
2026-01-23,2026-01-23 08:30:00,2026-01-23 09:00:00,2026-01-23 15:00:00,TICKER_0923.JP,1985.32,1934.77,-2.351,-2.646,-6489948.14,False
2026-01-23,2026-01-23 08:30:00,2026-01-23 09:00:00,2026-01-23 15:00:00,TICKER_0960.JP,2078.85,2156.34,3.935,3.628,8897356.54,True
2026-01-23,2026-01-23 08:30:00,2026-01-23 09:00:00,2026-01-23 15:00:00,TICKER_0997.JP,2175.08,2177.82,0.326,0.026,63370.43,True
2026-01-23,2026-01-23 08:30:00,2026-01-23 09:00:00,2026-01-23 15:00:00,TICKER_1034.JP,2227.19,2314.66,4.135,3.827,9386641.08,True
2026-01-23,2026-01-23 08:30:00,2026-01-23 09:00:00,2026-01-23 15:00:00,TICKER_1071.JP,2303.85,2307.46,0.357,0.057,138905.54,True
2026-01-23,2026-01-23 08:30:00,2026-01-23 09:00:00,2026-01-23 15:00:00,TICKER_1108.JP,2418.87,2552.18,5.722,5.411,13271349.14,True
2026-01-23,2026-01-23 08:30:00,2026-01-23 09:00:00,2026-01-23 15:00:00,TICKER_1145.JP,2529.92,2563.58,1.534,1.231,3018454.95,True
2026-01-23,2026-01-23 08:30:00,2026-01-23 09:00:00,2026-01-23 15:00:00,TICKER_1182.JP,2618.29,2608.45,-0.176,-0.476,-1166669.65,False
2026-01-23,2026-01-23 08:30:00,2026-01-23 09:00:00,2026-01-23 15:00:00,TICKER_1219.JP,2677.05,2742.28,2.642,2.337,5730800.9,True
2026-01-26,2026-01-26 08:30:00,2026-01-26 09:00:00,2026-01-26 15:00:00,TICKER_0631.JP,1639.11,1667.01,1.906,1.602,3977358.13,True
2026-01-26,2026-01-26 08:30:00,2026-01-26 09:00:00,2026-01-26 15:00:00,TICKER_0668.JP,1722.06,1757.41,2.257,1.953,4847158.29,True
2026-01-26,2026-01-26 08:30:00,2026-01-26 09:00:00,2026-01-26 15:00:00,TICKER_0705.JP,1791.95,1872.91,4.727,4.418,10965435.87,True
2026-01-26,2026-01-26 08:30:00,2026-01-26 09:00:00,2026-01-26 15:00:00,TICKER_0742.JP,1920.06,1873.89,-2.209,-2.504,-6216055.74,False
2026-01-26,2026-01-26 08:30:00,2026-01-26 09:00:00,2026-01-26 15:00:00,TICKER_0779.JP,1961.51,1954.21,-0.172,-0.472,-1171438.75,False
2026-01-26,2026-01-26 08:30:00,2026-01-26 09:00:00,2026-01-26 15:00:00,TICKER_0816.JP,2061.95,2056.03,-0.087,-0.387,-960616.29,False
2026-01-26,2026-01-26 08:30:00,2026-01-26 09:00:00,2026-01-26 15:00:00,TICKER_0853.JP,2144.84,2163.86,1.089,0.787,1953053.07,True
2026-01-26,2026-01-26 08:30:00,2026-01-26 09:00:00,2026-01-26 15:00:00,TICKER_0890.JP,2241.94,2273.41,1.607,1.304,3236484.56,True
2026-01-26,2026-01-26 08:30:00,2026-01-26 09:00:00,2026-01-26 15:00:00,TICKER_0927.JP,2291.81,2352.03,2.833,2.527,6273518.5,True
2026-01-26,2026-01-26 08:30:00,2026-01-26 09:00:00,2026-01-26 15:00:00,TICKER_0964.JP,2445.27,2494.67,2.224,1.92,4766295.65,True
2026-01-27,2026-01-27 08:30:00,2026-01-27 09:00:00,2026-01-27 15:00:00,TICKER_0009.JP,1495.16,1506.63,0.969,0.667,1673179.3,True
2026-01-27,2026-01-27 08:30:00,2026-01-27 09:00:00,2026-01-27 15:00:00,TICKER_0046.JP,1599.91,1618.45,1.361,1.059,2656234.7,True
2026-01-27,2026-01-27 08:30:00,2026-01-27 09:00:00,2026-01-27 15:00:00,TICKER_0083.JP,1682.73,1687.77,0.5,0.199,500391.24,True
2026-01-27,2026-01-27 08:30:00,2026-01-27 09:00:00,2026-01-27 15:00:00,TICKER_0120.JP,1780.3,1766.04,-0.602,-0.901,-2259563.2,False
2026-01-27,2026-01-27 08:30:00,2026-01-27 09:00:00,2026-01-27 15:00:00,TICKER_0157.JP,1857.61,1890.35,1.966,1.663,4170517.38,True
2026-01-27,2026-01-27 08:30:00,2026-01-27 09:00:00,2026-01-27 15:00:00,TICKER_0194.JP,1951.27,1979.37,1.643,1.34,3361448.96,True
2026-01-27,2026-01-27 08:30:00,2026-01-27 09:00:00,2026-01-27 15:00:00,TICKER_0231.JP,2034.61,2127.95,4.797,4.487,11256575.27,True
2026-01-27,2026-01-27 08:30:00,2026-01-27 09:00:00,2026-01-27 15:00:00,TICKER_0268.JP,2145.98,2146.41,0.22,-0.08,-200862.09,False
2026-01-27,2026-01-27 08:30:00,2026-01-27 09:00:00,2026-01-27 15:00:00,TICKER_0305.JP,2224.11,2285.84,2.981,2.675,6711311.82,True
2026-01-27,2026-01-27 08:30:00,2026-01-27 09:00:00,2026-01-27 15:00:00,TICKER_0342.JP,2291.04,2457.59,7.484,7.17,17984735.87,True
2026-01-28,2026-01-28 08:30:00,2026-01-28 09:00:00,2026-01-28 15:00:00,TICKER_0850.JP,1820.93,1795.97,-1.173,-1.471,-3752869.1,False
2026-01-28,2026-01-28 08:30:00,2026-01-28 09:00:00,2026-01-28 15:00:00,TICKER_0887.JP,1929.29,1969.53,2.29,1.986,5067778.77,True
2026-01-28,2026-01-28 08:30:00,2026-01-28 09:00:00,2026-01-28 15:00:00,TICKER_0924.JP,2000.28,2037.12,2.046,1.742,4445264.25,True
2026-01-28,2026-01-28 08:30:00,2026-01-28 09:00:00,2026-01-28 15:00:00,TICKER_0961.JP,2106.57,2113.83,0.546,0.245,624259.57,True
2026-01-28,2026-01-28 08:30:00,2026-01-28 09:00:00,2026-01-28 15:00:00,TICKER_0998.JP,2184.24,2209.86,1.375,1.073,2737682.69,True
2026-01-28,2026-01-28 08:30:00,2026-01-28 09:00:00,2026-01-28 15:00:00,TICKER_1035.JP,2287.87,2371.5,3.863,3.555,9073386.47,True
2026-01-28,2026-01-28 08:30:00,2026-01-28 09:00:00,2026-01-28 15:00:00,TICKER_1072.JP,2357.3,2349.91,-0.114,-0.414,-1056018.01,False
2026-01-28,2026-01-28 08:30:00,2026-01-28 09:00:00,2026-01-28 15:00:00,TICKER_1109.JP,2478.79,2487.23,0.542,0.241,614138.25,True
2026-01-28,2026-01-28 08:30:00,2026-01-28 09:00:00,2026-01-28 15:00:00,TICKER_1146.JP,2523.08,2487.12,-1.228,-1.525,-3892441.06,False
2026-01-28,2026-01-28 08:30:00,2026-01-28 09:00:00,2026-01-28 15:00:00,TICKER_1183.JP,2624.71,2702.05,3.152,2.846,7263893.29,True
2026-01-29,2026-01-29 08:30:00,2026-01-29 09:00:00,2026-01-29 15:00:00,TICKER_0841.JP,1856.92,1840.94,-0.662,-0.96,-2470349.69,False
2026-01-29,2026-01-29 08:30:00,2026-01-29 09:00:00,2026-01-29 15:00:00,TICKER_0878.JP,1938.88,1986.29,2.651,2.345,6032737.23,True
2026-01-29,2026-01-29 08:30:00,2026-01-29 09:00:00,2026-01-29 15:00:00,TICKER_0915.JP,2031.94,2013.67,-0.701,-0.999,-2569306.21,False
2026-01-29,2026-01-29 08:30:00,2026-01-29 09:00:00,2026-01-29 15:00:00,TICKER_0952.JP,2083.85,2099.74,0.964,0.662,1703630.7,True
2026-01-29,2026-01-29 08:30:00,2026-01-29 09:00:00,2026-01-29 15:00:00,TICKER_0989.JP,2167.02,2103.29,-2.747,-3.041,-7821444.18,False
2026-01-29,2026-01-29 08:30:00,2026-01-29 09:00:00,2026-01-29 15:00:00,TICKER_1026.JP,2280.21,2307.01,1.378,1.075,2766141.29,True
2026-01-29,2026-01-29 08:30:00,2026-01-29 09:00:00,2026-01-29 15:00:00,TICKER_1063.JP,2347.24,2420.38,3.322,3.016,7756512.43,True
2026-01-29,2026-01-29 08:30:00,2026-01-29 09:00:00,2026-01-29 15:00:00,TICKER_1100.JP,2478.47,2470.83,-0.109,-0.408,-1049988.54,False
2026-01-29,2026-01-29 08:30:00,2026-01-29 09:00:00,2026-01-29 15:00:00,TICKER_1137.JP,2538.04,2547.29,0.566,0.265,680670.14,True
2026-01-29,2026-01-29 08:30:00,2026-01-29 09:00:00,2026-01-29 15:00:00,TICKER_1174.JP,2621.8,2607.7,-0.339,-0.638,-1640414.72,False
2026-01-30,2026-01-30 08:30:00,2026-01-30 09:00:00,2026-01-30 15:00:00,TICKER_0354.JP,1842.46,1828.77,-0.544,-0.843,-2171214.0,False
2026-01-30,2026-01-30 08:30:00,2026-01-30 09:00:00,2026-01-30 15:00:00,TICKER_0391.JP,1949.38,1960.33,0.763,0.462,1189095.13,True
2026-01-30,2026-01-30 08:30:00,2026-01-30 09:00:00,2026-01-30 15:00:00,TICKER_0428.JP,2038.36,2056.35,1.085,0.783,2016021.99,True
2026-01-30,2026-01-30 08:30:00,2026-01-30 09:00:00,2026-01-30 15:00:00,TICKER_0465.JP,2130.43,2176.64,2.374,2.069,5328749.33,True
2026-01-30,2026-01-30 08:30:00,2026-01-30 09:00:00,2026-01-30 15:00:00,TICKER_0502.JP,2186.47,2208.79,1.223,0.921,2370761.18,True
2026-01-30,2026-01-30 08:30:00,2026-01-30 09:00:00,2026-01-30 15:00:00,TICKER_0539.JP,2273.04,2374.76,4.684,4.375,11267300.67,True
2026-01-30,2026-01-30 08:30:00,2026-01-30 09:00:00,2026-01-30 15:00:00,TICKER_0576.JP,2396.95,2409.81,0.738,0.436,1123422.9,True
2026-01-30,2026-01-30 08:30:00,2026-01-30 09:00:00,2026-01-30 15:00:00,TICKER_0613.JP,2418.29,2505.93,3.832,3.524,9076075.42,True
2026-01-30,2026-01-30 08:30:00,2026-01-30 09:00:00,2026-01-30 15:00:00,TICKER_0650.JP,2558.62,2533.07,-0.8,-1.098,-2828343.11,False
2026-01-30,2026-01-30 08:30:00,2026-01-30 09:00:00,2026-01-30 15:00:00,TICKER_0687.JP,2578.64,2619.55,1.79,1.487,3828342.18,True
2026-02-02,2026-02-02 08:30:00,2026-02-02 09:00:00,2026-02-02 15:00:00,TICKER_0040.JP,1547.2,1593.86,3.223,2.916,7596903.03,True
2026-02-02,2026-02-02 08:30:00,2026-02-02 09:00:00,2026-02-02 15:00:00,TICKER_0077.JP,1618.11,1668.44,3.317,3.011,7842502.09,True
2026-02-02,2026-02-02 08:30:00,2026-02-02 09:00:00,2026-02-02 15:00:00,TICKER_0114.JP,1715.45,1750.49,2.247,1.942,5059454.72,True
2026-02-02,2026-02-02 08:30:00,2026-02-02 09:00:00,2026-02-02 15:00:00,TICKER_0151.JP,1833.43,1938.57,5.946,5.634,14677455.49,True
2026-02-02,2026-02-02 08:30:00,2026-02-02 09:00:00,2026-02-02 15:00:00,TICKER_0188.JP,1882.46,1969.75,4.846,4.537,11818300.9,True
2026-02-02,2026-02-02 08:30:00,2026-02-02 09:00:00,2026-02-02 15:00:00,TICKER_0225.JP,2010.11,2066.32,3.002,2.697,7024308.06,True
2026-02-02,2026-02-02 08:30:00,2026-02-02 09:00:00,2026-02-02 15:00:00,TICKER_0262.JP,2055.49,2146.66,4.644,4.335,11293219.4,True
2026-02-02,2026-02-02 08:30:00,2026-02-02 09:00:00,2026-02-02 15:00:00,TICKER_0299.JP,2152.51,2179.52,1.457,1.155,3007962.68,True
2026-02-02,2026-02-02 08:30:00,2026-02-02 09:00:00,2026-02-02 15:00:00,TICKER_0336.JP,2215.03,2254.36,1.979,1.676,4364875.77,True
2026-02-02,2026-02-02 08:30:00,2026-02-02 09:00:00,2026-02-02 15:00:00,TICKER_0373.JP,2323.39,2314.93,-0.165,-0.464,-1208820.43,False
2026-02-03,2026-02-03 08:30:00,2026-02-03 09:00:00,2026-02-03 15:00:00,TICKER_0118.JP,1599.56,1722.0,7.87,7.555,20191954.47,True
2026-02-03,2026-02-03 08:30:00,2026-02-03 09:00:00,2026-02-03 15:00:00,TICKER_0155.JP,1703.64,1699.57,-0.039,-0.339,-906327.14,False
2026-02-03,2026-02-03 08:30:00,2026-02-03 09:00:00,2026-02-03 15:00:00,TICKER_0192.JP,1784.42,1723.05,-3.246,-3.54,-9460826.33,False
2026-02-03,2026-02-03 08:30:00,2026-02-03 09:00:00,2026-02-03 15:00:00,TICKER_0229.JP,1881.84,1862.39,-0.836,-1.134,-3030424.06,False
2026-02-03,2026-02-03 08:30:00,2026-02-03 09:00:00,2026-02-03 15:00:00,TICKER_0266.JP,1966.48,2051.31,4.522,4.213,11261690.64,True
2026-02-03,2026-02-03 08:30:00,2026-02-03 09:00:00,2026-02-03 15:00:00,TICKER_0303.JP,2054.04,2090.24,1.966,1.662,4442701.23,True
2026-02-03,2026-02-03 08:30:00,2026-02-03 09:00:00,2026-02-03 15:00:00,TICKER_0340.JP,2131.33,2146.32,0.905,0.603,1612858.63,True
2026-02-03,2026-02-03 08:30:00,2026-02-03 09:00:00,2026-02-03 15:00:00,TICKER_0377.JP,2233.06,2248.21,0.88,0.578,1545922.64,True
2026-02-03,2026-02-03 08:30:00,2026-02-03 09:00:00,2026-02-03 15:00:00,TICKER_0414.JP,2292.69,2305.05,0.74,0.439,1173915.14,True
2026-02-03,2026-02-03 08:30:00,2026-02-03 09:00:00,2026-02-03 15:00:00,TICKER_0451.JP,2387.78,2387.05,0.17,-0.13,-348419.67,False
2026-02-04,2026-02-04 08:30:00,2026-02-04 09:00:00,2026-02-04 15:00:00,TICKER_0547.JP,1555.84,1562.4,0.622,0.321,866341.24,True
2026-02-04,2026-02-04 08:30:00,2026-02-04 09:00:00,2026-02-04 15:00:00,TICKER_0584.JP,1670.27,1638.57,-1.701,-1.998,-5390124.34,False
2026-02-04,2026-02-04 08:30:00,2026-02-04 09:00:00,2026-02-04 15:00:00,TICKER_0621.JP,1738.13,1749.69,0.867,0.565,1524929.67,True
2026-02-04,2026-02-04 08:30:00,2026-02-04 09:00:00,2026-02-04 15:00:00,TICKER_0658.JP,1807.75,1826.71,1.251,0.949,2560733.81,True
2026-02-04,2026-02-04 08:30:00,2026-02-04 09:00:00,2026-02-04 15:00:00,TICKER_0695.JP,1866.73,1954.39,4.905,4.596,12399531.22,True
2026-02-04,2026-02-04 08:30:00,2026-02-04 09:00:00,2026-02-04 15:00:00,TICKER_0732.JP,1975.33,2026.82,2.812,2.507,6762619.66,True
2026-02-04,2026-02-04 08:30:00,2026-02-04 09:00:00,2026-02-04 15:00:00,TICKER_0769.JP,2045.47,2020.46,-1.025,-1.323,-3569414.95,False
2026-02-04,2026-02-04 08:30:00,2026-02-04 09:00:00,2026-02-04 15:00:00,TICKER_0806.JP,2150.53,2129.52,-0.779,-1.077,-2905659.59,False
2026-02-04,2026-02-04 08:30:00,2026-02-04 09:00:00,2026-02-04 15:00:00,TICKER_0843.JP,2237.84,2356.65,5.52,5.209,14054896.37,True
2026-02-04,2026-02-04 08:30:00,2026-02-04 09:00:00,2026-02-04 15:00:00,TICKER_0880.JP,2365.64,2376.56,0.663,0.362,975362.97,True
2026-02-05,2026-02-05 08:30:00,2026-02-05 09:00:00,2026-02-05 15:00:00,TICKER_0470.JP,1974.57,1981.13,0.533,0.232,631768.72,True
2026-02-05,2026-02-05 08:30:00,2026-02-05 09:00:00,2026-02-05 15:00:00,TICKER_0507.JP,2075.64,2106.31,1.681,1.378,3752233.57,True
2026-02-05,2026-02-05 08:30:00,2026-02-05 09:00:00,2026-02-05 15:00:00,TICKER_0544.JP,2179.32,2243.22,3.139,2.832,7715335.69,True
2026-02-05,2026-02-05 08:30:00,2026-02-05 09:00:00,2026-02-05 15:00:00,TICKER_0581.JP,2240.09,2299.57,2.861,2.555,6960309.88,True
2026-02-05,2026-02-05 08:30:00,2026-02-05 09:00:00,2026-02-05 15:00:00,TICKER_0618.JP,2287.0,2374.87,4.05,3.742,10193022.12,True
2026-02-05,2026-02-05 08:30:00,2026-02-05 09:00:00,2026-02-05 15:00:00,TICKER_0655.JP,2416.1,2420.86,0.397,0.097,263464.43,True
2026-02-05,2026-02-05 08:30:00,2026-02-05 09:00:00,2026-02-05 15:00:00,TICKER_0692.JP,2472.92,2461.75,-0.253,-0.552,-1503273.7,False
2026-02-05,2026-02-05 08:30:00,2026-02-05 09:00:00,2026-02-05 15:00:00,TICKER_0729.JP,2582.43,2633.69,2.189,1.885,5134840.77,True
2026-02-05,2026-02-05 08:30:00,2026-02-05 09:00:00,2026-02-05 15:00:00,TICKER_0766.JP,2674.23,2665.01,-0.145,-0.445,-1211440.73,False
2026-02-05,2026-02-05 08:30:00,2026-02-05 09:00:00,2026-02-05 15:00:00,TICKER_0803.JP,2744.33,2849.91,4.055,3.747,10206606.27,True
2026-02-06,2026-02-06 08:30:00,2026-02-06 09:00:00,2026-02-06 15:00:00,TICKER_0541.JP,1550.3,1595.21,3.103,2.797,7731159.9,True
2026-02-06,2026-02-06 08:30:00,2026-02-06 09:00:00,2026-02-06 15:00:00,TICKER_0578.JP,1641.93,1675.99,2.279,1.975,5457441.23,True
2026-02-06,2026-02-06 08:30:00,2026-02-06 09:00:00,2026-02-06 15:00:00,TICKER_0615.JP,1751.84,1769.02,1.183,0.881,2434020.33,True
2026-02-06,2026-02-06 08:30:00,2026-02-06 09:00:00,2026-02-06 15:00:00,TICKER_0652.JP,1798.89,1795.46,0.009,-0.29,-802537.13,False
2026-02-06,2026-02-06 08:30:00,2026-02-06 09:00:00,2026-02-06 15:00:00,TICKER_0689.JP,1910.43,1946.43,2.089,1.785,4932414.24,True
2026-02-06,2026-02-06 08:30:00,2026-02-06 09:00:00,2026-02-06 15:00:00,TICKER_0726.JP,1992.18,2013.38,1.267,0.964,2665498.59,True
2026-02-06,2026-02-06 08:30:00,2026-02-06 09:00:00,2026-02-06 15:00:00,TICKER_0763.JP,2043.16,2007.79,-1.534,-1.831,-5061296.38,False
2026-02-06,2026-02-06 08:30:00,2026-02-06 09:00:00,2026-02-06 15:00:00,TICKER_0800.JP,2130.82,2185.31,2.763,2.457,6792149.75,True
2026-02-06,2026-02-06 08:30:00,2026-02-06 09:00:00,2026-02-06 15:00:00,TICKER_0837.JP,2295.33,2246.18,-1.945,-2.241,-6195009.63,False
2026-02-06,2026-02-06 08:30:00,2026-02-06 09:00:00,2026-02-06 15:00:00,TICKER_0874.JP,2315.36,2416.55,4.579,4.27,11802832.2,True
2026-02-09,2026-02-09 08:30:00,2026-02-09 09:00:00,2026-02-09 15:00:00,TICKER_0504.JP,1524.41,1547.53,1.72,1.417,3955226.56,True
2026-02-09,2026-02-09 08:30:00,2026-02-09 09:00:00,2026-02-09 15:00:00,TICKER_0541.JP,1582.9,1615.28,2.25,1.946,5432874.15,True
2026-02-09,2026-02-09 08:30:00,2026-02-09 09:00:00,2026-02-09 15:00:00,TICKER_0578.JP,1684.01,1743.13,3.717,3.41,9522104.93,True
2026-02-09,2026-02-09 08:30:00,2026-02-09 09:00:00,2026-02-09 15:00:00,TICKER_0615.JP,1788.97,1780.47,-0.276,-0.575,-1605809.16,False
2026-02-09,2026-02-09 08:30:00,2026-02-09 09:00:00,2026-02-09 15:00:00,TICKER_0652.JP,1827.15,1817.27,-0.341,-0.64,-1788212.32,False
2026-02-09,2026-02-09 08:30:00,2026-02-09 09:00:00,2026-02-09 15:00:00,TICKER_0689.JP,1927.61,1974.55,2.641,2.336,6521352.15,True
2026-02-09,2026-02-09 08:30:00,2026-02-09 09:00:00,2026-02-09 15:00:00,TICKER_0726.JP,2040.05,2088.87,2.598,2.293,6402911.91,True
2026-02-09,2026-02-09 08:30:00,2026-02-09 09:00:00,2026-02-09 15:00:00,TICKER_0763.JP,2101.14,2051.98,-2.144,-2.44,-6812524.08,False
2026-02-09,2026-02-09 08:30:00,2026-02-09 09:00:00,2026-02-09 15:00:00,TICKER_0800.JP,2179.87,2194.01,0.85,0.549,1532766.07,True
2026-02-09,2026-02-09 08:30:00,2026-02-09 09:00:00,2026-02-09 15:00:00,TICKER_0837.JP,2253.88,2249.02,-0.016,-0.316,-881659.96,False
2026-02-10,2026-02-10 08:30:00,2026-02-10 09:00:00,2026-02-10 15:00:00,TICKER_0291.JP,1814.95,1867.0,3.074,2.768,7786676.88,True
2026-02-10,2026-02-10 08:30:00,2026-02-10 09:00:00,2026-02-10 15:00:00,TICKER_0328.JP,1876.79,1887.12,0.751,0.45,1266574.58,True
2026-02-10,2026-02-10 08:30:00,2026-02-10 09:00:00,2026-02-10 15:00:00,TICKER_0365.JP,1954.85,1974.61,1.213,0.911,2562548.29,True
2026-02-10,2026-02-10 08:30:00,2026-02-10 09:00:00,2026-02-10 15:00:00,TICKER_0402.JP,2035.62,2029.96,-0.079,-0.378,-1064361.77,False
2026-02-10,2026-02-10 08:30:00,2026-02-10 09:00:00,2026-02-10 15:00:00,TICKER_0439.JP,2108.6,2129.34,1.186,0.884,2486152.57,True
2026-02-10,2026-02-10 08:30:00,2026-02-10 09:00:00,2026-02-10 15:00:00,TICKER_0476.JP,2244.37,2279.06,1.749,1.445,4066708.11,True
2026-02-10,2026-02-10 08:30:00,2026-02-10 09:00:00,2026-02-10 15:00:00,TICKER_0513.JP,2292.5,2289.75,0.08,-0.22,-619096.6,False
2026-02-10,2026-02-10 08:30:00,2026-02-10 09:00:00,2026-02-10 15:00:00,TICKER_0550.JP,2441.78,2482.39,1.866,1.563,4397195.04,True
2026-02-10,2026-02-10 08:30:00,2026-02-10 09:00:00,2026-02-10 15:00:00,TICKER_0587.JP,2495.72,2581.88,3.659,3.352,9430437.81,True
2026-02-10,2026-02-10 08:30:00,2026-02-10 09:00:00,2026-02-10 15:00:00,TICKER_0624.JP,2562.95,2627.55,2.726,2.421,6809811.35,True
2026-02-11,2026-02-11 08:30:00,2026-02-11 09:00:00,2026-02-11 15:00:00,TICKER_0366.JP,1883.86,1876.23,-0.206,-0.505,-1438633.53,False
2026-02-11,2026-02-11 08:30:00,2026-02-11 09:00:00,2026-02-11 15:00:00,TICKER_0403.JP,1965.98,1986.19,1.23,0.928,2643177.88,True
2026-02-11,2026-02-11 08:30:00,2026-02-11 09:00:00,2026-02-11 15:00:00,TICKER_0440.JP,2047.02,2067.32,1.194,0.891,2539480.21,True
2026-02-11,2026-02-11 08:30:00,2026-02-11 09:00:00,2026-02-11 15:00:00,TICKER_0477.JP,2129.68,2121.76,-0.172,-0.472,-1344430.55,False
2026-02-11,2026-02-11 08:30:00,2026-02-11 09:00:00,2026-02-11 15:00:00,TICKER_0514.JP,2223.62,2237.6,0.83,0.529,1505931.49,True
2026-02-11,2026-02-11 08:30:00,2026-02-11 09:00:00,2026-02-11 15:00:00,TICKER_0551.JP,2258.69,2353.99,4.428,4.12,11735237.81,True
2026-02-11,2026-02-11 08:30:00,2026-02-11 09:00:00,2026-02-11 15:00:00,TICKER_0588.JP,2415.46,2366.82,-1.818,-2.114,-6021423.58,False
2026-02-11,2026-02-11 08:30:00,2026-02-11 09:00:00,2026-02-11 15:00:00,TICKER_0625.JP,2469.03,2440.22,-0.969,-1.267,-3608734.58,False
2026-02-11,2026-02-11 08:30:00,2026-02-11 09:00:00,2026-02-11 15:00:00,TICKER_0662.JP,2553.81,2642.84,3.693,3.386,9646335.65,True
2026-02-11,2026-02-11 08:30:00,2026-02-11 09:00:00,2026-02-11 15:00:00,TICKER_0699.JP,2634.77,2681.95,1.994,1.69,4815378.37,True
2026-02-12,2026-02-12 08:30:00,2026-02-12 09:00:00,2026-02-12 15:00:00,TICKER_0168.JP,1664.95,1744.75,5.003,4.693,13459790.48,True
2026-02-12,2026-02-12 08:30:00,2026-02-12 09:00:00,2026-02-12 15:00:00,TICKER_0205.JP,1740.42,1714.84,-1.272,-1.569,-4501437.78,False
2026-02-12,2026-02-12 08:30:00,2026-02-12 09:00:00,2026-02-12 15:00:00,TICKER_0242.JP,1833.34,1820.67,-0.492,-0.791,-2269539.64,False
2026-02-12,2026-02-12 08:30:00,2026-02-12 09:00:00,2026-02-12 15:00:00,TICKER_0279.JP,1947.05,2006.17,3.243,2.937,8422848.33,True
2026-02-12,2026-02-12 08:30:00,2026-02-12 09:00:00,2026-02-12 15:00:00,TICKER_0316.JP,1999.91,2045.41,2.48,2.175,6239067.88,True
2026-02-12,2026-02-12 08:30:00,2026-02-12 09:00:00,2026-02-12 15:00:00,TICKER_0353.JP,2109.84,2180.05,3.535,3.228,9257477.33,True
2026-02-12,2026-02-12 08:30:00,2026-02-12 09:00:00,2026-02-12 15:00:00,TICKER_0390.JP,2202.44,2292.12,4.28,3.972,11391023.56,True
2026-02-12,2026-02-12 08:30:00,2026-02-12 09:00:00,2026-02-12 15:00:00,TICKER_0427.JP,2256.82,2340.86,3.931,3.623,10392456.48,True
2026-02-12,2026-02-12 08:30:00,2026-02-12 09:00:00,2026-02-12 15:00:00,TICKER_0464.JP,2320.11,2369.91,2.351,2.046,5869407.08,True
2026-02-12,2026-02-12 08:30:00,2026-02-12 09:00:00,2026-02-12 15:00:00,TICKER_0501.JP,2448.27,2452.51,0.374,0.073,209806.63,True
2026-02-13,2026-02-13 08:30:00,2026-02-13 09:00:00,2026-02-13 15:00:00,TICKER_0324.JP,1829.12,1803.08,-1.226,-1.524,-4454915.8,False
2026-02-13,2026-02-13 08:30:00,2026-02-13 09:00:00,2026-02-13 15:00:00,TICKER_0361.JP,1876.86,1913.28,2.145,1.84,5380843.42,True
2026-02-13,2026-02-13 08:30:00,2026-02-13 09:00:00,2026-02-13 15:00:00,TICKER_0398.JP,2007.54,2027.05,1.174,0.872,2549727.19,True
2026-02-13,2026-02-13 08:30:00,2026-02-13 09:00:00,2026-02-13 15:00:00,TICKER_0435.JP,2085.43,2149.36,3.272,2.965,8669521.6,True
2026-02-13,2026-02-13 08:30:00,2026-02-13 09:00:00,2026-02-13 15:00:00,TICKER_0472.JP,2190.73,2312.54,5.771,5.46,15963359.92,True
2026-02-13,2026-02-13 08:30:00,2026-02-13 09:00:00,2026-02-13 15:00:00,TICKER_0509.JP,2271.25,2260.87,-0.258,-0.557,-1628790.06,False
2026-02-13,2026-02-13 08:30:00,2026-02-13 09:00:00,2026-02-13 15:00:00,TICKER_0546.JP,2325.52,2307.78,-0.564,-0.863,-2523045.26,False
2026-02-13,2026-02-13 08:30:00,2026-02-13 09:00:00,2026-02-13 15:00:00,TICKER_0583.JP,2403.79,2444.05,1.878,1.575,4604564.63,True
2026-02-13,2026-02-13 08:30:00,2026-02-13 09:00:00,2026-02-13 15:00:00,TICKER_0620.JP,2543.22,2537.09,-0.041,-0.341,-997093.53,False
2026-02-13,2026-02-13 08:30:00,2026-02-13 09:00:00,2026-02-13 15:00:00,TICKER_0657.JP,2591.5,2636.0,1.921,1.617,4728250.89,True
2026-02-16,2026-02-16 08:30:00,2026-02-16 09:00:00,2026-02-16 15:00:00,TICKER_0344.JP,1865.32,1879.59,0.966,0.665,1963884.75,True
2026-02-16,2026-02-16 08:30:00,2026-02-16 09:00:00,2026-02-16 15:00:00,TICKER_0381.JP,1908.62,1932.22,1.439,1.136,3357443.01,True
2026-02-16,2026-02-16 08:30:00,2026-02-16 09:00:00,2026-02-16 15:00:00,TICKER_0418.JP,2018.05,2035.01,1.043,0.741,2188440.56,True
2026-02-16,2026-02-16 08:30:00,2026-02-16 09:00:00,2026-02-16 15:00:00,TICKER_0455.JP,2086.49,2128.52,2.218,1.914,5654982.62,True
2026-02-16,2026-02-16 08:30:00,2026-02-16 09:00:00,2026-02-16 15:00:00,TICKER_0492.JP,2181.39,2238.22,2.811,2.505,7401264.59,True
2026-02-16,2026-02-16 08:30:00,2026-02-16 09:00:00,2026-02-16 15:00:00,TICKER_0529.JP,2288.53,2230.58,-2.337,-2.632,-7776227.08,False
2026-02-16,2026-02-16 08:30:00,2026-02-16 09:00:00,2026-02-16 15:00:00,TICKER_0566.JP,2335.58,2406.7,3.251,2.945,8700358.5,True
2026-02-16,2026-02-16 08:30:00,2026-02-16 09:00:00,2026-02-16 15:00:00,TICKER_0603.JP,2432.07,2524.44,4.006,3.698,10925481.71,True
2026-02-16,2026-02-16 08:30:00,2026-02-16 09:00:00,2026-02-16 15:00:00,TICKER_0640.JP,2546.57,2571.67,1.187,0.885,2615497.32,True
2026-02-16,2026-02-16 08:30:00,2026-02-16 09:00:00,2026-02-16 15:00:00,TICKER_0677.JP,2634.12,2573.61,-2.101,-2.397,-7081716.05,False
2026-02-17,2026-02-17 08:30:00,2026-02-17 09:00:00,2026-02-17 15:00:00,TICKER_0182.JP,1702.03,1765.61,3.943,3.636,10837471.3,True
2026-02-17,2026-02-17 08:30:00,2026-02-17 09:00:00,2026-02-17 15:00:00,TICKER_0219.JP,1775.41,1770.59,-0.072,-0.372,-1108359.18,False
2026-02-17,2026-02-17 08:30:00,2026-02-17 09:00:00,2026-02-17 15:00:00,TICKER_0256.JP,1892.63,1873.8,-0.797,-1.095,-3263225.55,False
2026-02-17,2026-02-17 08:30:00,2026-02-17 09:00:00,2026-02-17 15:00:00,TICKER_0293.JP,1928.27,1966.88,2.207,1.903,5671303.71,True
2026-02-17,2026-02-17 08:30:00,2026-02-17 09:00:00,2026-02-17 15:00:00,TICKER_0330.JP,2035.17,2073.64,2.094,1.79,5336691.08,True
2026-02-17,2026-02-17 08:30:00,2026-02-17 09:00:00,2026-02-17 15:00:00,TICKER_0367.JP,2090.32,2127.84,1.999,1.695,5052659.53,True
2026-02-17,2026-02-17 08:30:00,2026-02-17 09:00:00,2026-02-17 15:00:00,TICKER_0404.JP,2204.88,2288.95,4.021,3.713,11067148.42,True
2026-02-17,2026-02-17 08:30:00,2026-02-17 09:00:00,2026-02-17 15:00:00,TICKER_0441.JP,2314.49,2356.73,2.029,1.725,5141904.95,True
2026-02-17,2026-02-17 08:30:00,2026-02-17 09:00:00,2026-02-17 15:00:00,TICKER_0478.JP,2386.3,2461.49,3.357,3.051,9093348.84,True
2026-02-17,2026-02-17 08:30:00,2026-02-17 09:00:00,2026-02-17 15:00:00,TICKER_0515.JP,2470.69,2542.72,3.122,2.816,8393074.98,True
2026-02-18,2026-02-18 08:30:00,2026-02-18 09:00:00,2026-02-18 15:00:00,TICKER_0840.JP,1844.42,1873.01,1.753,1.45,4398719.53,True
2026-02-18,2026-02-18 08:30:00,2026-02-18 09:00:00,2026-02-18 15:00:00,TICKER_0877.JP,1904.9,1947.87,2.46,2.156,6540727.24,True
2026-02-18,2026-02-18 08:30:00,2026-02-18 09:00:00,2026-02-18 15:00:00,TICKER_0914.JP,2018.18,2082.71,3.404,3.097,9398366.44,True
2026-02-18,2026-02-18 08:30:00,2026-02-18 09:00:00,2026-02-18 15:00:00,TICKER_0951.JP,2120.13,2186.5,3.337,3.031,9195775.59,True
2026-02-18,2026-02-18 08:30:00,2026-02-18 09:00:00,2026-02-18 15:00:00,TICKER_0988.JP,2198.78,2231.09,1.673,1.369,4155321.36,True
2026-02-18,2026-02-18 08:30:00,2026-02-18 09:00:00,2026-02-18 15:00:00,TICKER_1025.JP,2287.0,2267.9,-0.637,-0.935,-2838167.79,False
2026-02-18,2026-02-18 08:30:00,2026-02-18 09:00:00,2026-02-18 15:00:00,TICKER_1062.JP,2398.1,2422.12,1.204,0.902,2735763.09,True
2026-02-18,2026-02-18 08:30:00,2026-02-18 09:00:00,2026-02-18 15:00:00,TICKER_1099.JP,2477.03,2488.65,0.67,0.369,1119283.37,True
2026-02-18,2026-02-18 08:30:00,2026-02-18 09:00:00,2026-02-18 15:00:00,TICKER_1136.JP,2530.56,2610.69,3.373,3.066,9304450.49,True
2026-02-18,2026-02-18 08:30:00,2026-02-18 09:00:00,2026-02-18 15:00:00,TICKER_1173.JP,2608.4,2634.43,1.2,0.898,2725407.18,True
2026-02-19,2026-02-19 08:30:00,2026-02-19 09:00:00,2026-02-19 15:00:00,TICKER_0416.JP,1897.69,1860.78,-1.749,-2.045,-6295648.58,False
2026-02-19,2026-02-19 08:30:00,2026-02-19 09:00:00,2026-02-19 15:00:00,TICKER_0453.JP,2015.63,2029.75,0.902,0.6,1847997.1,True
2026-02-19,2026-02-19 08:30:00,2026-02-19 09:00:00,2026-02-19 15:00:00,TICKER_0490.JP,2128.6,2168.87,2.096,1.792,5516914.99,True
2026-02-19,2026-02-19 08:30:00,2026-02-19 09:00:00,2026-02-19 15:00:00,TICKER_0527.JP,2183.01,2237.34,2.694,2.389,7354184.85,True
2026-02-19,2026-02-19 08:30:00,2026-02-19 09:00:00,2026-02-19 15:00:00,TICKER_0564.JP,2265.06,2205.03,-2.455,-2.75,-8467169.77,False
2026-02-19,2026-02-19 08:30:00,2026-02-19 09:00:00,2026-02-19 15:00:00,TICKER_0601.JP,2362.78,2429.78,3.041,2.736,8421825.53,True
2026-02-19,2026-02-19 08:30:00,2026-02-19 09:00:00,2026-02-19 15:00:00,TICKER_0638.JP,2428.99,2481.34,2.36,2.055,6327316.86,True
2026-02-19,2026-02-19 08:30:00,2026-02-19 09:00:00,2026-02-19 15:00:00,TICKER_0675.JP,2495.1,2531.05,1.644,1.341,4127200.21,True
2026-02-19,2026-02-19 08:30:00,2026-02-19 09:00:00,2026-02-19 15:00:00,TICKER_0712.JP,2573.51,2489.67,-3.064,-3.358,-10337983.14,False
2026-02-19,2026-02-19 08:30:00,2026-02-19 09:00:00,2026-02-19 15:00:00,TICKER_0749.JP,2670.88,2671.84,0.236,-0.064,-197523.84,False
2026-02-20,2026-02-20 08:30:00,2026-02-20 09:00:00,2026-02-20 15:00:00,TICKER_0862.JP,1845.67,1827.77,-0.772,-1.07,-3302687.92,False
2026-02-20,2026-02-20 08:30:00,2026-02-20 09:00:00,2026-02-20 15:00:00,TICKER_0899.JP,1953.69,2007.13,2.941,2.635,8133985.4,True
2026-02-20,2026-02-20 08:30:00,2026-02-20 09:00:00,2026-02-20 15:00:00,TICKER_0936.JP,2083.06,2069.03,-0.475,-0.774,-2387851.0,False
2026-02-20,2026-02-20 08:30:00,2026-02-20 09:00:00,2026-02-20 15:00:00,TICKER_0973.JP,2146.03,2149.12,0.344,0.044,135025.08,True
2026-02-20,2026-02-20 08:30:00,2026-02-20 09:00:00,2026-02-20 15:00:00,TICKER_1010.JP,2231.44,2171.41,-2.496,-2.79,-8612488.5,False
2026-02-20,2026-02-20 08:30:00,2026-02-20 09:00:00,2026-02-20 15:00:00,TICKER_1047.JP,2297.33,2408.05,5.03,4.72,14567694.91,True
2026-02-20,2026-02-20 08:30:00,2026-02-20 09:00:00,2026-02-20 15:00:00,TICKER_1084.JP,2345.33,2332.88,-0.332,-0.631,-1946896.14,False
2026-02-20,2026-02-20 08:30:00,2026-02-20 09:00:00,2026-02-20 15:00:00,TICKER_1121.JP,2461.34,2363.06,-3.801,-4.093,-12632429.27,False
2026-02-20,2026-02-20 08:30:00,2026-02-20 09:00:00,2026-02-20 15:00:00,TICKER_1158.JP,2543.23,2562.52,0.96,0.659,2032964.55,True
2026-02-20,2026-02-20 08:30:00,2026-02-20 09:00:00,2026-02-20 15:00:00,TICKER_1195.JP,2628.38,2638.42,0.583,0.282,870738.85,True
2026-02-23,2026-02-23 08:30:00,2026-02-23 09:00:00,2026-02-23 15:00:00,TICKER_0138.JP,1651.99,1661.39,0.77,0.469,1445597.89,True
2026-02-23,2026-02-23 08:30:00,2026-02-23 09:00:00,2026-02-23 15:00:00,TICKER_0175.JP,1723.88,1758.46,2.21,1.906,5876681.12,True
2026-02-23,2026-02-23 08:30:00,2026-02-23 09:00:00,2026-02-23 15:00:00,TICKER_0212.JP,1836.83,1832.99,-0.01,-0.31,-954644.44,False
2026-02-23,2026-02-23 08:30:00,2026-02-23 09:00:00,2026-02-23 15:00:00,TICKER_0249.JP,1883.79,1909.24,1.554,1.251,3857050.26,True
2026-02-23,2026-02-23 08:30:00,2026-02-23 09:00:00,2026-02-23 15:00:00,TICKER_0286.JP,2027.89,2005.12,-0.925,-1.222,-3769669.51,False
2026-02-23,2026-02-23 08:30:00,2026-02-23 09:00:00,2026-02-23 15:00:00,TICKER_0323.JP,2126.6,2153.19,1.453,1.15,3547218.53,True
2026-02-23,2026-02-23 08:30:00,2026-02-23 09:00:00,2026-02-23 15:00:00,TICKER_0360.JP,2169.33,2145.92,-0.881,-1.179,-3635280.96,False
2026-02-23,2026-02-23 08:30:00,2026-02-23 09:00:00,2026-02-23 15:00:00,TICKER_0397.JP,2270.17,2273.34,0.34,0.04,123104.72,True
2026-02-23,2026-02-23 08:30:00,2026-02-23 09:00:00,2026-02-23 15:00:00,TICKER_0434.JP,2327.22,2377.56,2.367,2.063,6361061.36,True
2026-02-23,2026-02-23 08:30:00,2026-02-23 09:00:00,2026-02-23 15:00:00,TICKER_0471.JP,2401.2,2404.38,0.333,0.033,100578.62,True
2026-02-24,2026-02-24 08:30:00,2026-02-24 09:00:00,2026-02-24 15:00:00,TICKER_0059.JP,1547.57,1579.51,2.268,1.964,6080537.64,True
2026-02-24,2026-02-24 08:30:00,2026-02-24 09:00:00,2026-02-24 15:00:00,TICKER_0096.JP,1640.47,1593.45,-2.671,-2.966,-9182016.56,False
2026-02-24,2026-02-24 08:30:00,2026-02-24 09:00:00,2026-02-24 15:00:00,TICKER_0133.JP,1716.33,1747.22,2.003,1.7,5261626.05,True
2026-02-24,2026-02-24 08:30:00,2026-02-24 09:00:00,2026-02-24 15:00:00,TICKER_0170.JP,1824.23,1874.59,2.966,2.661,8237134.29,True
2026-02-24,2026-02-24 08:30:00,2026-02-24 09:00:00,2026-02-24 15:00:00,TICKER_0207.JP,1904.28,1975.15,3.929,3.622,11212162.57,True
2026-02-24,2026-02-24 08:30:00,2026-02-24 09:00:00,2026-02-24 15:00:00,TICKER_0244.JP,2004.84,2013.98,0.657,0.356,1101991.38,True
2026-02-24,2026-02-24 08:30:00,2026-02-24 09:00:00,2026-02-24 15:00:00,TICKER_0281.JP,2095.35,2126.06,1.669,1.366,4227596.39,True
2026-02-24,2026-02-24 08:30:00,2026-02-24 09:00:00,2026-02-24 15:00:00,TICKER_0318.JP,2178.3,2211.21,1.714,1.411,4367778.56,True
2026-02-24,2026-02-24 08:30:00,2026-02-24 09:00:00,2026-02-24 15:00:00,TICKER_0355.JP,2250.6,2326.18,3.565,3.258,10087490.33,True
2026-02-24,2026-02-24 08:30:00,2026-02-24 09:00:00,2026-02-24 15:00:00,TICKER_0392.JP,2339.3,2412.62,3.341,3.035,9394815.92,True
2026-02-25,2026-02-25 08:30:00,2026-02-25 09:00:00,2026-02-25 15:00:00,TICKER_0422.JP,1948.61,1988.25,2.239,1.934,6082112.41,True
2026-02-25,2026-02-25 08:30:00,2026-02-25 09:00:00,2026-02-25 15:00:00,TICKER_0459.JP,1990.94,2006.75,0.996,0.694,2182696.09,True
2026-02-25,2026-02-25 08:30:00,2026-02-25 09:00:00,2026-02-25 15:00:00,TICKER_0496.JP,2084.03,2178.65,4.749,4.44,13960271.58,True
2026-02-25,2026-02-25 08:30:00,2026-02-25 09:00:00,2026-02-25 15:00:00,TICKER_0533.JP,2174.15,2204.8,1.613,1.31,4118156.87,True
2026-02-25,2026-02-25 08:30:00,2026-02-25 09:00:00,2026-02-25 15:00:00,TICKER_0570.JP,2256.38,2261.62,0.433,0.132,414632.26,True
2026-02-25,2026-02-25 08:30:00,2026-02-25 09:00:00,2026-02-25 15:00:00,TICKER_0607.JP,2352.03,2387.79,1.724,1.42,4465908.58,True
2026-02-25,2026-02-25 08:30:00,2026-02-25 09:00:00,2026-02-25 15:00:00,TICKER_0644.JP,2451.62,2492.02,1.851,1.548,4866299.55,True
2026-02-25,2026-02-25 08:30:00,2026-02-25 09:00:00,2026-02-25 15:00:00,TICKER_0681.JP,2518.47,2495.67,-0.707,-1.005,-3160102.33,False
2026-02-25,2026-02-25 08:30:00,2026-02-25 09:00:00,2026-02-25 15:00:00,TICKER_0718.JP,2625.91,2665.92,1.727,1.424,4475950.43,True
2026-02-25,2026-02-25 08:30:00,2026-02-25 09:00:00,2026-02-25 15:00:00,TICKER_0755.JP,2711.19,2749.4,1.612,1.309,4116680.01,True
2026-02-26,2026-02-26 08:30:00,2026-02-26 09:00:00,2026-02-26 15:00:00,TICKER_0913.JP,1901.16,1905.95,0.453,0.152,484231.85,True
2026-02-26,2026-02-26 08:30:00,2026-02-26 09:00:00,2026-02-26 15:00:00,TICKER_0950.JP,2012.83,2012.38,0.178,-0.123,-390355.74,False
2026-02-26,2026-02-26 08:30:00,2026-02-26 09:00:00,2026-02-26 15:00:00,TICKER_0987.JP,2145.85,2166.88,1.182,0.88,2801233.24,True
2026-02-26,2026-02-26 08:30:00,2026-02-26 09:00:00,2026-02-26 15:00:00,TICKER_1024.JP,2175.76,2198.27,1.237,0.934,2974712.15,True
2026-02-26,2026-02-26 08:30:00,2026-02-26 09:00:00,2026-02-26 15:00:00,TICKER_1061.JP,2274.6,2271.4,0.059,-0.241,-767075.86,False
2026-02-26,2026-02-26 08:30:00,2026-02-26 09:00:00,2026-02-26 15:00:00,TICKER_1098.JP,2333.02,2339.57,0.481,0.181,575083.01,True
2026-02-26,2026-02-26 08:30:00,2026-02-26 09:00:00,2026-02-26 15:00:00,TICKER_1135.JP,2392.49,2408.4,0.866,0.565,1798592.65,True
2026-02-26,2026-02-26 08:30:00,2026-02-26 09:00:00,2026-02-26 15:00:00,TICKER_1172.JP,2483.16,2605.66,5.143,4.833,15387096.11,True
2026-02-26,2026-02-26 08:30:00,2026-02-26 09:00:00,2026-02-26 15:00:00,TICKER_1209.JP,2648.53,2639.51,-0.141,-0.44,-1402342.02,False
2026-02-26,2026-02-26 08:30:00,2026-02-26 09:00:00,2026-02-26 15:00:00,TICKER_1246.JP,2721.74,2732.88,0.611,0.309,985298.55,True
2026-02-27,2026-02-27 08:30:00,2026-02-27 09:00:00,2026-02-27 15:00:00,TICKER_0375.JP,1897.92,1916.03,1.157,0.855,2738660.14,True
2026-02-27,2026-02-27 08:30:00,2026-02-27 09:00:00,2026-02-27 15:00:00,TICKER_0412.JP,1968.36,1956.87,-0.384,-0.683,-2190527.95,False
2026-02-27,2026-02-27 08:30:00,2026-02-27 09:00:00,2026-02-27 15:00:00,TICKER_0449.JP,2053.05,2126.52,3.786,3.479,11148552.09,True
2026-02-27,2026-02-27 08:30:00,2026-02-27 09:00:00,2026-02-27 15:00:00,TICKER_0486.JP,2137.2,2129.86,-0.144,-0.443,-1420742.06,False
2026-02-27,2026-02-27 08:30:00,2026-02-27 09:00:00,2026-02-27 15:00:00,TICKER_0523.JP,2223.71,2185.58,-1.518,-1.815,-5815832.16,False
2026-02-27,2026-02-27 08:30:00,2026-02-27 09:00:00,2026-02-27 15:00:00,TICKER_0560.JP,2307.47,2357.97,2.393,2.089,6694220.94,True
2026-02-27,2026-02-27 08:30:00,2026-02-27 09:00:00,2026-02-27 15:00:00,TICKER_0597.JP,2380.9,2436.82,2.554,2.249,7207140.44,True
2026-02-27,2026-02-27 08:30:00,2026-02-27 09:00:00,2026-02-27 15:00:00,TICKER_0634.JP,2490.56,2613.95,5.165,4.855,15558282.81,True
2026-02-27,2026-02-27 08:30:00,2026-02-27 09:00:00,2026-02-27 15:00:00,TICKER_0671.JP,2582.55,2665.21,3.407,3.101,9937747.22,True
2026-02-27,2026-02-27 08:30:00,2026-02-27 09:00:00,2026-02-27 15:00:00,TICKER_0708.JP,2662.21,2797.47,5.291,4.981,15962812.92,True
2026-03-02,2026-03-02 08:30:00,2026-03-02 09:00:00,2026-03-02 15:00:00,TICKER_0793.JP,1843.1,1896.4,3.098,2.792,9106391.89,True
2026-03-02,2026-03-02 08:30:00,2026-03-02 09:00:00,2026-03-02 15:00:00,TICKER_0830.JP,1903.92,1865.1,-1.843,-2.139,-6976504.51,False
2026-03-02,2026-03-02 08:30:00,2026-03-02 09:00:00,2026-03-02 15:00:00,TICKER_0867.JP,1995.52,2005.81,0.717,0.416,1355531.6,True
2026-03-02,2026-03-02 08:30:00,2026-03-02 09:00:00,2026-03-02 15:00:00,TICKER_0904.JP,2039.18,2078.87,2.151,1.846,6022679.6,True
2026-03-02,2026-03-02 08:30:00,2026-03-02 09:00:00,2026-03-02 15:00:00,TICKER_0941.JP,2142.08,2126.65,-0.522,-0.82,-2675494.55,False
2026-03-02,2026-03-02 08:30:00,2026-03-02 09:00:00,2026-03-02 15:00:00,TICKER_0978.JP,2206.12,2233.46,1.442,1.139,3716073.9,True
2026-03-02,2026-03-02 08:30:00,2026-03-02 09:00:00,2026-03-02 15:00:00,TICKER_1015.JP,2308.25,2297.33,-0.274,-0.573,-1868628.32,False
2026-03-02,2026-03-02 08:30:00,2026-03-02 09:00:00,2026-03-02 15:00:00,TICKER_1052.JP,2361.63,2299.47,-2.437,-2.732,-8911459.0,False
2026-03-02,2026-03-02 08:30:00,2026-03-02 09:00:00,2026-03-02 15:00:00,TICKER_1089.JP,2472.7,2425.37,-1.718,-2.014,-6569199.51,False
2026-03-02,2026-03-02 08:30:00,2026-03-02 09:00:00,2026-03-02 15:00:00,TICKER_1126.JP,2534.07,2576.09,1.862,1.558,5082406.33,True
2026-03-03,2026-03-03 08:30:00,2026-03-03 09:00:00,2026-03-03 15:00:00,TICKER_0956.JP,1937.11,2019.95,4.485,4.177,13616234.82,True
2026-03-03,2026-03-03 08:30:00,2026-03-03 09:00:00,2026-03-03 15:00:00,TICKER_0993.JP,2029.37,2033.55,0.407,0.106,346626.49,True
2026-03-03,2026-03-03 08:30:00,2026-03-03 09:00:00,2026-03-03 15:00:00,TICKER_1030.JP,2125.26,2176.35,2.609,2.304,7510809.06,True
2026-03-03,2026-03-03 08:30:00,2026-03-03 09:00:00,2026-03-03 15:00:00,TICKER_1067.JP,2217.79,2242.35,1.31,1.007,3284236.1,True
2026-03-03,2026-03-03 08:30:00,2026-03-03 09:00:00,2026-03-03 15:00:00,TICKER_1104.JP,2297.97,2333.12,1.733,1.43,4661941.22,True
2026-03-03,2026-03-03 08:30:00,2026-03-03 09:00:00,2026-03-03 15:00:00,TICKER_1141.JP,2395.2,2422.95,1.361,1.059,3451275.82,True
2026-03-03,2026-03-03 08:30:00,2026-03-03 09:00:00,2026-03-03 15:00:00,TICKER_1178.JP,2482.03,2599.34,4.936,4.626,15082242.68,True
2026-03-03,2026-03-03 08:30:00,2026-03-03 09:00:00,2026-03-03 15:00:00,TICKER_1215.JP,2570.11,2586.74,0.849,0.547,1783849.43,True
2026-03-03,2026-03-03 08:30:00,2026-03-03 09:00:00,2026-03-03 15:00:00,TICKER_1252.JP,2646.82,2838.76,7.466,7.151,23314570.62,True
2026-03-03,2026-03-03 08:30:00,2026-03-03 09:00:00,2026-03-03 15:00:00,TICKER_1289.JP,2745.26,2776.88,1.354,1.052,3428721.36,True
2026-03-04,2026-03-04 08:30:00,2026-03-04 09:00:00,2026-03-04 15:00:00,TICKER_0332.JP,1865.04,1888.95,1.485,1.182,3938625.06,True
2026-03-04,2026-03-04 08:30:00,2026-03-04 09:00:00,2026-03-04 15:00:00,TICKER_0369.JP,1925.26,1977.87,2.938,2.632,8773304.43,True
2026-03-04,2026-03-04 08:30:00,2026-03-04 09:00:00,2026-03-04 15:00:00,TICKER_0406.JP,1996.93,2041.21,2.422,2.117,7055404.18,True
2026-03-04,2026-03-04 08:30:00,2026-03-04 09:00:00,2026-03-04 15:00:00,TICKER_0443.JP,2108.36,2110.29,0.292,-0.008,-27980.02,False
2026-03-04,2026-03-04 08:30:00,2026-03-04 09:00:00,2026-03-04 15:00:00,TICKER_0480.JP,2176.54,2173.21,0.047,-0.253,-843133.16,False
2026-03-04,2026-03-04 08:30:00,2026-03-04 09:00:00,2026-03-04 15:00:00,TICKER_0517.JP,2303.62,2325.53,1.153,0.851,2836664.29,True
2026-03-04,2026-03-04 08:30:00,2026-03-04 09:00:00,2026-03-04 15:00:00,TICKER_0554.JP,2341.48,2359.3,0.963,0.661,2203028.92,True
2026-03-04,2026-03-04 08:30:00,2026-03-04 09:00:00,2026-03-04 15:00:00,TICKER_0591.JP,2449.91,2520.37,3.082,2.776,9251772.22,True
2026-03-04,2026-03-04 08:30:00,2026-03-04 09:00:00,2026-03-04 15:00:00,TICKER_0628.JP,2540.58,2599.37,2.519,2.214,7378854.18,True
2026-03-04,2026-03-04 08:30:00,2026-03-04 09:00:00,2026-03-04 15:00:00,TICKER_0665.JP,2649.78,2733.92,3.382,3.076,10250209.3,True
2026-03-05,2026-03-05 08:30:00,2026-03-05 09:00:00,2026-03-05 15:00:00,TICKER_0759.JP,1753.3,1782.35,1.86,1.557,5262745.38,True
2026-03-05,2026-03-05 08:30:00,2026-03-05 09:00:00,2026-03-05 15:00:00,TICKER_0796.JP,1844.14,1883.48,2.338,2.033,6874879.36,True
2026-03-05,2026-03-05 08:30:00,2026-03-05 09:00:00,2026-03-05 15:00:00,TICKER_0833.JP,1969.89,1933.32,-1.66,-1.956,-6613651.45,False
2026-03-05,2026-03-05 08:30:00,2026-03-05 09:00:00,2026-03-05 15:00:00,TICKER_0870.JP,2018.91,2033.93,0.946,0.644,2178468.34,True
2026-03-05,2026-03-05 08:30:00,2026-03-05 09:00:00,2026-03-05 15:00:00,TICKER_0907.JP,2081.48,2131.87,2.626,2.321,7846397.14,True
2026-03-05,2026-03-05 08:30:00,2026-03-05 09:00:00,2026-03-05 15:00:00,TICKER_0944.JP,2148.46,2129.97,-0.662,-0.961,-3247629.34,False
2026-03-05,2026-03-05 08:30:00,2026-03-05 09:00:00,2026-03-05 15:00:00,TICKER_0981.JP,2276.43,2268.23,-0.161,-0.46,-1556685.07,False
2026-03-05,2026-03-05 08:30:00,2026-03-05 09:00:00,2026-03-05 15:00:00,TICKER_1018.JP,2378.4,2398.67,1.054,0.752,2543811.76,True
2026-03-05,2026-03-05 08:30:00,2026-03-05 09:00:00,2026-03-05 15:00:00,TICKER_1055.JP,2452.17,2539.4,3.765,3.457,11688869.25,True
2026-03-05,2026-03-05 08:30:00,2026-03-05 09:00:00,2026-03-05 15:00:00,TICKER_1092.JP,2576.51,2573.52,0.084,-0.216,-730471.3,False
2026-03-06,2026-03-06 08:30:00,2026-03-06 09:00:00,2026-03-06 15:00:00,TICKER_0217.JP,1720.78,1776.08,3.42,3.114,10599715.79,True
2026-03-06,2026-03-06 08:30:00,2026-03-06 09:00:00,2026-03-06 15:00:00,TICKER_0254.JP,1770.38,1788.86,1.246,0.944,3213051.32,True
2026-03-06,2026-03-06 08:30:00,2026-03-06 09:00:00,2026-03-06 15:00:00,TICKER_0291.JP,1884.16,1911.6,1.659,1.356,4616059.36,True
2026-03-06,2026-03-06 08:30:00,2026-03-06 09:00:00,2026-03-06 15:00:00,TICKER_0328.JP,1974.88,2076.37,5.349,5.039,17152986.5,True
2026-03-06,2026-03-06 08:30:00,2026-03-06 09:00:00,2026-03-06 15:00:00,TICKER_0365.JP,2070.83,2063.75,-0.142,-0.442,-1503338.94,False
2026-03-06,2026-03-06 08:30:00,2026-03-06 09:00:00,2026-03-06 15:00:00,TICKER_0402.JP,2132.65,2071.1,-2.692,-2.986,-10165402.42,False
2026-03-06,2026-03-06 08:30:00,2026-03-06 09:00:00,2026-03-06 15:00:00,TICKER_0439.JP,2238.5,2253.31,0.863,0.562,1912982.42,True
2026-03-06,2026-03-06 08:30:00,2026-03-06 09:00:00,2026-03-06 15:00:00,TICKER_0476.JP,2332.74,2261.16,-2.875,-3.169,-10786321.72,False
2026-03-06,2026-03-06 08:30:00,2026-03-06 09:00:00,2026-03-06 15:00:00,TICKER_0513.JP,2434.8,2453.07,0.952,0.65,2214192.3,True
2026-03-06,2026-03-06 08:30:00,2026-03-06 09:00:00,2026-03-06 15:00:00,TICKER_0550.JP,2516.87,2521.28,0.375,0.075,254941.11,True
2026-03-09,2026-03-09 08:30:00,2026-03-09 09:00:00,2026-03-09 15:00:00,TICKER_0365.JP,1878.92,1896.11,1.117,0.815,2788390.56,True
2026-03-09,2026-03-09 08:30:00,2026-03-09 09:00:00,2026-03-09 15:00:00,TICKER_0402.JP,1940.01,1942.06,0.306,0.006,19029.22,True
2026-03-09,2026-03-09 08:30:00,2026-03-09 09:00:00,2026-03-09 15:00:00,TICKER_0439.JP,2043.81,2084.4,2.19,1.886,6451713.34,True
2026-03-09,2026-03-09 08:30:00,2026-03-09 09:00:00,2026-03-09 15:00:00,TICKER_0476.JP,2117.59,2153.99,1.923,1.619,5539257.01,True
2026-03-09,2026-03-09 08:30:00,2026-03-09 09:00:00,2026-03-09 15:00:00,TICKER_0513.JP,2209.28,2322.7,5.345,5.034,17220360.74,True
2026-03-09,2026-03-09 08:30:00,2026-03-09 09:00:00,2026-03-09 15:00:00,TICKER_0550.JP,2298.81,2359.63,2.851,2.546,8708368.63,True
2026-03-09,2026-03-09 08:30:00,2026-03-09 09:00:00,2026-03-09 15:00:00,TICKER_0587.JP,2415.16,2400.87,-0.393,-0.692,-2366877.08,False
2026-03-09,2026-03-09 08:30:00,2026-03-09 09:00:00,2026-03-09 15:00:00,TICKER_0624.JP,2466.05,2558.58,3.96,3.652,12492247.23,True
2026-03-09,2026-03-09 08:30:00,2026-03-09 09:00:00,2026-03-09 15:00:00,TICKER_0661.JP,2532.43,2432.66,-3.747,-4.039,-13817905.14,False
2026-03-09,2026-03-09 08:30:00,2026-03-09 09:00:00,2026-03-09 15:00:00,TICKER_0698.JP,2622.18,2741.4,4.756,4.446,15209997.39,True
2026-03-10,2026-03-10 08:30:00,2026-03-10 09:00:00,2026-03-10 15:00:00,TICKER_0460.JP,1932.65,1939.39,0.55,0.249,862855.49,True
2026-03-10,2026-03-10 08:30:00,2026-03-10 09:00:00,2026-03-10 15:00:00,TICKER_0497.JP,2067.06,2112.28,2.392,2.087,7243236.95,True
2026-03-10,2026-03-10 08:30:00,2026-03-10 09:00:00,2026-03-10 15:00:00,TICKER_0534.JP,2152.38,2285.46,6.396,6.083,21110084.79,True
2026-03-10,2026-03-10 08:30:00,2026-03-10 09:00:00,2026-03-10 15:00:00,TICKER_0571.JP,2250.28,2230.31,-0.689,-0.987,-3426852.79,False
2026-03-10,2026-03-10 08:30:00,2026-03-10 09:00:00,2026-03-10 15:00:00,TICKER_0608.JP,2293.32,2266.75,-0.961,-1.259,-4367703.99,False
2026-03-10,2026-03-10 08:30:00,2026-03-10 09:00:00,2026-03-10 15:00:00,TICKER_0645.JP,2396.2,2437.86,1.942,1.638,5685832.59,True
2026-03-10,2026-03-10 08:30:00,2026-03-10 09:00:00,2026-03-10 15:00:00,TICKER_0682.JP,2480.04,2420.4,-2.209,-2.505,-8692548.19,False
2026-03-10,2026-03-10 08:30:00,2026-03-10 09:00:00,2026-03-10 15:00:00,TICKER_0719.JP,2598.45,2589.04,-0.163,-0.462,-1603441.0,False
2026-03-10,2026-03-10 08:30:00,2026-03-10 09:00:00,2026-03-10 15:00:00,TICKER_0756.JP,2674.02,2666.69,-0.074,-0.374,-1298409.13,False
2026-03-10,2026-03-10 08:30:00,2026-03-10 09:00:00,2026-03-10 15:00:00,TICKER_0793.JP,2708.0,2771.9,2.565,2.26,7841841.49,True
2026-03-11,2026-03-11 08:30:00,2026-03-11 09:00:00,2026-03-11 15:00:00,TICKER_0252.JP,1739.38,1777.46,2.394,2.089,7297507.21,True
2026-03-11,2026-03-11 08:30:00,2026-03-11 09:00:00,2026-03-11 15:00:00,TICKER_0289.JP,1871.95,1880.43,0.654,0.353,1232425.62,True
2026-03-11,2026-03-11 08:30:00,2026-03-11 09:00:00,2026-03-11 15:00:00,TICKER_0326.JP,1937.94,1936.54,0.128,-0.172,-600562.97,False
2026-03-11,2026-03-11 08:30:00,2026-03-11 09:00:00,2026-03-11 15:00:00,TICKER_0363.JP,2042.75,2055.37,0.819,0.518,1808724.85,True
2026-03-11,2026-03-11 08:30:00,2026-03-11 09:00:00,2026-03-11 15:00:00,TICKER_0400.JP,2083.6,2140.59,2.941,2.635,9202661.44,True
2026-03-11,2026-03-11 08:30:00,2026-03-11 09:00:00,2026-03-11 15:00:00,TICKER_0437.JP,2172.69,2147.99,-0.939,-1.237,-4319790.83,False
2026-03-11,2026-03-11 08:30:00,2026-03-11 09:00:00,2026-03-11 15:00:00,TICKER_0474.JP,2262.76,2230.88,-1.212,-1.509,-5270413.99,False
2026-03-11,2026-03-11 08:30:00,2026-03-11 09:00:00,2026-03-11 15:00:00,TICKER_0511.JP,2378.25,2349.11,-1.027,-1.325,-4628148.3,False
2026-03-11,2026-03-11 08:30:00,2026-03-11 09:00:00,2026-03-11 15:00:00,TICKER_0548.JP,2487.28,2444.04,-1.542,-1.838,-6420974.14,False
2026-03-11,2026-03-11 08:30:00,2026-03-11 09:00:00,2026-03-11 15:00:00,TICKER_0585.JP,2578.53,2586.1,0.495,0.194,676802.87,True
2026-03-12,2026-03-12 08:30:00,2026-03-12 09:00:00,2026-03-12 15:00:00,TICKER_0663.JP,1660.75,1782.6,7.552,7.237,25267781.71,True
2026-03-12,2026-03-12 08:30:00,2026-03-12 09:00:00,2026-03-12 15:00:00,TICKER_0700.JP,1732.16,1795.3,3.853,3.545,12378591.27,True
2026-03-12,2026-03-12 08:30:00,2026-03-12 09:00:00,2026-03-12 15:00:00,TICKER_0737.JP,1830.67,1804.87,-1.212,-1.509,-5269012.59,False
2026-03-12,2026-03-12 08:30:00,2026-03-12 09:00:00,2026-03-12 15:00:00,TICKER_0774.JP,1935.73,1966.58,1.797,1.494,5214939.72,True
2026-03-12,2026-03-12 08:30:00,2026-03-12 09:00:00,2026-03-12 15:00:00,TICKER_0811.JP,2032.21,2054.4,1.294,0.992,3463895.04,True
2026-03-12,2026-03-12 08:30:00,2026-03-12 09:00:00,2026-03-12 15:00:00,TICKER_0848.JP,2117.65,2177.69,3.041,2.735,9550925.99,True
2026-03-12,2026-03-12 08:30:00,2026-03-12 09:00:00,2026-03-12 15:00:00,TICKER_0885.JP,2191.17,2263.72,3.518,3.211,11212225.94,True
2026-03-12,2026-03-12 08:30:00,2026-03-12 09:00:00,2026-03-12 15:00:00,TICKER_0922.JP,2236.49,2329.42,4.363,4.055,14157861.89,True
2026-03-12,2026-03-12 08:30:00,2026-03-12 09:00:00,2026-03-12 15:00:00,TICKER_0959.JP,2340.73,2305.83,-1.294,-1.591,-5554496.86,False
2026-03-12,2026-03-12 08:30:00,2026-03-12 09:00:00,2026-03-12 15:00:00,TICKER_0996.JP,2450.62,2445.09,-0.026,-0.325,-1136437.13,False
2026-03-13,2026-03-13 08:30:00,2026-03-13 09:00:00,2026-03-13 15:00:00,TICKER_0586.JP,1594.51,1657.3,4.146,3.838,13652339.42,True
2026-03-13,2026-03-13 08:30:00,2026-03-13 09:00:00,2026-03-13 15:00:00,TICKER_0623.JP,1666.31,1695.17,1.936,1.632,5805182.08,True
2026-03-13,2026-03-13 08:30:00,2026-03-13 09:00:00,2026-03-13 15:00:00,TICKER_0660.JP,1750.87,1814.58,3.847,3.539,12589604.9,True
2026-03-13,2026-03-13 08:30:00,2026-03-13 09:00:00,2026-03-13 15:00:00,TICKER_0697.JP,1843.78,1841.46,0.074,-0.226,-804365.97,False
2026-03-13,2026-03-13 08:30:00,2026-03-13 09:00:00,2026-03-13 15:00:00,TICKER_0734.JP,1953.57,1985.18,1.822,1.518,5400528.89,True
2026-03-13,2026-03-13 08:30:00,2026-03-13 09:00:00,2026-03-13 15:00:00,TICKER_0771.JP,2020.5,2048.83,1.605,1.302,4632268.47,True
2026-03-13,2026-03-13 08:30:00,2026-03-13 09:00:00,2026-03-13 15:00:00,TICKER_0808.JP,2096.75,2062.08,-1.457,-1.754,-6239369.14,False
2026-03-13,2026-03-13 08:30:00,2026-03-13 09:00:00,2026-03-13 15:00:00,TICKER_0845.JP,2179.59,2178.8,0.164,-0.136,-484412.53,False
2026-03-13,2026-03-13 08:30:00,2026-03-13 09:00:00,2026-03-13 15:00:00,TICKER_0882.JP,2248.56,2261.83,0.792,0.49,1743604.66,True
2026-03-13,2026-03-13 08:30:00,2026-03-13 09:00:00,2026-03-13 15:00:00,TICKER_0919.JP,2334.0,2382.98,2.303,1.999,7110004.14,True
2026-03-16,2026-03-16 08:30:00,2026-03-16 09:00:00,2026-03-16 15:00:00,TICKER_0006.JP,1488.12,1479.51,-0.379,-0.678,-2441379.33,False
2026-03-16,2026-03-16 08:30:00,2026-03-16 09:00:00,2026-03-16 15:00:00,TICKER_0043.JP,1600.71,1613.12,0.977,0.675,2429207.97,True
2026-03-16,2026-03-16 08:30:00,2026-03-16 09:00:00,2026-03-16 15:00:00,TICKER_0080.JP,1687.62,1717.62,1.982,1.678,6038229.21,True
2026-03-16,2026-03-16 08:30:00,2026-03-16 09:00:00,2026-03-16 15:00:00,TICKER_0117.JP,1736.94,1789.27,3.219,2.913,10482713.0,True
2026-03-16,2026-03-16 08:30:00,2026-03-16 09:00:00,2026-03-16 15:00:00,TICKER_0154.JP,1864.29,1930.28,3.747,3.439,12377157.82,True
2026-03-16,2026-03-16 08:30:00,2026-03-16 09:00:00,2026-03-16 15:00:00,TICKER_0191.JP,1968.79,2022.99,2.959,2.653,9548463.32,True
2026-03-16,2026-03-16 08:30:00,2026-03-16 09:00:00,2026-03-16 15:00:00,TICKER_0228.JP,2021.28,2014.08,-0.156,-0.456,-1640893.86,False
2026-03-16,2026-03-16 08:30:00,2026-03-16 09:00:00,2026-03-16 15:00:00,TICKER_0265.JP,2104.46,2086.63,-0.649,-0.947,-3408953.78,False
2026-03-16,2026-03-16 08:30:00,2026-03-16 09:00:00,2026-03-16 15:00:00,TICKER_0302.JP,2202.46,2224.59,1.207,0.905,3256442.81,True
2026-03-16,2026-03-16 08:30:00,2026-03-16 09:00:00,2026-03-16 15:00:00,TICKER_0339.JP,2291.46,2346.41,2.603,2.298,8270047.22,True
2026-03-17,2026-03-17 08:30:00,2026-03-17 09:00:00,2026-03-17 15:00:00,TICKER_0929.JP,1937.82,1979.22,2.341,2.037,7415726.83,True
2026-03-17,2026-03-17 08:30:00,2026-03-17 09:00:00,2026-03-17 15:00:00,TICKER_0966.JP,2042.65,2080.25,2.044,1.741,6338001.86,True
2026-03-17,2026-03-17 08:30:00,2026-03-17 09:00:00,2026-03-17 15:00:00,TICKER_1003.JP,2128.03,2097.2,-1.251,-1.549,-5638635.32,False
2026-03-17,2026-03-17 08:30:00,2026-03-17 09:00:00,2026-03-17 15:00:00,TICKER_1040.JP,2201.75,2193.43,-0.178,-0.478,-1739298.13,False
2026-03-17,2026-03-17 08:30:00,2026-03-17 09:00:00,2026-03-17 15:00:00,TICKER_1077.JP,2304.87,2368.73,2.976,2.67,9723987.74,True
2026-03-17,2026-03-17 08:30:00,2026-03-17 09:00:00,2026-03-17 15:00:00,TICKER_1114.JP,2393.55,2464.58,3.174,2.868,10441824.71,True
2026-03-17,2026-03-17 08:30:00,2026-03-17 09:00:00,2026-03-17 15:00:00,TICKER_1151.JP,2404.35,2549.1,6.232,5.92,21556991.55,True
2026-03-17,2026-03-17 08:30:00,2026-03-17 09:00:00,2026-03-17 15:00:00,TICKER_1188.JP,2537.57,2560.29,1.097,0.795,2896376.26,True
2026-03-17,2026-03-17 08:30:00,2026-03-17 09:00:00,2026-03-17 15:00:00,TICKER_1225.JP,2636.83,2651.23,0.747,0.446,1623289.43,True
2026-03-17,2026-03-17 08:30:00,2026-03-17 09:00:00,2026-03-17 15:00:00,TICKER_1262.JP,2676.87,2717.33,1.715,1.411,5138945.95,True
2026-03-18,2026-03-18 08:30:00,2026-03-18 09:00:00,2026-03-18 15:00:00,TICKER_0807.JP,1819.83,1879.97,3.512,3.205,11845078.05,True
2026-03-18,2026-03-18 08:30:00,2026-03-18 09:00:00,2026-03-18 15:00:00,TICKER_0844.JP,1868.44,1916.98,2.804,2.498,9233462.18,True
2026-03-18,2026-03-18 08:30:00,2026-03-18 09:00:00,2026-03-18 15:00:00,TICKER_0881.JP,2017.13,2022.49,0.466,0.166,612611.42,True
2026-03-18,2026-03-18 08:30:00,2026-03-18 09:00:00,2026-03-18 15:00:00,TICKER_0918.JP,2088.83,2020.89,-3.059,-3.353,-12391409.08,False
2026-03-18,2026-03-18 08:30:00,2026-03-18 09:00:00,2026-03-18 15:00:00,TICKER_0955.JP,2175.7,2266.06,4.362,4.053,14980655.3,True
2026-03-18,2026-03-18 08:30:00,2026-03-18 09:00:00,2026-03-18 15:00:00,TICKER_0992.JP,2272.88,2334.61,2.922,2.616,9669265.74,True
2026-03-18,2026-03-18 08:30:00,2026-03-18 09:00:00,2026-03-18 15:00:00,TICKER_1029.JP,2307.87,2326.88,1.026,0.724,2675752.09,True
2026-03-18,2026-03-18 08:30:00,2026-03-18 09:00:00,2026-03-18 15:00:00,TICKER_1066.JP,2455.99,2484.96,1.382,1.08,3990068.53,True
2026-03-18,2026-03-18 08:30:00,2026-03-18 09:00:00,2026-03-18 15:00:00,TICKER_1103.JP,2495.71,2540.09,1.982,1.678,6202177.85,True
2026-03-18,2026-03-18 08:30:00,2026-03-18 09:00:00,2026-03-18 15:00:00,TICKER_1140.JP,2583.55,2565.08,-0.516,-0.815,-3011814.97,False
2026-03-19,2026-03-19 08:30:00,2026-03-19 09:00:00,2026-03-19 15:00:00,TICKER_0835.JP,1849.31,1830.2,-0.835,-1.133,-4236119.03,False
2026-03-19,2026-03-19 08:30:00,2026-03-19 09:00:00,2026-03-19 15:00:00,TICKER_0872.JP,1933.58,1973.78,2.284,1.979,7397681.15,True
2026-03-19,2026-03-19 08:30:00,2026-03-19 09:00:00,2026-03-19 15:00:00,TICKER_0909.JP,1995.53,2009.23,0.888,0.586,2191422.46,True
2026-03-19,2026-03-19 08:30:00,2026-03-19 09:00:00,2026-03-19 15:00:00,TICKER_0946.JP,2082.21,2148.91,3.41,3.103,11599264.79,True
2026-03-19,2026-03-19 08:30:00,2026-03-19 09:00:00,2026-03-19 15:00:00,TICKER_0983.JP,2231.63,2246.89,0.885,0.584,2182366.12,True
2026-03-19,2026-03-19 08:30:00,2026-03-19 09:00:00,2026-03-19 15:00:00,TICKER_1020.JP,2288.0,2441.43,6.92,6.606,24691194.13,True
2026-03-19,2026-03-19 08:30:00,2026-03-19 09:00:00,2026-03-19 15:00:00,TICKER_1057.JP,2331.86,2368.14,1.759,1.456,5441567.36,True
2026-03-19,2026-03-19 08:30:00,2026-03-19 09:00:00,2026-03-19 15:00:00,TICKER_1094.JP,2495.44,2428.6,-2.484,-2.779,-10385884.61,False
2026-03-19,2026-03-19 08:30:00,2026-03-19 09:00:00,2026-03-19 15:00:00,TICKER_1131.JP,2518.23,2553.16,1.59,1.287,4812091.59,True
2026-03-19,2026-03-19 08:30:00,2026-03-19 09:00:00,2026-03-19 15:00:00,TICKER_1168.JP,2661.6,2692.66,1.37,1.067,3988865.11,True
2026-03-20,2026-03-20 08:30:00,2026-03-20 09:00:00,2026-03-20 15:00:00,TICKER_0326.JP,1850.11,1968.03,6.587,6.274,23734030.42,True
2026-03-20,2026-03-20 08:30:00,2026-03-20 09:00:00,2026-03-20 15:00:00,TICKER_0363.JP,1921.8,1897.45,-1.069,-1.367,-5171439.92,False
2026-03-20,2026-03-20 08:30:00,2026-03-20 09:00:00,2026-03-20 15:00:00,TICKER_0400.JP,2005.91,2044.4,2.123,1.819,6880649.63,True
2026-03-20,2026-03-20 08:30:00,2026-03-20 09:00:00,2026-03-20 15:00:00,TICKER_0437.JP,2104.14,2166.86,3.187,2.881,10897981.94,True
2026-03-20,2026-03-20 08:30:00,2026-03-20 09:00:00,2026-03-20 15:00:00,TICKER_0474.JP,2206.22,2185.68,-0.733,-1.031,-3900662.14,False
2026-03-20,2026-03-20 08:30:00,2026-03-20 09:00:00,2026-03-20 15:00:00,TICKER_0511.JP,2261.19,2314.93,2.582,2.277,8613237.65,True
2026-03-20,2026-03-20 08:30:00,2026-03-20 09:00:00,2026-03-20 15:00:00,TICKER_0548.JP,2384.77,2373.92,-0.256,-0.555,-2099273.87,False
2026-03-20,2026-03-20 08:30:00,2026-03-20 09:00:00,2026-03-20 15:00:00,TICKER_0585.JP,2458.75,2453.75,-0.003,-0.303,-1146456.94,False
2026-03-20,2026-03-20 08:30:00,2026-03-20 09:00:00,2026-03-20 15:00:00,TICKER_0622.JP,2498.27,2586.85,3.753,3.446,13035841.85,True
2026-03-20,2026-03-20 08:30:00,2026-03-20 09:00:00,2026-03-20 15:00:00,TICKER_0659.JP,2592.76,2594.15,0.254,-0.046,-175043.38,False
2026-03-23,2026-03-23 08:30:00,2026-03-23 09:00:00,2026-03-23 15:00:00,TICKER_0616.JP,1626.37,1635.06,0.735,0.434,1663609.91,True
2026-03-23,2026-03-23 08:30:00,2026-03-23 09:00:00,2026-03-23 15:00:00,TICKER_0653.JP,1719.54,1698.83,-1.007,-1.304,-4997010.64,False
2026-03-23,2026-03-23 08:30:00,2026-03-23 09:00:00,2026-03-23 15:00:00,TICKER_0690.JP,1778.31,1790.72,0.9,0.598,2290702.39,True
2026-03-23,2026-03-23 08:30:00,2026-03-23 09:00:00,2026-03-23 15:00:00,TICKER_0727.JP,1891.99,1905.46,0.914,0.612,2345003.95,True
2026-03-23,2026-03-23 08:30:00,2026-03-23 09:00:00,2026-03-23 15:00:00,TICKER_0764.JP,1972.83,2016.55,2.421,2.116,8107309.26,True
2026-03-23,2026-03-23 08:30:00,2026-03-23 09:00:00,2026-03-23 15:00:00,TICKER_0801.JP,2054.13,2167.87,5.748,5.437,20830286.62,True
2026-03-23,2026-03-23 08:30:00,2026-03-23 09:00:00,2026-03-23 15:00:00,TICKER_0838.JP,2123.86,2108.41,-0.529,-0.828,-3170519.6,False
2026-03-23,2026-03-23 08:30:00,2026-03-23 09:00:00,2026-03-23 15:00:00,TICKER_0875.JP,2238.76,2307.33,3.269,2.963,11351938.97,True
2026-03-23,2026-03-23 08:30:00,2026-03-23 09:00:00,2026-03-23 15:00:00,TICKER_0912.JP,2374.15,2322.96,-1.96,-2.256,-8643221.17,False
2026-03-23,2026-03-23 08:30:00,2026-03-23 09:00:00,2026-03-23 15:00:00,TICKER_0949.JP,2369.9,2454.23,3.766,3.459,13250649.98,True
2026-03-24,2026-03-24 08:30:00,2026-03-24 09:00:00,2026-03-24 15:00:00,TICKER_0605.JP,1624.55,1635.23,0.859,0.557,2158382.75,True
2026-03-24,2026-03-24 08:30:00,2026-03-24 09:00:00,2026-03-24 15:00:00,TICKER_0642.JP,1713.12,1652.27,-3.359,-3.652,-14141976.24,False
2026-03-24,2026-03-24 08:30:00,2026-03-24 09:00:00,2026-03-24 15:00:00,TICKER_0679.JP,1783.5,1766.48,-0.756,-1.054,-4082322.86,False
2026-03-24,2026-03-24 08:30:00,2026-03-24 09:00:00,2026-03-24 15:00:00,TICKER_0716.JP,1862.89,1897.39,2.056,1.752,6783640.3,True
2026-03-24,2026-03-24 08:30:00,2026-03-24 09:00:00,2026-03-24 15:00:00,TICKER_0753.JP,1947.32,1999.8,2.901,2.595,10048546.37,True
2026-03-24,2026-03-24 08:30:00,2026-03-24 09:00:00,2026-03-24 15:00:00,TICKER_0790.JP,2028.0,2032.56,0.425,0.125,483330.37,True
2026-03-24,2026-03-24 08:30:00,2026-03-24 09:00:00,2026-03-24 15:00:00,TICKER_0827.JP,2125.47,2171.23,2.357,2.053,7947860.89,True
2026-03-24,2026-03-24 08:30:00,2026-03-24 09:00:00,2026-03-24 15:00:00,TICKER_0864.JP,2243.52,2354.38,5.152,4.841,18746331.07,True
2026-03-24,2026-03-24 08:30:00,2026-03-24 09:00:00,2026-03-24 15:00:00,TICKER_0901.JP,2282.18,2338.11,2.656,2.351,9102112.74,True
2026-03-24,2026-03-24 08:30:00,2026-03-24 09:00:00,2026-03-24 15:00:00,TICKER_0938.JP,2374.77,2344.96,-1.058,-1.355,-5247680.39,False
2026-03-25,2026-03-25 08:30:00,2026-03-25 09:00:00,2026-03-25 15:00:00,TICKER_0480.JP,2008.12,2007.51,0.17,-0.13,-507916.66,False
2026-03-25,2026-03-25 08:30:00,2026-03-25 09:00:00,2026-03-25 15:00:00,TICKER_0517.JP,2075.01,2068.71,-0.104,-0.404,-1575706.85,False
2026-03-25,2026-03-25 08:30:00,2026-03-25 09:00:00,2026-03-25 15:00:00,TICKER_0554.JP,2122.61,2146.26,1.317,1.014,3957866.46,True
2026-03-25,2026-03-25 08:30:00,2026-03-25 09:00:00,2026-03-25 15:00:00,TICKER_0591.JP,2250.61,2311.55,2.913,2.608,10175625.97,True
2026-03-25,2026-03-25 08:30:00,2026-03-25 09:00:00,2026-03-25 15:00:00,TICKER_0628.JP,2368.64,2421.88,2.452,2.148,8380849.12,True
2026-03-25,2026-03-25 08:30:00,2026-03-25 09:00:00,2026-03-25 15:00:00,TICKER_0665.JP,2436.24,2486.45,2.265,1.961,7651763.23,True
2026-03-25,2026-03-25 08:30:00,2026-03-25 09:00:00,2026-03-25 15:00:00,TICKER_0702.JP,2478.04,2532.56,2.405,2.101,8196755.23,True
2026-03-25,2026-03-25 08:30:00,2026-03-25 09:00:00,2026-03-25 15:00:00,TICKER_0739.JP,2601.84,2658.57,2.385,2.08,8118147.23,True
2026-03-25,2026-03-25 08:30:00,2026-03-25 09:00:00,2026-03-25 15:00:00,TICKER_0776.JP,2657.61,2701.21,1.844,1.54,6010420.59,True
2026-03-25,2026-03-25 08:30:00,2026-03-25 09:00:00,2026-03-25 15:00:00,TICKER_0813.JP,2813.94,2836.83,1.015,0.713,2783966.66,True
2026-03-26,2026-03-26 08:30:00,2026-03-26 09:00:00,2026-03-26 15:00:00,TICKER_0305.JP,1828.44,1848.28,1.288,0.985,3894536.17,True
2026-03-26,2026-03-26 08:30:00,2026-03-26 09:00:00,2026-03-26 15:00:00,TICKER_0342.JP,1872.66,1889.88,1.121,0.819,3238971.81,True
2026-03-26,2026-03-26 08:30:00,2026-03-26 09:00:00,2026-03-26 15:00:00,TICKER_0379.JP,1981.14,2016.77,2.002,1.699,6714095.01,True
2026-03-26,2026-03-26 08:30:00,2026-03-26 09:00:00,2026-03-26 15:00:00,TICKER_0416.JP,2096.28,2148.49,2.696,2.39,9448660.15,True
2026-03-26,2026-03-26 08:30:00,2026-03-26 09:00:00,2026-03-26 15:00:00,TICKER_0453.JP,2135.74,2193.43,2.907,2.601,10282052.24,True
2026-03-26,2026-03-26 08:30:00,2026-03-26 09:00:00,2026-03-26 15:00:00,TICKER_0490.JP,2249.47,2361.38,5.185,4.875,19269592.13,True
2026-03-26,2026-03-26 08:30:00,2026-03-26 09:00:00,2026-03-26 15:00:00,TICKER_0527.JP,2363.69,2343.51,-0.655,-0.954,-3769517.57,False
2026-03-26,2026-03-26 08:30:00,2026-03-26 09:00:00,2026-03-26 15:00:00,TICKER_0564.JP,2378.75,2356.42,-0.74,-1.039,-4105092.62,False
2026-03-26,2026-03-26 08:30:00,2026-03-26 09:00:00,2026-03-26 15:00:00,TICKER_0601.JP,2498.0,2563.78,2.839,2.534,10014981.37,True
2026-03-26,2026-03-26 08:30:00,2026-03-26 09:00:00,2026-03-26 15:00:00,TICKER_0638.JP,2578.48,2579.39,0.236,-0.065,-255451.07,False
2026-03-27,2026-03-27 08:30:00,2026-03-27 09:00:00,2026-03-27 15:00:00,TICKER_0140.JP,1628.5,1662.19,2.273,1.969,7884395.6,True
2026-03-27,2026-03-27 08:30:00,2026-03-27 09:00:00,2026-03-27 15:00:00,TICKER_0177.JP,1730.41,1741.25,0.828,0.526,2107908.69,True
2026-03-27,2026-03-27 08:30:00,2026-03-27 09:00:00,2026-03-27 15:00:00,TICKER_0214.JP,1844.64,1868.19,1.479,1.177,4711710.92,True
2026-03-27,2026-03-27 08:30:00,2026-03-27 09:00:00,2026-03-27 15:00:00,TICKER_0251.JP,1929.63,1977.16,2.668,2.363,9464685.05,True
2026-03-27,2026-03-27 08:30:00,2026-03-27 09:00:00,2026-03-27 15:00:00,TICKER_0288.JP,1957.48,1960.19,0.339,0.039,154435.84,True
2026-03-27,2026-03-27 08:30:00,2026-03-27 09:00:00,2026-03-27 15:00:00,TICKER_0325.JP,2052.69,2031.4,-0.839,-1.137,-4554957.59,False
2026-03-27,2026-03-27 08:30:00,2026-03-27 09:00:00,2026-03-27 15:00:00,TICKER_0362.JP,2164.39,2269.21,5.053,4.743,18993815.95,True
2026-03-27,2026-03-27 08:30:00,2026-03-27 09:00:00,2026-03-27 15:00:00,TICKER_0399.JP,2231.33,2190.89,-1.616,-1.912,-7659068.2,False
2026-03-27,2026-03-27 08:30:00,2026-03-27 09:00:00,2026-03-27 15:00:00,TICKER_0436.JP,2319.86,2376.78,2.659,2.354,9426270.89,True
2026-03-27,2026-03-27 08:30:00,2026-03-27 09:00:00,2026-03-27 15:00:00,TICKER_0473.JP,2411.56,2398.31,-0.35,-0.649,-2600844.59,False
2026-03-30,2026-03-30 08:30:00,2026-03-30 09:00:00,2026-03-30 15:00:00,TICKER_0951.JP,1956.91,1994.91,2.146,1.842,7442153.64,True
2026-03-30,2026-03-30 08:30:00,2026-03-30 09:00:00,2026-03-30 15:00:00,TICKER_0988.JP,2051.88,2026.03,-1.062,-1.36,-5494394.76,False
2026-03-30,2026-03-30 08:30:00,2026-03-30 09:00:00,2026-03-30 15:00:00,TICKER_1025.JP,2169.58,2210.73,2.101,1.797,7260034.0,True
2026-03-30,2026-03-30 08:30:00,2026-03-30 09:00:00,2026-03-30 15:00:00,TICKER_1062.JP,2224.33,2279.51,2.686,2.381,9619488.82,True
2026-03-30,2026-03-30 08:30:00,2026-03-30 09:00:00,2026-03-30 15:00:00,TICKER_1099.JP,2328.09,2379.96,2.433,2.128,8599270.79,True
2026-03-30,2026-03-30 08:30:00,2026-03-30 09:00:00,2026-03-30 15:00:00,TICKER_1136.JP,2366.69,2405.44,1.841,1.537,6211623.48,True
2026-03-30,2026-03-30 08:30:00,2026-03-30 09:00:00,2026-03-30 15:00:00,TICKER_1173.JP,2465.12,2442.72,-0.71,-1.009,-4075541.6,False
2026-03-30,2026-03-30 08:30:00,2026-03-30 09:00:00,2026-03-30 15:00:00,TICKER_1210.JP,2561.15,2652.57,3.777,3.47,14020622.11,True
2026-03-30,2026-03-30 08:30:00,2026-03-30 09:00:00,2026-03-30 15:00:00,TICKER_1247.JP,2659.93,2715.92,2.31,2.005,8102273.16,True
2026-03-30,2026-03-30 08:30:00,2026-03-30 09:00:00,2026-03-30 15:00:00,TICKER_1284.JP,2681.49,2761.7,3.197,2.891,11682567.48,True
2026-03-31,2026-03-31 08:30:00,2026-03-31 09:00:00,2026-03-31 15:00:00,TICKER_0341.JP,1824.24,1876.45,3.068,2.762,11326931.24,True
2026-03-31,2026-03-31 08:30:00,2026-03-31 09:00:00,2026-03-31 15:00:00,TICKER_0378.JP,1938.94,1946.06,0.568,0.267,1096899.25,True
2026-03-31,2026-03-31 08:30:00,2026-03-31 09:00:00,2026-03-31 15:00:00,TICKER_0415.JP,2041.13,2018.38,-0.917,-1.215,-4980929.41,False
2026-03-31,2026-03-31 08:30:00,2026-03-31 09:00:00,2026-03-31 15:00:00,TICKER_0452.JP,2095.99,2067.64,-1.155,-1.453,-5957789.02,False
2026-03-31,2026-03-31 08:30:00,2026-03-31 09:00:00,2026-03-31 15:00:00,TICKER_0489.JP,2255.5,2309.41,2.595,2.29,9391098.07,True
2026-03-31,2026-03-31 08:30:00,2026-03-31 09:00:00,2026-03-31 15:00:00,TICKER_0526.JP,2262.89,2260.03,0.073,-0.227,-928950.3,False
2026-03-31,2026-03-31 08:30:00,2026-03-31 09:00:00,2026-03-31 15:00:00,TICKER_0563.JP,2358.92,2355.63,0.061,-0.239,-981130.7,False
2026-03-31,2026-03-31 08:30:00,2026-03-31 09:00:00,2026-03-31 15:00:00,TICKER_0600.JP,2473.5,2507.37,1.572,1.269,5205351.07,True
2026-03-31,2026-03-31 08:30:00,2026-03-31 09:00:00,2026-03-31 15:00:00,TICKER_0637.JP,2553.41,2532.25,-0.63,-0.929,-3809518.54,False
2026-03-31,2026-03-31 08:30:00,2026-03-31 09:00:00,2026-03-31 15:00:00,TICKER_0674.JP,2648.4,2801.8,6.004,5.692,23343799.17,True
2026-04-01,2026-04-01 08:30:00,2026-04-01 09:00:00,2026-04-01 15:00:00,TICKER_0343.JP,1829.71,1850.3,1.328,1.025,4237682.24,True
2026-04-01,2026-04-01 08:30:00,2026-04-01 09:00:00,2026-04-01 15:00:00,TICKER_0380.JP,1936.8,1972.05,2.023,1.72,7106990.8,True
2026-04-01,2026-04-01 08:30:00,2026-04-01 09:00:00,2026-04-01 15:00:00,TICKER_0417.JP,2071.25,2137.97,3.428,3.121,12900418.59,True
2026-04-01,2026-04-01 08:30:00,2026-04-01 09:00:00,2026-04-01 15:00:00,TICKER_0454.JP,2094.49,2110.5,0.966,0.664,2744954.32,True
2026-04-01,2026-04-01 08:30:00,2026-04-01 09:00:00,2026-04-01 15:00:00,TICKER_0491.JP,2187.89,2302.11,5.431,5.121,21163559.86,True
2026-04-01,2026-04-01 08:30:00,2026-04-01 09:00:00,2026-04-01 15:00:00,TICKER_0528.JP,2318.71,2366.64,2.272,1.967,8130957.16,True
2026-04-01,2026-04-01 08:30:00,2026-04-01 09:00:00,2026-04-01 15:00:00,TICKER_0565.JP,2378.18,2382.68,0.39,0.09,370340.67,True
2026-04-01,2026-04-01 08:30:00,2026-04-01 09:00:00,2026-04-01 15:00:00,TICKER_0602.JP,2431.48,2392.05,-1.425,-1.722,-7116254.76,False
2026-04-01,2026-04-01 08:30:00,2026-04-01 09:00:00,2026-04-01 15:00:00,TICKER_0639.JP,2533.95,2599.73,2.801,2.496,10315270.16,True
2026-04-01,2026-04-01 08:30:00,2026-04-01 09:00:00,2026-04-01 15:00:00,TICKER_0676.JP,2640.16,2658.63,0.901,0.6,2478281.56,True
2026-04-02,2026-04-02 08:30:00,2026-04-02 09:00:00,2026-04-02 15:00:00,TICKER_0647.JP,1672.18,1657.04,-0.707,-1.005,-4214730.84,False
2026-04-02,2026-04-02 08:30:00,2026-04-02 09:00:00,2026-04-02 15:00:00,TICKER_0684.JP,1706.19,1719.67,0.991,0.69,2891483.65,True
2026-04-02,2026-04-02 08:30:00,2026-04-02 09:00:00,2026-04-02 15:00:00,TICKER_0721.JP,1834.54,1835.62,0.259,-0.041,-172465.89,False
2026-04-02,2026-04-02 08:30:00,2026-04-02 09:00:00,2026-04-02 15:00:00,TICKER_0758.JP,1917.45,2031.53,6.162,5.85,24523234.18,True
2026-04-02,2026-04-02 08:30:00,2026-04-02 09:00:00,2026-04-02 15:00:00,TICKER_0795.JP,1976.5,2001.56,1.47,1.167,4894416.15,True
2026-04-02,2026-04-02 08:30:00,2026-04-02 09:00:00,2026-04-02 15:00:00,TICKER_0832.JP,2072.75,2069.83,0.059,-0.241,-1010337.66,False
2026-04-02,2026-04-02 08:30:00,2026-04-02 09:00:00,2026-04-02 15:00:00,TICKER_0869.JP,2172.41,2253.56,3.943,3.636,15241687.94,True
2026-04-02,2026-04-02 08:30:00,2026-04-02 09:00:00,2026-04-02 15:00:00,TICKER_0906.JP,2261.05,2321.84,2.894,2.588,10851462.75,True
2026-04-02,2026-04-02 08:30:00,2026-04-02 09:00:00,2026-04-02 15:00:00,TICKER_0943.JP,2293.08,2248.92,-1.73,-2.026,-8493033.86,False
2026-04-02,2026-04-02 08:30:00,2026-04-02 09:00:00,2026-04-02 15:00:00,TICKER_0980.JP,2413.52,2476.68,2.822,2.517,10551578.72,True
2026-04-03,2026-04-03 08:30:00,2026-04-03 09:00:00,2026-04-03 15:00:00,TICKER_0496.JP,2024.07,2021.94,0.094,-0.206,-872390.21,False
2026-04-03,2026-04-03 08:30:00,2026-04-03 09:00:00,2026-04-03 15:00:00,TICKER_0533.JP,2073.06,2118.84,2.413,2.108,8948573.13,True
2026-04-03,2026-04-03 08:30:00,2026-04-03 09:00:00,2026-04-03 15:00:00,TICKER_0570.JP,2174.31,2116.09,-2.483,-2.778,-11789938.0,False
2026-04-03,2026-04-03 08:30:00,2026-04-03 09:00:00,2026-04-03 15:00:00,TICKER_0607.JP,2229.9,2328.73,4.641,4.332,18387945.93,True
2026-04-03,2026-04-03 08:30:00,2026-04-03 09:00:00,2026-04-03 15:00:00,TICKER_0644.JP,2388.09,2463.98,3.385,3.078,13065618.64,True
2026-04-03,2026-04-03 08:30:00,2026-04-03 09:00:00,2026-04-03 15:00:00,TICKER_0681.JP,2440.11,2535.93,4.135,3.827,16244157.3,True
2026-04-03,2026-04-03 08:30:00,2026-04-03 09:00:00,2026-04-03 15:00:00,TICKER_0718.JP,2515.03,2541.36,1.249,0.947,4018131.55,True
2026-04-03,2026-04-03 08:30:00,2026-04-03 09:00:00,2026-04-03 15:00:00,TICKER_0755.JP,2583.26,2677.42,3.852,3.545,15046936.88,True
2026-04-03,2026-04-03 08:30:00,2026-04-03 09:00:00,2026-04-03 15:00:00,TICKER_0792.JP,2717.4,2679.69,-1.191,-1.488,-6315856.19,False
2026-04-03,2026-04-03 08:30:00,2026-04-03 09:00:00,2026-04-03 15:00:00,TICKER_0829.JP,2754.0,2780.26,1.155,0.853,3622181.12,True
2026-04-06,2026-04-06 08:30:00,2026-04-06 09:00:00,2026-04-06 15:00:00,TICKER_0948.JP,1982.14,2059.21,4.096,3.788,16296311.29,True
2026-04-06,2026-04-06 08:30:00,2026-04-06 09:00:00,2026-04-06 15:00:00,TICKER_0985.JP,2074.95,2143.81,3.526,3.219,13846523.87,True
2026-04-06,2026-04-06 08:30:00,2026-04-06 09:00:00,2026-04-06 15:00:00,TICKER_1022.JP,2110.53,2106.49,0.009,-0.291,-1253063.19,False
2026-04-06,2026-04-06 08:30:00,2026-04-06 09:00:00,2026-04-06 15:00:00,TICKER_1059.JP,2226.13,2300.63,3.553,3.246,13965327.2,True
2026-04-06,2026-04-06 08:30:00,2026-04-06 09:00:00,2026-04-06 15:00:00,TICKER_1096.JP,2327.82,2394.28,3.061,2.755,11853393.92,True
2026-04-06,2026-04-06 08:30:00,2026-04-06 09:00:00,2026-04-06 15:00:00,TICKER_1133.JP,2370.13,2338.24,-1.148,-1.445,-6218109.92,False
2026-04-06,2026-04-06 08:30:00,2026-04-06 09:00:00,2026-04-06 15:00:00,TICKER_1170.JP,2464.6,2461.62,0.079,-0.221,-951431.24,False
2026-04-06,2026-04-06 08:30:00,2026-04-06 09:00:00,2026-04-06 15:00:00,TICKER_1207.JP,2546.08,2531.74,-0.364,-0.664,-2854429.5,False
2026-04-06,2026-04-06 08:30:00,2026-04-06 09:00:00,2026-04-06 15:00:00,TICKER_1244.JP,2661.44,2759.87,3.906,3.598,15479691.65,True
2026-04-06,2026-04-06 08:30:00,2026-04-06 09:00:00,2026-04-06 15:00:00,TICKER_1281.JP,2744.1,2722.02,-0.606,-0.905,-3892622.69,False
2026-04-07,2026-04-07 08:30:00,2026-04-07 09:00:00,2026-04-07 15:00:00,TICKER_0423.JP,1920.7,1946.63,1.553,1.25,5444948.22,True
2026-04-07,2026-04-07 08:30:00,2026-04-07 09:00:00,2026-04-07 15:00:00,TICKER_0460.JP,2011.33,2015.42,0.404,0.104,450821.53,True
2026-04-07,2026-04-07 08:30:00,2026-04-07 09:00:00,2026-04-07 15:00:00,TICKER_0497.JP,2119.46,2203.82,4.189,3.881,16901375.13,True
2026-04-07,2026-04-07 08:30:00,2026-04-07 09:00:00,2026-04-07 15:00:00,TICKER_0534.JP,2187.92,2211.98,1.302,1.0,4353984.83,True
2026-04-07,2026-04-07 08:30:00,2026-04-07 09:00:00,2026-04-07 15:00:00,TICKER_0571.JP,2297.38,2329.93,1.62,1.317,5735814.33,True
2026-04-07,2026-04-07 08:30:00,2026-04-07 09:00:00,2026-04-07 15:00:00,TICKER_0608.JP,2350.12,2362.85,0.743,0.442,1924960.15,True
2026-04-07,2026-04-07 08:30:00,2026-04-07 09:00:00,2026-04-07 15:00:00,TICKER_0645.JP,2443.27,2382.03,-2.312,-2.607,-11353119.98,False
2026-04-07,2026-04-07 08:30:00,2026-04-07 09:00:00,2026-04-07 15:00:00,TICKER_0682.JP,2531.82,2554.97,1.117,0.814,3547401.6,True
2026-04-07,2026-04-07 08:30:00,2026-04-07 09:00:00,2026-04-07 15:00:00,TICKER_0719.JP,2609.66,2612.03,0.291,-0.009,-40279.52,False
2026-04-07,2026-04-07 08:30:00,2026-04-07 09:00:00,2026-04-07 15:00:00,TICKER_0756.JP,2678.79,2673.91,0.018,-0.282,-1227778.81,False
2026-04-08,2026-04-08 08:30:00,2026-04-08 09:00:00,2026-04-08 15:00:00,TICKER_0806.JP,1820.18,1751.65,-3.572,-3.865,-16928527.7,False
2026-04-08,2026-04-08 08:30:00,2026-04-08 09:00:00,2026-04-08 15:00:00,TICKER_0843.JP,1923.85,1938.92,0.985,0.683,2992207.89,True
2026-04-08,2026-04-08 08:30:00,2026-04-08 09:00:00,2026-04-08 15:00:00,TICKER_0880.JP,1976.59,2026.16,2.713,2.408,10545340.24,True
2026-04-08,2026-04-08 08:30:00,2026-04-08 09:00:00,2026-04-08 15:00:00,TICKER_0917.JP,2088.02,2113.9,1.443,1.14,4992301.88,True
2026-04-08,2026-04-08 08:30:00,2026-04-08 09:00:00,2026-04-08 15:00:00,TICKER_0954.JP,2181.08,2229.34,2.417,2.113,9253021.33,True
2026-04-08,2026-04-08 08:30:00,2026-04-08 09:00:00,2026-04-08 15:00:00,TICKER_0991.JP,2246.14,2270.29,1.277,0.975,4269843.58,True
2026-04-08,2026-04-08 08:30:00,2026-04-08 09:00:00,2026-04-08 15:00:00,TICKER_1028.JP,2342.02,2332.14,-0.223,-0.522,-2286424.93,False
2026-04-08,2026-04-08 08:30:00,2026-04-08 09:00:00,2026-04-08 15:00:00,TICKER_1065.JP,2382.17,2319.75,-2.425,-2.72,-11914789.33,False
2026-04-08,2026-04-08 08:30:00,2026-04-08 09:00:00,2026-04-08 15:00:00,TICKER_1102.JP,2461.08,2554.83,4.017,3.709,16246830.03,True
2026-04-08,2026-04-08 08:30:00,2026-04-08 09:00:00,2026-04-08 15:00:00,TICKER_1139.JP,2615.24,2690.62,3.088,2.782,12185145.29,True
2026-04-09,2026-04-09 08:30:00,2026-04-09 09:00:00,2026-04-09 15:00:00,TICKER_0987.JP,2002.45,2056.59,2.909,2.604,11476510.83,True
2026-04-09,2026-04-09 08:30:00,2026-04-09 09:00:00,2026-04-09 15:00:00,TICKER_1024.JP,2065.82,2136.8,3.643,3.336,14703198.57,True
2026-04-09,2026-04-09 08:30:00,2026-04-09 09:00:00,2026-04-09 15:00:00,TICKER_1061.JP,2161.65,2290.77,6.185,5.873,25886945.57,True
2026-04-09,2026-04-09 08:30:00,2026-04-09 09:00:00,2026-04-09 15:00:00,TICKER_1098.JP,2307.64,2357.12,2.349,2.044,9011182.48,True
2026-04-09,2026-04-09 08:30:00,2026-04-09 09:00:00,2026-04-09 15:00:00,TICKER_1135.JP,2341.12,2357.13,0.886,0.584,2573819.11,True
2026-04-09,2026-04-09 08:30:00,2026-04-09 09:00:00,2026-04-09 15:00:00,TICKER_1172.JP,2450.19,2569.0,5.059,4.749,20932435.5,True
2026-04-09,2026-04-09 08:30:00,2026-04-09 09:00:00,2026-04-09 15:00:00,TICKER_1209.JP,2520.43,2618.42,4.096,3.788,16695868.26,True
2026-04-09,2026-04-09 08:30:00,2026-04-09 09:00:00,2026-04-09 15:00:00,TICKER_1246.JP,2575.09,2574.9,0.193,-0.107,-473293.31,False
2026-04-09,2026-04-09 08:30:00,2026-04-09 09:00:00,2026-04-09 15:00:00,TICKER_1283.JP,2652.73,2566.09,-3.072,-3.366,-14836465.4,False
2026-04-09,2026-04-09 08:30:00,2026-04-09 09:00:00,2026-04-09 15:00:00,TICKER_1320.JP,2775.96,2840.4,2.526,2.221,9790085.8,True
2026-04-10,2026-04-10 08:30:00,2026-04-10 09:00:00,2026-04-10 15:00:00,TICKER_0781.JP,1777.46,1836.08,3.505,3.198,14388299.15,True
2026-04-10,2026-04-10 08:30:00,2026-04-10 09:00:00,2026-04-10 15:00:00,TICKER_0818.JP,1879.16,1815.7,-3.183,-3.477,-15640897.45,False
2026-04-10,2026-04-10 08:30:00,2026-04-10 09:00:00,2026-04-10 15:00:00,TICKER_0855.JP,2009.4,2070.01,3.223,2.916,13119763.64,True
2026-04-10,2026-04-10 08:30:00,2026-04-10 09:00:00,2026-04-10 15:00:00,TICKER_0892.JP,2032.35,2045.05,0.826,0.525,2361897.42,True
2026-04-10,2026-04-10 08:30:00,2026-04-10 09:00:00,2026-04-10 15:00:00,TICKER_0929.JP,2157.87,2150.58,-0.138,-0.438,-1969352.31,False
2026-04-10,2026-04-10 08:30:00,2026-04-10 09:00:00,2026-04-10 15:00:00,TICKER_0966.JP,2209.37,2245.88,1.856,1.553,6985213.82,True
2026-04-10,2026-04-10 08:30:00,2026-04-10 09:00:00,2026-04-10 15:00:00,TICKER_1003.JP,2343.52,2403.94,2.784,2.478,11148994.46,True
2026-04-10,2026-04-10 08:30:00,2026-04-10 09:00:00,2026-04-10 15:00:00,TICKER_1040.JP,2366.77,2430.33,2.891,2.585,11630045.85,True
2026-04-10,2026-04-10 08:30:00,2026-04-10 09:00:00,2026-04-10 15:00:00,TICKER_1077.JP,2524.89,2565.63,1.817,1.514,6808815.63,True
2026-04-10,2026-04-10 08:30:00,2026-04-10 09:00:00,2026-04-10 15:00:00,TICKER_1114.JP,2544.48,2572.69,1.311,1.009,4538200.77,True
2026-04-13,2026-04-13 08:30:00,2026-04-13 09:00:00,2026-04-13 15:00:00,TICKER_0155.JP,1691.53,1716.62,1.687,1.383,6293536.43,True
2026-04-13,2026-04-13 08:30:00,2026-04-13 09:00:00,2026-04-13 15:00:00,TICKER_0192.JP,1760.06,1775.02,1.052,0.75,3413180.98,True
2026-04-13,2026-04-13 08:30:00,2026-04-13 09:00:00,2026-04-13 15:00:00,TICKER_0229.JP,1839.8,1928.43,5.027,4.717,21461602.36,True
2026-04-13,2026-04-13 08:30:00,2026-04-13 09:00:00,2026-04-13 15:00:00,TICKER_0266.JP,1914.87,1965.47,2.848,2.542,11566606.05,True
2026-04-13,2026-04-13 08:30:00,2026-04-13 09:00:00,2026-04-13 15:00:00,TICKER_0303.JP,1991.17,1986.25,-0.047,-0.347,-1578462.9,False
2026-04-13,2026-04-13 08:30:00,2026-04-13 09:00:00,2026-04-13 15:00:00,TICKER_0340.JP,2077.81,2042.44,-1.505,-1.802,-8199305.0,False
2026-04-13,2026-04-13 08:30:00,2026-04-13 09:00:00,2026-04-13 15:00:00,TICKER_0377.JP,2164.64,2244.48,3.896,3.588,16325055.71,True
2026-04-13,2026-04-13 08:30:00,2026-04-13 09:00:00,2026-04-13 15:00:00,TICKER_0414.JP,2264.47,2251.53,-0.373,-0.672,-3055825.76,False
2026-04-13,2026-04-13 08:30:00,2026-04-13 09:00:00,2026-04-13 15:00:00,TICKER_0451.JP,2335.17,2310.45,-0.861,-1.159,-5271987.06,False
2026-04-13,2026-04-13 08:30:00,2026-04-13 09:00:00,2026-04-13 15:00:00,TICKER_0488.JP,2399.32,2487.21,3.871,3.563,16210690.41,True
2026-04-14,2026-04-14 08:30:00,2026-04-14 09:00:00,2026-04-14 15:00:00,TICKER_0733.JP,1746.03,1826.28,4.805,4.496,20698185.24,True
2026-04-14,2026-04-14 08:30:00,2026-04-14 09:00:00,2026-04-14 15:00:00,TICKER_0770.JP,1827.52,1814.66,-0.504,-0.803,-3697961.3,False
2026-04-14,2026-04-14 08:30:00,2026-04-14 09:00:00,2026-04-14 15:00:00,TICKER_0807.JP,1900.01,1893.66,-0.134,-0.434,-1997433.32,False
2026-04-14,2026-04-14 08:30:00,2026-04-14 09:00:00,2026-04-14 15:00:00,TICKER_0844.JP,2011.61,2032.77,1.254,0.952,4381224.3,True
2026-04-14,2026-04-14 08:30:00,2026-04-14 09:00:00,2026-04-14 15:00:00,TICKER_0881.JP,2135.01,2192.04,2.876,2.571,11835392.19,True
2026-04-14,2026-04-14 08:30:00,2026-04-14 09:00:00,2026-04-14 15:00:00,TICKER_0918.JP,2153.08,2161.81,0.606,0.305,1405222.77,True
2026-04-14,2026-04-14 08:30:00,2026-04-14 09:00:00,2026-04-14 15:00:00,TICKER_0955.JP,2245.11,2288.69,2.145,1.841,8475100.23,True
2026-04-14,2026-04-14 08:30:00,2026-04-14 09:00:00,2026-04-14 15:00:00,TICKER_0992.JP,2375.67,2443.29,3.052,2.746,12643553.37,True
2026-04-14,2026-04-14 08:30:00,2026-04-14 09:00:00,2026-04-14 15:00:00,TICKER_1029.JP,2437.65,2485.45,2.165,1.861,8568353.79,True
2026-04-14,2026-04-14 08:30:00,2026-04-14 09:00:00,2026-04-14 15:00:00,TICKER_1066.JP,2480.05,2551.28,3.078,2.772,12761750.98,True
2026-04-15,2026-04-15 08:30:00,2026-04-15 09:00:00,2026-04-15 15:00:00,TICKER_0257.JP,1734.52,1756.61,1.476,1.173,5486049.01,True
2026-04-15,2026-04-15 08:30:00,2026-04-15 09:00:00,2026-04-15 15:00:00,TICKER_0294.JP,1856.98,1909.69,3.045,2.739,12803298.54,True
2026-04-15,2026-04-15 08:30:00,2026-04-15 09:00:00,2026-04-15 15:00:00,TICKER_0331.JP,1888.46,1840.24,-2.358,-2.653,-12404391.91,False
2026-04-15,2026-04-15 08:30:00,2026-04-15 09:00:00,2026-04-15 15:00:00,TICKER_0368.JP,2031.34,2034.72,0.367,0.067,311291.37,True
2026-04-15,2026-04-15 08:30:00,2026-04-15 09:00:00,2026-04-15 15:00:00,TICKER_0405.JP,2114.85,2163.81,2.52,2.215,10355700.9,True
2026-04-15,2026-04-15 08:30:00,2026-04-15 09:00:00,2026-04-15 15:00:00,TICKER_0442.JP,2214.69,2209.2,-0.048,-0.348,-1627212.41,False
2026-04-15,2026-04-15 08:30:00,2026-04-15 09:00:00,2026-04-15 15:00:00,TICKER_0479.JP,2326.2,2391.64,3.019,2.713,12682511.04,True
2026-04-15,2026-04-15 08:30:00,2026-04-15 09:00:00,2026-04-15 15:00:00,TICKER_0516.JP,2381.13,2395.72,0.814,0.513,2397657.34,True
2026-04-15,2026-04-15 08:30:00,2026-04-15 09:00:00,2026-04-15 15:00:00,TICKER_0553.JP,2413.05,2459.36,2.123,1.819,8504067.93,True
2026-04-15,2026-04-15 08:30:00,2026-04-15 09:00:00,2026-04-15 15:00:00,TICKER_0590.JP,2514.24,2590.51,3.24,2.933,13713351.76,True
2026-04-16,2026-04-16 08:30:00,2026-04-16 09:00:00,2026-04-16 15:00:00,TICKER_0232.JP,1734.73,1705.91,-1.465,-1.761,-8321895.64,False
2026-04-16,2026-04-16 08:30:00,2026-04-16 09:00:00,2026-04-16 15:00:00,TICKER_0269.JP,1819.51,1850.96,1.932,1.628,7693877.07,True
2026-04-16,2026-04-16 08:30:00,2026-04-16 09:00:00,2026-04-16 15:00:00,TICKER_0306.JP,1939.0,1861.83,-3.788,-4.08,-19276156.57,False
2026-04-16,2026-04-16 08:30:00,2026-04-16 09:00:00,2026-04-16 15:00:00,TICKER_0343.JP,1957.83,1980.19,1.345,1.042,4923928.15,True
2026-04-16,2026-04-16 08:30:00,2026-04-16 09:00:00,2026-04-16 15:00:00,TICKER_0380.JP,2098.65,2158.78,3.071,2.765,13065011.06,True
2026-04-16,2026-04-16 08:30:00,2026-04-16 09:00:00,2026-04-16 15:00:00,TICKER_0417.JP,2160.78,2163.44,0.324,0.023,110418.36,True
2026-04-16,2026-04-16 08:30:00,2026-04-16 09:00:00,2026-04-16 15:00:00,TICKER_0454.JP,2286.87,2262.6,-0.864,-1.162,-5488538.63,False
2026-04-16,2026-04-16 08:30:00,2026-04-16 09:00:00,2026-04-16 15:00:00,TICKER_0491.JP,2318.18,2401.86,3.817,3.51,16582165.95,True
2026-04-16,2026-04-16 08:30:00,2026-04-16 09:00:00,2026-04-16 15:00:00,TICKER_0528.JP,2418.68,2510.48,4.003,3.695,17459841.0,True
2026-04-16,2026-04-16 08:30:00,2026-04-16 09:00:00,2026-04-16 15:00:00,TICKER_0565.JP,2509.79,2570.13,2.609,2.304,10886433.55,True
2026-04-17,2026-04-17 08:30:00,2026-04-17 09:00:00,2026-04-17 15:00:00,TICKER_0444.JP,1931.07,1946.19,0.985,0.683,3251943.93,True
2026-04-17,2026-04-17 08:30:00,2026-04-17 09:00:00,2026-04-17 15:00:00,TICKER_0481.JP,2022.18,1990.13,-1.388,-1.685,-8021412.73,False
2026-04-17,2026-04-17 08:30:00,2026-04-17 09:00:00,2026-04-17 15:00:00,TICKER_0518.JP,2109.35,2134.72,1.406,1.103,5250802.54,True
2026-04-17,2026-04-17 08:30:00,2026-04-17 09:00:00,2026-04-17 15:00:00,TICKER_0555.JP,2197.29,2195.63,0.125,-0.175,-834140.44,False
2026-04-17,2026-04-17 08:30:00,2026-04-17 09:00:00,2026-04-17 15:00:00,TICKER_0592.JP,2328.97,2316.62,-0.331,-0.63,-2999460.51,False
2026-04-17,2026-04-17 08:30:00,2026-04-17 09:00:00,2026-04-17 15:00:00,TICKER_0629.JP,2417.03,2469.89,2.391,2.087,9933432.91,True
2026-04-17,2026-04-17 08:30:00,2026-04-17 09:00:00,2026-04-17 15:00:00,TICKER_0666.JP,2475.54,2465.73,-0.197,-0.496,-2362710.37,False
2026-04-17,2026-04-17 08:30:00,2026-04-17 09:00:00,2026-04-17 15:00:00,TICKER_0703.JP,2607.06,2741.86,5.381,5.07,24136174.41,True
2026-04-17,2026-04-17 08:30:00,2026-04-17 09:00:00,2026-04-17 15:00:00,TICKER_0740.JP,2630.45,2686.49,2.335,2.031,9666190.79,True
2026-04-17,2026-04-17 08:30:00,2026-04-17 09:00:00,2026-04-17 15:00:00,TICKER_0777.JP,2720.3,2751.64,1.355,1.052,5007956.26,True
2026-04-20,2026-04-20 08:30:00,2026-04-20 09:00:00,2026-04-20 15:00:00,TICKER_0863.JP,1902.42,1911.53,0.68,0.379,1818022.81,True
2026-04-20,2026-04-20 08:30:00,2026-04-20 09:00:00,2026-04-20 15:00:00,TICKER_0900.JP,1979.16,2021.62,2.35,2.045,9820091.8,True
2026-04-20,2026-04-20 08:30:00,2026-04-20 09:00:00,2026-04-20 15:00:00,TICKER_0937.JP,2041.53,2073.63,1.776,1.473,7070264.35,True
2026-04-20,2026-04-20 08:30:00,2026-04-20 09:00:00,2026-04-20 15:00:00,TICKER_0974.JP,2171.3,2196.7,1.372,1.07,5136853.48,True
2026-04-20,2026-04-20 08:30:00,2026-04-20 09:00:00,2026-04-20 15:00:00,TICKER_1011.JP,2177.03,2185.97,0.612,0.311,1490846.3,True
2026-04-20,2026-04-20 08:30:00,2026-04-20 09:00:00,2026-04-20 15:00:00,TICKER_1048.JP,2277.65,2298.18,1.104,0.802,3848456.76,True
2026-04-20,2026-04-20 08:30:00,2026-04-20 09:00:00,2026-04-20 15:00:00,TICKER_1085.JP,2387.97,2520.59,5.765,5.454,26184797.27,True
2026-04-20,2026-04-20 08:30:00,2026-04-20 09:00:00,2026-04-20 15:00:00,TICKER_1122.JP,2519.88,2492.47,-0.89,-1.188,-5703143.25,False
2026-04-20,2026-04-20 08:30:00,2026-04-20 09:00:00,2026-04-20 15:00:00,TICKER_1159.JP,2555.85,2589.36,1.514,1.211,5813856.84,True
2026-04-20,2026-04-20 08:30:00,2026-04-20 09:00:00,2026-04-20 15:00:00,TICKER_1196.JP,2664.3,2761.08,3.84,3.532,16959321.53,True
2026-04-21,2026-04-21 08:30:00,2026-04-21 09:00:00,2026-04-21 15:00:00,TICKER_0234.JP,1729.44,1771.58,2.642,2.337,11379267.39,True
2026-04-21,2026-04-21 08:30:00,2026-04-21 09:00:00,2026-04-21 15:00:00,TICKER_0271.JP,1838.13,1884.33,2.719,2.414,11755566.96,True
2026-04-21,2026-04-21 08:30:00,2026-04-21 09:00:00,2026-04-21 15:00:00,TICKER_0308.JP,1845.74,1862.12,1.089,0.787,3832847.75,True
2026-04-21,2026-04-21 08:30:00,2026-04-21 09:00:00,2026-04-21 15:00:00,TICKER_0345.JP,1974.43,2039.07,3.48,3.174,15456020.27,True
2026-04-21,2026-04-21 08:30:00,2026-04-21 09:00:00,2026-04-21 15:00:00,TICKER_0382.JP,2074.94,2156.09,4.119,3.811,18559357.83,True
2026-04-21,2026-04-21 08:30:00,2026-04-21 09:00:00,2026-04-21 15:00:00,TICKER_0419.JP,2188.1,2278.98,4.362,4.054,19740911.77,True
2026-04-21,2026-04-21 08:30:00,2026-04-21 09:00:00,2026-04-21 15:00:00,TICKER_0456.JP,2249.12,2189.66,-2.449,-2.744,-13361771.03,False
2026-04-21,2026-04-21 08:30:00,2026-04-21 09:00:00,2026-04-21 15:00:00,TICKER_0493.JP,2339.57,2402.43,2.892,2.587,12597589.09,True
2026-04-21,2026-04-21 08:30:00,2026-04-21 09:00:00,2026-04-21 15:00:00,TICKER_0530.JP,2433.64,2510.23,3.353,3.047,14838993.28,True
2026-04-21,2026-04-21 08:30:00,2026-04-21 09:00:00,2026-04-21 15:00:00,TICKER_0567.JP,2502.88,2508.08,0.408,0.108,524613.69,True
2026-04-22,2026-04-22 08:30:00,2026-04-22 09:00:00,2026-04-22 15:00:00,TICKER_0745.JP,1734.91,1745.92,0.836,0.535,2651780.3,True
2026-04-22,2026-04-22 08:30:00,2026-04-22 09:00:00,2026-04-22 15:00:00,TICKER_0782.JP,1834.61,1875.61,2.439,2.135,10589906.4,True
2026-04-22,2026-04-22 08:30:00,2026-04-22 09:00:00,2026-04-22 15:00:00,TICKER_0819.JP,1978.61,1947.9,-1.355,-1.652,-8194591.06,False
2026-04-22,2026-04-22 08:30:00,2026-04-22 09:00:00,2026-04-22 15:00:00,TICKER_0856.JP,2022.87,1984.34,-1.708,-2.005,-9943982.52,False
2026-04-22,2026-04-22 08:30:00,2026-04-22 09:00:00,2026-04-22 15:00:00,TICKER_0893.JP,2105.01,2061.36,-1.878,-2.174,-10784030.37,False
2026-04-22,2026-04-22 08:30:00,2026-04-22 09:00:00,2026-04-22 15:00:00,TICKER_0930.JP,2213.97,2249.45,1.806,1.502,7452822.99,True
2026-04-22,2026-04-22 08:30:00,2026-04-22 09:00:00,2026-04-22 15:00:00,TICKER_0967.JP,2301.51,2242.75,-2.358,-2.653,-13161997.18,False
2026-04-22,2026-04-22 08:30:00,2026-04-22 09:00:00,2026-04-22 15:00:00,TICKER_1004.JP,2379.83,2322.4,-2.218,-2.513,-12467516.22,False
2026-04-22,2026-04-22 08:30:00,2026-04-22 09:00:00,2026-04-22 15:00:00,TICKER_1041.JP,2449.68,2545.06,4.102,3.794,18819574.46,True
2026-04-22,2026-04-22 08:30:00,2026-04-22 09:00:00,2026-04-22 15:00:00,TICKER_1078.JP,2527.69,2535.14,0.496,0.195,967419.37,True
2026-04-23,2026-04-23 08:30:00,2026-04-23 09:00:00,2026-04-23 15:00:00,TICKER_0363.JP,1916.16,1883.2,-1.523,-1.82,-9004363.61,False
2026-04-23,2026-04-23 08:30:00,2026-04-23 09:00:00,2026-04-23 15:00:00,TICKER_0400.JP,1921.07,1920.12,0.151,-0.15,-739683.42,False
2026-04-23,2026-04-23 08:30:00,2026-04-23 09:00:00,2026-04-23 15:00:00,TICKER_0437.JP,2047.7,2024.43,-0.938,-1.236,-6114890.22,False
2026-04-23,2026-04-23 08:30:00,2026-04-23 09:00:00,2026-04-23 15:00:00,TICKER_0474.JP,2133.74,2153.81,1.143,0.841,4159239.02,True
2026-04-23,2026-04-23 08:30:00,2026-04-23 09:00:00,2026-04-23 15:00:00,TICKER_0511.JP,2202.05,2199.91,0.103,-0.197,-975953.03,False
2026-04-23,2026-04-23 08:30:00,2026-04-23 09:00:00,2026-04-23 15:00:00,TICKER_0548.JP,2291.9,2283.27,-0.177,-0.476,-2356545.07,False
2026-04-23,2026-04-23 08:30:00,2026-04-23 09:00:00,2026-04-23 15:00:00,TICKER_0585.JP,2388.22,2457.68,3.115,2.809,13894970.91,True
2026-04-23,2026-04-23 08:30:00,2026-04-23 09:00:00,2026-04-23 15:00:00,TICKER_0622.JP,2468.28,2473.19,0.4,0.099,491112.45,True
2026-04-23,2026-04-23 08:30:00,2026-04-23 09:00:00,2026-04-23 15:00:00,TICKER_0659.JP,2528.96,2597.03,2.897,2.592,12822224.41,True
2026-04-23,2026-04-23 08:30:00,2026-04-23 09:00:00,2026-04-23 15:00:00,TICKER_0696.JP,2685.0,2694.43,0.552,0.251,1242904.65,True
2026-04-24,2026-04-24 08:30:00,2026-04-24 09:00:00,2026-04-24 15:00:00,TICKER_0132.JP,1638.83,1655.92,1.245,0.943,4677977.99,True
2026-04-24,2026-04-24 08:30:00,2026-04-24 09:00:00,2026-04-24 15:00:00,TICKER_0169.JP,1726.85,1702.41,-1.218,-1.515,-7515676.95,False
2026-04-24,2026-04-24 08:30:00,2026-04-24 09:00:00,2026-04-24 15:00:00,TICKER_0206.JP,1827.08,1796.2,-1.493,-1.79,-8877251.94,False
2026-04-24,2026-04-24 08:30:00,2026-04-24 09:00:00,2026-04-24 15:00:00,TICKER_0243.JP,1897.92,1928.85,1.833,1.53,7588081.63,True
2026-04-24,2026-04-24 08:30:00,2026-04-24 09:00:00,2026-04-24 15:00:00,TICKER_0280.JP,1974.13,1945.43,-1.256,-1.554,-7706771.03,False
2026-04-24,2026-04-24 08:30:00,2026-04-24 09:00:00,2026-04-24 15:00:00,TICKER_0317.JP,2053.82,2052.1,0.116,-0.184,-912813.98,False
2026-04-24,2026-04-24 08:30:00,2026-04-24 09:00:00,2026-04-24 15:00:00,TICKER_0354.JP,2140.04,2100.87,-1.634,-1.93,-9574722.21,False
2026-04-24,2026-04-24 08:30:00,2026-04-24 09:00:00,2026-04-24 15:00:00,TICKER_0391.JP,2216.9,2283.27,3.2,2.894,14353301.54,True
2026-04-24,2026-04-24 08:30:00,2026-04-24 09:00:00,2026-04-24 15:00:00,TICKER_0428.JP,2301.0,2346.37,2.176,1.872,9284475.0,True
2026-04-24,2026-04-24 08:30:00,2026-04-24 09:00:00,2026-04-24 15:00:00,TICKER_0465.JP,2410.82,2416.42,0.433,0.132,656707.51,True
2026-04-27,2026-04-27 08:30:00,2026-04-27 09:00:00,2026-04-27 15:00:00,TICKER_0945.JP,1973.99,2010.36,2.046,1.742,8644785.75,True
2026-04-27,2026-04-27 08:30:00,2026-04-27 09:00:00,2026-04-27 15:00:00,TICKER_0982.JP,2040.08,2084.09,2.362,2.058,10209352.65,True
2026-04-27,2026-04-27 08:30:00,2026-04-27 09:00:00,2026-04-27 15:00:00,TICKER_1019.JP,2135.98,2041.54,-4.23,-4.522,-22436319.0,False
2026-04-27,2026-04-27 08:30:00,2026-04-27 09:00:00,2026-04-27 15:00:00,TICKER_1056.JP,2214.66,2244.13,1.534,1.231,6106743.58,True
2026-04-27,2026-04-27 08:30:00,2026-04-27 09:00:00,2026-04-27 15:00:00,TICKER_1093.JP,2240.56,2230.72,-0.24,-0.539,-2675613.8,False
2026-04-27,2026-04-27 08:30:00,2026-04-27 09:00:00,2026-04-27 15:00:00,TICKER_1130.JP,2384.16,2407.5,1.181,0.879,4360952.02,True
2026-04-27,2026-04-27 08:30:00,2026-04-27 09:00:00,2026-04-27 15:00:00,TICKER_1167.JP,2484.4,2576.65,3.921,3.613,17927904.4,True
2026-04-27,2026-04-27 08:30:00,2026-04-27 09:00:00,2026-04-27 15:00:00,TICKER_1204.JP,2525.4,2572.95,2.087,1.783,8846704.47,True
2026-04-27,2026-04-27 08:30:00,2026-04-27 09:00:00,2026-04-27 15:00:00,TICKER_1241.JP,2667.49,2767.02,3.939,3.631,18016831.42,True
2026-04-27,2026-04-27 08:30:00,2026-04-27 09:00:00,2026-04-27 15:00:00,TICKER_1278.JP,2733.24,2818.37,3.321,3.015,14957890.23,True
2026-04-28,2026-04-28 08:30:00,2026-04-28 09:00:00,2026-04-28 15:00:00,TICKER_0230.JP,1710.2,1761.43,3.202,2.895,14542884.54,True
2026-04-28,2026-04-28 08:30:00,2026-04-28 09:00:00,2026-04-28 15:00:00,TICKER_0267.JP,1844.32,1866.22,1.39,1.087,5461614.57,True
2026-04-28,2026-04-28 08:30:00,2026-04-28 09:00:00,2026-04-28 15:00:00,TICKER_0304.JP,1888.84,1856.66,-1.507,-1.803,-9058118.57,False
2026-04-28,2026-04-28 08:30:00,2026-04-28 09:00:00,2026-04-28 15:00:00,TICKER_0341.JP,2002.31,2014.51,0.811,0.509,2558809.05,True
2026-04-28,2026-04-28 08:30:00,2026-04-28 09:00:00,2026-04-28 15:00:00,TICKER_0378.JP,2096.22,2101.45,0.45,0.149,749027.03,True
2026-04-28,2026-04-28 08:30:00,2026-04-28 09:00:00,2026-04-28 15:00:00,TICKER_0415.JP,2169.07,2225.04,2.786,2.481,12459391.52,True
2026-04-28,2026-04-28 08:30:00,2026-04-28 09:00:00,2026-04-28 15:00:00,TICKER_0452.JP,2257.76,2282.55,1.3,0.998,5012496.7,True
2026-04-28,2026-04-28 08:30:00,2026-04-28 09:00:00,2026-04-28 15:00:00,TICKER_0489.JP,2312.2,2311.98,0.19,-0.11,-550962.24,False
2026-04-28,2026-04-28 08:30:00,2026-04-28 09:00:00,2026-04-28 15:00:00,TICKER_0526.JP,2480.42,2559.7,3.403,3.096,15551266.92,True
2026-04-28,2026-04-28 08:30:00,2026-04-28 09:00:00,2026-04-28 15:00:00,TICKER_0563.JP,2515.35,2591.04,3.215,2.909,14610202.49,True
2026-04-29,2026-04-29 08:30:00,2026-04-29 09:00:00,2026-04-29 15:00:00,TICKER_0918.JP,1937.18,1964.8,1.629,1.326,6738314.92,True
2026-04-29,2026-04-29 08:30:00,2026-04-29 09:00:00,2026-04-29 15:00:00,TICKER_0955.JP,2042.06,2049.25,0.553,0.252,1280548.22,True
2026-04-29,2026-04-29 08:30:00,2026-04-29 09:00:00,2026-04-29 15:00:00,TICKER_0992.JP,2103.94,2158.89,2.817,2.512,12761374.49,True
2026-04-29,2026-04-29 08:30:00,2026-04-29 09:00:00,2026-04-29 15:00:00,TICKER_1029.JP,2201.43,2199.44,0.11,-0.19,-967586.68,False
2026-04-29,2026-04-29 08:30:00,2026-04-29 09:00:00,2026-04-29 15:00:00,TICKER_1066.JP,2276.82,2291.97,0.867,0.565,2870788.12,True
2026-04-29,2026-04-29 08:30:00,2026-04-29 09:00:00,2026-04-29 15:00:00,TICKER_1103.JP,2307.28,2329.56,1.167,0.865,4396719.84,True
2026-04-29,2026-04-29 08:30:00,2026-04-29 09:00:00,2026-04-29 15:00:00,TICKER_1140.JP,2426.01,2391.71,-1.217,-1.514,-7693320.48,False
2026-04-29,2026-04-29 08:30:00,2026-04-29 09:00:00,2026-04-29 15:00:00,TICKER_1177.JP,2526.52,2601.04,3.155,2.849,14476579.54,True
2026-04-29,2026-04-29 08:30:00,2026-04-29 09:00:00,2026-04-29 15:00:00,TICKER_1214.JP,2636.59,2718.34,3.307,3.0,15244795.66,True
2026-04-29,2026-04-29 08:30:00,2026-04-29 09:00:00,2026-04-29 15:00:00,TICKER_1251.JP,2685.51,2789.76,4.09,3.782,19214716.4,True
2026-04-30,2026-04-30 08:30:00,2026-04-30 09:00:00,2026-04-30 15:00:00,TICKER_0843.JP,1835.28,1770.34,-3.346,-3.639,-18724226.86,False
2026-04-30,2026-04-30 08:30:00,2026-04-30 09:00:00,2026-04-30 15:00:00,TICKER_0880.JP,1928.74,2010.31,4.438,4.129,21248342.47,True
2026-04-30,2026-04-30 08:30:00,2026-04-30 09:00:00,2026-04-30 15:00:00,TICKER_0917.JP,1993.3,2009.04,0.991,0.69,3548183.23,True
2026-04-30,2026-04-30 08:30:00,2026-04-30 09:00:00,2026-04-30 15:00:00,TICKER_0954.JP,2074.26,2118.39,2.332,2.027,10432511.34,True
2026-04-30,2026-04-30 08:30:00,2026-04-30 09:00:00,2026-04-30 15:00:00,TICKER_0991.JP,2202.63,2263.34,2.962,2.656,13669526.61,True
2026-04-30,2026-04-30 08:30:00,2026-04-30 09:00:00,2026-04-30 15:00:00,TICKER_1028.JP,2282.68,2297.87,0.867,0.565,2909557.32,True
2026-04-30,2026-04-30 08:30:00,2026-04-30 09:00:00,2026-04-30 15:00:00,TICKER_1065.JP,2350.06,2349.86,0.192,-0.109,-558358.33,False
2026-04-30,2026-04-30 08:30:00,2026-04-30 09:00:00,2026-04-30 15:00:00,TICKER_1102.JP,2477.25,2529.28,2.304,2.0,10291873.19,True
2026-04-30,2026-04-30 08:30:00,2026-04-30 09:00:00,2026-04-30 15:00:00,TICKER_1139.JP,2526.08,2570.64,1.967,1.664,8561253.04,True
2026-04-30,2026-04-30 08:30:00,2026-04-30 09:00:00,2026-04-30 15:00:00,TICKER_1176.JP,2660.32,2806.96,5.723,5.412,27850346.85,True
2026-05-01,2026-05-01 08:30:00,2026-05-01 09:00:00,2026-05-01 15:00:00,TICKER_0227.JP,1755.54,1796.1,2.515,2.21,11540178.88,True
2026-05-01,2026-05-01 08:30:00,2026-05-01 09:00:00,2026-05-01 15:00:00,TICKER_0264.JP,1829.83,1865.98,2.18,1.876,9793844.84,True
2026-05-01,2026-05-01 08:30:00,2026-05-01 09:00:00,2026-05-01 15:00:00,TICKER_0301.JP,1901.21,1933.25,1.889,1.586,8278214.16,True
2026-05-01,2026-05-01 08:30:00,2026-05-01 09:00:00,2026-05-01 15:00:00,TICKER_0338.JP,2005.47,2006.75,0.264,-0.036,-189451.93,False
2026-05-01,2026-05-01 08:30:00,2026-05-01 09:00:00,2026-05-01 15:00:00,TICKER_0375.JP,2056.06,2105.71,2.62,2.315,12085366.15,True
2026-05-01,2026-05-01 08:30:00,2026-05-01 09:00:00,2026-05-01 15:00:00,TICKER_0412.JP,2192.48,2159.76,-1.295,-1.592,-8314459.4,False
2026-05-01,2026-05-01 08:30:00,2026-05-01 09:00:00,2026-05-01 15:00:00,TICKER_0449.JP,2235.43,2270.94,1.792,1.488,7770134.99,True
2026-05-01,2026-05-01 08:30:00,2026-05-01 09:00:00,2026-05-01 15:00:00,TICKER_0486.JP,2353.5,2328.46,-0.866,-1.164,-6077506.11,False
2026-05-01,2026-05-01 08:30:00,2026-05-01 09:00:00,2026-05-01 15:00:00,TICKER_0523.JP,2430.92,2398.13,-1.151,-1.449,-7564491.11,False
2026-05-01,2026-05-01 08:30:00,2026-05-01 09:00:00,2026-05-01 15:00:00,TICKER_0560.JP,2516.54,2476.2,-1.406,-1.703,-8892043.84,False
2026-05-04,2026-05-04 08:30:00,2026-05-04 09:00:00,2026-05-04 15:00:00,TICKER_0988.JP,2025.54,2013.78,-0.382,-0.681,-3565137.87,False
2026-05-04,2026-05-04 08:30:00,2026-05-04 09:00:00,2026-05-04 15:00:00,TICKER_1025.JP,2070.86,2016.46,-2.432,-2.727,-14284608.7,False
2026-05-04,2026-05-04 08:30:00,2026-05-04 09:00:00,2026-05-04 15:00:00,TICKER_1062.JP,2174.83,2203.82,1.536,1.233,6459387.2,True
2026-05-04,2026-05-04 08:30:00,2026-05-04 09:00:00,2026-05-04 15:00:00,TICKER_1099.JP,2249.81,2263.95,0.83,0.529,2770040.24,True
2026-05-04,2026-05-04 08:30:00,2026-05-04 09:00:00,2026-05-04 15:00:00,TICKER_1136.JP,2318.81,2366.73,2.271,1.967,10303129.0,True
2026-05-04,2026-05-04 08:30:00,2026-05-04 09:00:00,2026-05-04 15:00:00,TICKER_1173.JP,2397.34,2414.53,0.919,0.617,3232029.04,True
2026-05-04,2026-05-04 08:30:00,2026-05-04 09:00:00,2026-05-04 15:00:00,TICKER_1210.JP,2507.5,2438.46,-2.559,-2.854,-14948717.51,False
2026-05-04,2026-05-04 08:30:00,2026-05-04 09:00:00,2026-05-04 15:00:00,TICKER_1247.JP,2614.14,2709.72,3.864,3.556,18629076.45,True
2026-05-04,2026-05-04 08:30:00,2026-05-04 09:00:00,2026-05-04 15:00:00,TICKER_1284.JP,2687.49,2695.56,0.501,0.2,1048587.03,True
2026-05-04,2026-05-04 08:30:00,2026-05-04 09:00:00,2026-05-04 15:00:00,TICKER_1321.JP,2809.47,2852.02,1.718,1.414,7409834.8,True
2026-05-05,2026-05-05 08:30:00,2026-05-05 09:00:00,2026-05-05 15:00:00,TICKER_0276.JP,1751.69,1766.08,1.023,0.722,3791963.72,True
2026-05-05,2026-05-05 08:30:00,2026-05-05 09:00:00,2026-05-05 15:00:00,TICKER_0313.JP,1885.94,1930.11,2.547,2.242,11779901.04,True
2026-05-05,2026-05-05 08:30:00,2026-05-05 09:00:00,2026-05-05 15:00:00,TICKER_0350.JP,1920.96,1911.69,-0.283,-0.583,-3062020.6,False
2026-05-05,2026-05-05 08:30:00,2026-05-05 09:00:00,2026-05-05 15:00:00,TICKER_0387.JP,2042.64,2093.16,2.679,2.373,12472127.73,True
2026-05-05,2026-05-05 08:30:00,2026-05-05 09:00:00,2026-05-05 15:00:00,TICKER_0424.JP,2166.48,2180.18,0.834,0.532,2795831.66,True
2026-05-05,2026-05-05 08:30:00,2026-05-05 09:00:00,2026-05-05 15:00:00,TICKER_0461.JP,2206.72,2286.48,3.822,3.514,18466732.88,True
2026-05-05,2026-05-05 08:30:00,2026-05-05 09:00:00,2026-05-05 15:00:00,TICKER_0498.JP,2323.55,2347.6,1.237,0.935,4913255.77,True
2026-05-05,2026-05-05 08:30:00,2026-05-05 09:00:00,2026-05-05 15:00:00,TICKER_0535.JP,2364.47,2252.44,-4.548,-4.838,-25424541.22,False
2026-05-05,2026-05-05 08:30:00,2026-05-05 09:00:00,2026-05-05 15:00:00,TICKER_0572.JP,2462.02,2481.03,0.974,0.672,3531257.51,True
2026-05-05,2026-05-05 08:30:00,2026-05-05 09:00:00,2026-05-05 15:00:00,TICKER_0609.JP,2584.44,2599.83,0.797,0.495,2602811.37,True
2026-05-06,2026-05-06 08:30:00,2026-05-06 09:00:00,2026-05-06 15:00:00,TICKER_0194.JP,1707.26,1727.61,1.395,1.092,5772735.78,True
2026-05-06,2026-05-06 08:30:00,2026-05-06 09:00:00,2026-05-06 15:00:00,TICKER_0231.JP,1774.45,1824.32,3.016,2.711,14325254.84,True
2026-05-06,2026-05-06 08:30:00,2026-05-06 09:00:00,2026-05-06 15:00:00,TICKER_0268.JP,1894.13,1881.45,-0.471,-0.77,-4068082.03,False
2026-05-06,2026-05-06 08:30:00,2026-05-06 09:00:00,2026-05-06 15:00:00,TICKER_0305.JP,1991.36,2049.59,3.13,2.824,14925494.06,True
2026-05-06,2026-05-06 08:30:00,2026-05-06 09:00:00,2026-05-06 15:00:00,TICKER_0342.JP,2059.4,2105.53,2.445,2.14,11311225.27,True
2026-05-06,2026-05-06 08:30:00,2026-05-06 09:00:00,2026-05-06 15:00:00,TICKER_0379.JP,2126.28,2179.58,2.712,2.406,12718232.16,True
2026-05-06,2026-05-06 08:30:00,2026-05-06 09:00:00,2026-05-06 15:00:00,TICKER_0416.JP,2216.29,2160.28,-2.332,-2.627,-13886465.97,False
2026-05-06,2026-05-06 08:30:00,2026-05-06 09:00:00,2026-05-06 15:00:00,TICKER_0453.JP,2326.13,2382.07,2.61,2.304,12179427.11,True
2026-05-06,2026-05-06 08:30:00,2026-05-06 09:00:00,2026-05-06 15:00:00,TICKER_0490.JP,2391.27,2361.57,-1.044,-1.342,-7093292.14,False
2026-05-06,2026-05-06 08:30:00,2026-05-06 09:00:00,2026-05-06 15:00:00,TICKER_0527.JP,2496.54,2477.7,-0.556,-0.855,-4517750.86,False
2026-05-07,2026-05-07 08:30:00,2026-05-07 09:00:00,2026-05-07 15:00:00,TICKER_0295.JP,1794.61,1858.21,3.751,3.444,18336954.13,True
2026-05-07,2026-05-07 08:30:00,2026-05-07 09:00:00,2026-05-07 15:00:00,TICKER_0332.JP,1889.69,2004.69,6.298,5.986,31873165.67,True
2026-05-07,2026-05-07 08:30:00,2026-05-07 09:00:00,2026-05-07 15:00:00,TICKER_0369.JP,1963.32,2001.0,2.123,1.819,9685423.1,True
2026-05-07,2026-05-07 08:30:00,2026-05-07 09:00:00,2026-05-07 15:00:00,TICKER_0406.JP,2050.58,2017.32,-1.425,-1.722,-9168413.04,False
2026-05-07,2026-05-07 08:30:00,2026-05-07 09:00:00,2026-05-07 15:00:00,TICKER_0443.JP,2184.01,2164.48,-0.696,-0.994,-5293545.16,False
2026-05-07,2026-05-07 08:30:00,2026-05-07 09:00:00,2026-05-07 15:00:00,TICKER_0480.JP,2218.2,2237.05,1.052,0.75,3993510.95,True
2026-05-07,2026-05-07 08:30:00,2026-05-07 09:00:00,2026-05-07 15:00:00,TICKER_0517.JP,2298.95,2451.47,6.848,6.534,34793026.12,True
2026-05-07,2026-05-07 08:30:00,2026-05-07 09:00:00,2026-05-07 15:00:00,TICKER_0554.JP,2421.64,2428.74,0.494,0.193,1028584.57,True
2026-05-07,2026-05-07 08:30:00,2026-05-07 09:00:00,2026-05-07 15:00:00,TICKER_0591.JP,2456.79,2520.05,2.78,2.475,13176505.77,True
2026-05-07,2026-05-07 08:30:00,2026-05-07 09:00:00,2026-05-07 15:00:00,TICKER_0628.JP,2580.5,2639.6,2.495,2.19,11662335.35,True
2026-05-08,2026-05-08 08:30:00,2026-05-08 09:00:00,2026-05-08 15:00:00,TICKER_0276.JP,1770.68,1793.04,1.465,1.163,6311937.18,True
2026-05-08,2026-05-08 08:30:00,2026-05-08 09:00:00,2026-05-08 15:00:00,TICKER_0313.JP,1839.88,1921.32,4.635,4.326,23488596.4,True
2026-05-08,2026-05-08 08:30:00,2026-05-08 09:00:00,2026-05-08 15:00:00,TICKER_0350.JP,1949.05,1992.34,2.426,2.121,11515491.47,True
2026-05-08,2026-05-08 08:30:00,2026-05-08 09:00:00,2026-05-08 15:00:00,TICKER_0387.JP,2007.58,2047.57,2.196,1.892,10273185.42,True
2026-05-08,2026-05-08 08:30:00,2026-05-08 09:00:00,2026-05-08 15:00:00,TICKER_0424.JP,2121.31,2142.12,1.183,0.881,4782269.84,True
2026-05-08,2026-05-08 08:30:00,2026-05-08 09:00:00,2026-05-08 15:00:00,TICKER_0461.JP,2205.95,2227.39,1.174,0.872,4733010.91,True
2026-05-08,2026-05-08 08:30:00,2026-05-08 09:00:00,2026-05-08 15:00:00,TICKER_0498.JP,2302.79,2284.61,-0.591,-0.889,-4828571.92,False
2026-05-08,2026-05-08 08:30:00,2026-05-08 09:00:00,2026-05-08 15:00:00,TICKER_0535.JP,2464.42,2482.21,0.923,0.622,3374835.88,True
2026-05-08,2026-05-08 08:30:00,2026-05-08 09:00:00,2026-05-08 15:00:00,TICKER_0572.JP,2501.56,2549.61,2.125,1.821,9885314.14,True
2026-05-08,2026-05-08 08:30:00,2026-05-08 09:00:00,2026-05-08 15:00:00,TICKER_0609.JP,2550.84,2573.19,1.078,0.776,4215348.66,True
2026-05-11,2026-05-11 08:30:00,2026-05-11 09:00:00,2026-05-11 15:00:00,TICKER_0533.JP,1533.75,1593.26,4.088,3.78,20784996.71,True
2026-05-11,2026-05-11 08:30:00,2026-05-11 09:00:00,2026-05-11 15:00:00,TICKER_0570.JP,1623.44,1676.59,3.481,3.174,17454269.2,True
2026-05-11,2026-05-11 08:30:00,2026-05-11 09:00:00,2026-05-11 15:00:00,TICKER_0607.JP,1732.09,1730.96,0.135,-0.165,-909668.97,False
2026-05-11,2026-05-11 08:30:00,2026-05-11 09:00:00,2026-05-11 15:00:00,TICKER_0644.JP,1798.32,1841.92,2.63,2.324,12782998.96,True
2026-05-11,2026-05-11 08:30:00,2026-05-11 09:00:00,2026-05-11 15:00:00,TICKER_0681.JP,1889.16,1917.11,1.683,1.38,7587348.29,True
2026-05-11,2026-05-11 08:30:00,2026-05-11 09:00:00,2026-05-11 15:00:00,TICKER_0718.JP,1996.17,2050.11,2.907,2.602,14308381.55,True
2026-05-11,2026-05-11 08:30:00,2026-05-11 09:00:00,2026-05-11 15:00:00,TICKER_0755.JP,2057.94,2147.53,4.563,4.254,23391893.78,True
2026-05-11,2026-05-11 08:30:00,2026-05-11 09:00:00,2026-05-11 15:00:00,TICKER_0792.JP,2133.55,2169.81,1.903,1.599,8795342.06,True
2026-05-11,2026-05-11 08:30:00,2026-05-11 09:00:00,2026-05-11 15:00:00,TICKER_0829.JP,2262.8,2328.03,3.089,2.783,15302765.41,True
2026-05-11,2026-05-11 08:30:00,2026-05-11 09:00:00,2026-05-11 15:00:00,TICKER_0866.JP,2338.78,2428.97,4.064,3.756,20657502.12,True
2026-05-12,2026-05-12 08:30:00,2026-05-12 09:00:00,2026-05-12 15:00:00,TICKER_0825.JP,1844.7,1921.78,4.387,4.078,22969690.39,True
2026-05-12,2026-05-12 08:30:00,2026-05-12 09:00:00,2026-05-12 15:00:00,TICKER_0862.JP,1936.97,1960.57,1.421,1.119,6300053.33,True
2026-05-12,2026-05-12 08:30:00,2026-05-12 09:00:00,2026-05-12 15:00:00,TICKER_0899.JP,1984.37,2053.73,3.703,3.395,19124459.52,True
2026-05-12,2026-05-12 08:30:00,2026-05-12 09:00:00,2026-05-12 15:00:00,TICKER_0936.JP,2125.19,2157.06,1.703,1.4,7882738.46,True
2026-05-12,2026-05-12 08:30:00,2026-05-12 09:00:00,2026-05-12 15:00:00,TICKER_0973.JP,2178.56,2119.18,-2.531,-2.826,-15914794.9,False
2026-05-12,2026-05-12 08:30:00,2026-05-12 09:00:00,2026-05-12 15:00:00,TICKER_1010.JP,2272.34,2309.52,1.84,1.536,8652100.63,True
2026-05-12,2026-05-12 08:30:00,2026-05-12 09:00:00,2026-05-12 15:00:00,TICKER_1047.JP,2334.02,2429.22,4.287,3.979,22409590.56,True
2026-05-12,2026-05-12 08:30:00,2026-05-12 09:00:00,2026-05-12 15:00:00,TICKER_1084.JP,2447.79,2493.76,2.082,1.778,10016575.32,True
2026-05-12,2026-05-12 08:30:00,2026-05-12 09:00:00,2026-05-12 15:00:00,TICKER_1121.JP,2526.1,2604.36,3.304,2.998,16886272.14,True
2026-05-12,2026-05-12 08:30:00,2026-05-12 09:00:00,2026-05-12 15:00:00,TICKER_1158.JP,2615.38,2670.94,2.329,2.024,11400712.89,True
2026-05-13,2026-05-13 08:30:00,2026-05-13 09:00:00,2026-05-13 15:00:00,TICKER_0971.JP,1960.06,2000.26,2.255,1.951,11191958.42,True
2026-05-13,2026-05-13 08:30:00,2026-05-13 09:00:00,2026-05-13 15:00:00,TICKER_1008.JP,2076.1,2147.31,3.637,3.33,19102134.28,True
2026-05-13,2026-05-13 08:30:00,2026-05-13 09:00:00,2026-05-13 15:00:00,TICKER_1045.JP,2133.27,2150.03,0.987,0.685,3932461.35,True
2026-05-13,2026-05-13 08:30:00,2026-05-13 09:00:00,2026-05-13 15:00:00,TICKER_1082.JP,2241.31,2252.7,0.709,0.408,2340605.55,True
2026-05-13,2026-05-13 08:30:00,2026-05-13 09:00:00,2026-05-13 15:00:00,TICKER_1119.JP,2342.35,2428.72,3.895,3.587,20579097.71,True
2026-05-13,2026-05-13 08:30:00,2026-05-13 09:00:00,2026-05-13 15:00:00,TICKER_1156.JP,2384.14,2448.76,2.916,2.61,14974412.08,True
2026-05-13,2026-05-13 08:30:00,2026-05-13 09:00:00,2026-05-13 15:00:00,TICKER_1193.JP,2482.16,2545.64,2.763,2.458,14098139.54,True
2026-05-13,2026-05-13 08:30:00,2026-05-13 09:00:00,2026-05-13 15:00:00,TICKER_1230.JP,2538.49,2620.02,3.418,3.112,17851525.06,True
2026-05-13,2026-05-13 08:30:00,2026-05-13 09:00:00,2026-05-13 15:00:00,TICKER_1267.JP,2644.37,2639.37,0.011,-0.289,-1659180.43,False
2026-05-13,2026-05-13 08:30:00,2026-05-13 09:00:00,2026-05-13 15:00:00,TICKER_1304.JP,2744.93,2710.92,-1.042,-1.339,-7682714.01,False
2026-05-14,2026-05-14 08:30:00,2026-05-14 09:00:00,2026-05-14 15:00:00,TICKER_0220.JP,1694.23,1743.6,3.12,2.814,16397049.96,True
2026-05-14,2026-05-14 08:30:00,2026-05-14 09:00:00,2026-05-14 15:00:00,TICKER_0257.JP,1842.58,1831.22,-0.418,-0.717,-4176175.9,False
2026-05-14,2026-05-14 08:30:00,2026-05-14 09:00:00,2026-05-14 15:00:00,TICKER_0294.JP,1907.35,1812.78,-4.768,-5.058,-29472566.11,False
2026-05-14,2026-05-14 08:30:00,2026-05-14 09:00:00,2026-05-14 15:00:00,TICKER_0331.JP,1984.67,2034.71,2.727,2.421,14108457.44,True
2026-05-14,2026-05-14 08:30:00,2026-05-14 09:00:00,2026-05-14 15:00:00,TICKER_0368.JP,2095.97,2153.88,2.969,2.663,15516005.8,True
2026-05-14,2026-05-14 08:30:00,2026-05-14 09:00:00,2026-05-14 15:00:00,TICKER_0405.JP,2153.61,2180.42,1.447,1.145,6669793.97,True
2026-05-14,2026-05-14 08:30:00,2026-05-14 09:00:00,2026-05-14 15:00:00,TICKER_0442.JP,2243.81,2212.83,-1.183,-1.481,-8626620.89,False
2026-05-14,2026-05-14 08:30:00,2026-05-14 09:00:00,2026-05-14 15:00:00,TICKER_0479.JP,2379.44,2420.14,1.914,1.611,9383909.07,True
2026-05-14,2026-05-14 08:30:00,2026-05-14 09:00:00,2026-05-14 15:00:00,TICKER_0516.JP,2398.7,2442.02,2.01,1.706,9940035.96,True
2026-05-14,2026-05-14 08:30:00,2026-05-14 09:00:00,2026-05-14 15:00:00,TICKER_0553.JP,2543.11,2631.91,3.699,3.392,19761715.66,True
2026-05-15,2026-05-15 08:30:00,2026-05-15 09:00:00,2026-05-15 15:00:00,TICKER_0397.JP,1949.44,1956.43,0.56,0.259,1519978.42,True
2026-05-15,2026-05-15 08:30:00,2026-05-15 09:00:00,2026-05-15 15:00:00,TICKER_0434.JP,2019.65,2095.36,3.957,3.649,21432698.84,True
2026-05-15,2026-05-15 08:30:00,2026-05-15 09:00:00,2026-05-15 15:00:00,TICKER_0471.JP,2063.16,2119.18,2.921,2.615,15360556.0,True
2026-05-15,2026-05-15 08:30:00,2026-05-15 09:00:00,2026-05-15 15:00:00,TICKER_0508.JP,2216.93,2254.24,1.886,1.583,9297500.22,True
2026-05-15,2026-05-15 08:30:00,2026-05-15 09:00:00,2026-05-15 15:00:00,TICKER_0545.JP,2268.63,2306.96,1.893,1.59,9337805.29,True
2026-05-15,2026-05-15 08:30:00,2026-05-15 09:00:00,2026-05-15 15:00:00,TICKER_0582.JP,2350.5,2343.37,-0.103,-0.403,-2367572.24,False
2026-05-15,2026-05-15 08:30:00,2026-05-15 09:00:00,2026-05-15 15:00:00,TICKER_0619.JP,2436.89,2520.42,3.634,3.327,19544315.99,True
2026-05-15,2026-05-15 08:30:00,2026-05-15 09:00:00,2026-05-15 15:00:00,TICKER_0656.JP,2495.24,2503.3,0.524,0.223,1310263.63,True
2026-05-15,2026-05-15 08:30:00,2026-05-15 09:00:00,2026-05-15 15:00:00,TICKER_0693.JP,2610.6,2641.72,1.395,1.092,6413944.61,True
2026-05-15,2026-05-15 08:30:00,2026-05-15 09:00:00,2026-05-15 15:00:00,TICKER_0730.JP,2695.1,2807.95,4.396,4.087,24006504.96,True
2026-05-18,2026-05-18 08:30:00,2026-05-18 09:00:00,2026-05-18 15:00:00,TICKER_0856.JP,1864.59,1886.81,1.394,1.092,6521549.07,True
2026-05-18,2026-05-18 08:30:00,2026-05-18 09:00:00,2026-05-18 15:00:00,TICKER_0893.JP,1943.32,1954.58,0.781,0.48,2864830.3,True
2026-05-18,2026-05-18 08:30:00,2026-05-18 09:00:00,2026-05-18 15:00:00,TICKER_0930.JP,2044.74,2143.47,5.038,4.729,28249749.74,True
2026-05-18,2026-05-18 08:30:00,2026-05-18 09:00:00,2026-05-18 15:00:00,TICKER_0967.JP,2149.92,2267.29,5.671,5.359,32018564.93,True
2026-05-18,2026-05-18 08:30:00,2026-05-18 09:00:00,2026-05-18 15:00:00,TICKER_1004.JP,2236.41,2294.68,2.811,2.505,14968306.08,True
2026-05-18,2026-05-18 08:30:00,2026-05-18 09:00:00,2026-05-18 15:00:00,TICKER_1041.JP,2287.02,2344.78,2.731,2.425,14490435.04,True
2026-05-18,2026-05-18 08:30:00,2026-05-18 09:00:00,2026-05-18 15:00:00,TICKER_1078.JP,2371.44,2401.61,1.475,1.172,7002412.49,True
2026-05-18,2026-05-18 08:30:00,2026-05-18 09:00:00,2026-05-18 15:00:00,TICKER_1115.JP,2434.53,2373.17,-2.325,-2.62,-15654435.82,False
2026-05-18,2026-05-18 08:30:00,2026-05-18 09:00:00,2026-05-18 15:00:00,TICKER_1152.JP,2552.6,2613.0,2.571,2.266,13540011.85,True
2026-05-18,2026-05-18 08:30:00,2026-05-18 09:00:00,2026-05-18 15:00:00,TICKER_1189.JP,2637.21,2706.8,2.844,2.539,15166386.46,True
2026-05-19,2026-05-19 08:30:00,2026-05-19 09:00:00,2026-05-19 15:00:00,TICKER_0936.JP,1938.75,1927.93,-0.359,-0.658,-4005084.42,False
2026-05-19,2026-05-19 08:30:00,2026-05-19 09:00:00,2026-05-19 15:00:00,TICKER_0973.JP,2056.48,2091.7,1.916,1.612,9814441.58,True
2026-05-19,2026-05-19 08:30:00,2026-05-19 09:00:00,2026-05-19 15:00:00,TICKER_1010.JP,2115.48,2158.24,2.225,1.921,11694729.43,True
2026-05-19,2026-05-19 08:30:00,2026-05-19 09:00:00,2026-05-19 15:00:00,TICKER_1047.JP,2212.18,2189.97,-0.806,-1.104,-6721093.9,False
2026-05-19,2026-05-19 08:30:00,2026-05-19 09:00:00,2026-05-19 15:00:00,TICKER_1084.JP,2298.05,2342.68,2.147,1.842,11216112.16,True
2026-05-19,2026-05-19 08:30:00,2026-05-19 09:00:00,2026-05-19 15:00:00,TICKER_1121.JP,2342.93,2354.18,0.681,0.38,2315013.05,True
2026-05-19,2026-05-19 08:30:00,2026-05-19 09:00:00,2026-05-19 15:00:00,TICKER_1158.JP,2497.26,2475.54,-0.671,-0.97,-5904031.24,False
2026-05-19,2026-05-19 08:30:00,2026-05-19 09:00:00,2026-05-19 15:00:00,TICKER_1195.JP,2530.75,2586.39,2.403,2.099,12775627.92,True
2026-05-19,2026-05-19 08:30:00,2026-05-19 09:00:00,2026-05-19 15:00:00,TICKER_1232.JP,2628.45,2666.16,1.638,1.335,8126136.95,True
2026-05-19,2026-05-19 08:30:00,2026-05-19 09:00:00,2026-05-19 15:00:00,TICKER_1269.JP,2676.11,2717.17,1.737,1.434,8730615.56,True
2026-05-20,2026-05-20 08:30:00,2026-05-20 09:00:00,2026-05-20 15:00:00,TICKER_0265.JP,1770.35,1848.03,4.597,4.288,26298384.55,True
2026-05-20,2026-05-20 08:30:00,2026-05-20 09:00:00,2026-05-20 15:00:00,TICKER_0302.JP,1888.42,1872.37,-0.651,-0.95,-5826221.66,False
2026-05-20,2026-05-20 08:30:00,2026-05-20 09:00:00,2026-05-20 15:00:00,TICKER_0339.JP,1946.25,1997.41,2.834,2.528,15507295.24,True
2026-05-20,2026-05-20 08:30:00,2026-05-20 09:00:00,2026-05-20 15:00:00,TICKER_0376.JP,2019.29,2049.73,1.711,1.408,8632437.15,True
2026-05-20,2026-05-20 08:30:00,2026-05-20 09:00:00,2026-05-20 15:00:00,TICKER_0413.JP,2124.88,2174.68,2.549,2.244,13760756.48,True
2026-05-20,2026-05-20 08:30:00,2026-05-20 09:00:00,2026-05-20 15:00:00,TICKER_0450.JP,2243.09,2292.35,2.4,2.096,12854007.49,True
2026-05-20,2026-05-20 08:30:00,2026-05-20 09:00:00,2026-05-20 15:00:00,TICKER_0487.JP,2284.12,2369.13,3.929,3.622,22211947.37,True
2026-05-20,2026-05-20 08:30:00,2026-05-20 09:00:00,2026-05-20 15:00:00,TICKER_0524.JP,2386.77,2438.23,2.36,2.056,12608705.59,True
2026-05-20,2026-05-20 08:30:00,2026-05-20 09:00:00,2026-05-20 15:00:00,TICKER_0561.JP,2433.09,2490.42,2.561,2.256,13837046.82,True
2026-05-20,2026-05-20 08:30:00,2026-05-20 09:00:00,2026-05-20 15:00:00,TICKER_0598.JP,2533.84,2615.22,3.418,3.112,19084810.86,True
2026-05-21,2026-05-21 08:30:00,2026-05-21 09:00:00,2026-05-21 15:00:00,TICKER_0849.JP,1866.89,1913.73,2.715,2.409,15095826.38,True
2026-05-21,2026-05-21 08:30:00,2026-05-21 09:00:00,2026-05-21 15:00:00,TICKER_0886.JP,1947.86,1986.4,2.183,1.879,11771453.22,True
2026-05-21,2026-05-21 08:30:00,2026-05-21 09:00:00,2026-05-21 15:00:00,TICKER_0923.JP,2000.91,1985.13,-0.59,-0.888,-5566228.97,False
2026-05-21,2026-05-21 08:30:00,2026-05-21 09:00:00,2026-05-21 15:00:00,TICKER_0960.JP,2112.25,2110.8,0.131,-0.169,-1057504.33,False
2026-05-21,2026-05-21 08:30:00,2026-05-21 09:00:00,2026-05-21 15:00:00,TICKER_0997.JP,2186.67,2216.87,1.584,1.281,8025210.45,True
2026-05-21,2026-05-21 08:30:00,2026-05-21 09:00:00,2026-05-21 15:00:00,TICKER_1034.JP,2271.1,2316.72,2.213,1.909,11958998.31,True
2026-05-21,2026-05-21 08:30:00,2026-05-21 09:00:00,2026-05-21 15:00:00,TICKER_1071.JP,2387.51,2378.43,-0.181,-0.48,-3008166.51,False
2026-05-21,2026-05-21 08:30:00,2026-05-21 09:00:00,2026-05-21 15:00:00,TICKER_1108.JP,2446.37,2406.89,-1.417,-1.714,-10738146.53,False
2026-05-21,2026-05-21 08:30:00,2026-05-21 09:00:00,2026-05-21 15:00:00,TICKER_1145.JP,2540.62,2477.27,-2.298,-2.593,-16248051.98,False
2026-05-21,2026-05-21 08:30:00,2026-05-21 09:00:00,2026-05-21 15:00:00,TICKER_1182.JP,2607.37,2680.71,3.018,2.712,16994078.47,True
2026-05-22,2026-05-22 08:30:00,2026-05-22 09:00:00,2026-05-22 15:00:00,TICKER_0050.JP,1551.59,1612.17,4.112,3.804,23931874.94,True
2026-05-22,2026-05-22 08:30:00,2026-05-22 09:00:00,2026-05-22 15:00:00,TICKER_0087.JP,1657.04,1696.56,2.59,2.285,14377272.61,True
2026-05-22,2026-05-22 08:30:00,2026-05-22 09:00:00,2026-05-22 15:00:00,TICKER_0124.JP,1725.2,1719.68,-0.121,-0.42,-2643768.42,False
2026-05-22,2026-05-22 08:30:00,2026-05-22 09:00:00,2026-05-22 15:00:00,TICKER_0161.JP,1849.28,1868.0,1.215,0.912,5740131.51,True
2026-05-22,2026-05-22 08:30:00,2026-05-22 09:00:00,2026-05-22 15:00:00,TICKER_0198.JP,1868.79,1903.17,2.044,1.74,10947147.53,True
2026-05-22,2026-05-22 08:30:00,2026-05-22 09:00:00,2026-05-22 15:00:00,TICKER_0235.JP,1983.32,1982.89,0.178,-0.122,-767465.56,False
2026-05-22,2026-05-22 08:30:00,2026-05-22 09:00:00,2026-05-22 15:00:00,TICKER_0272.JP,2062.81,2109.73,2.479,2.174,13679440.16,True
2026-05-22,2026-05-22 08:30:00,2026-05-22 09:00:00,2026-05-22 15:00:00,TICKER_0309.JP,2165.14,2128.49,-1.496,-1.793,-11279130.35,False
2026-05-22,2026-05-22 08:30:00,2026-05-22 09:00:00,2026-05-22 15:00:00,TICKER_0346.JP,2237.34,2377.52,6.478,6.166,38788594.78,True
2026-05-22,2026-05-22 08:30:00,2026-05-22 09:00:00,2026-05-22 15:00:00,TICKER_0383.JP,2303.84,2360.7,2.673,2.368,14896192.87,True
2026-05-25,2026-05-25 08:30:00,2026-05-25 09:00:00,2026-05-25 15:00:00,TICKER_0017.JP,1523.64,1548.42,1.83,1.526,9757642.75,True
2026-05-25,2026-05-25 08:30:00,2026-05-25 09:00:00,2026-05-25 15:00:00,TICKER_0054.JP,1600.24,1648.51,3.223,2.917,18646065.55,True
2026-05-25,2026-05-25 08:30:00,2026-05-25 09:00:00,2026-05-25 15:00:00,TICKER_0091.JP,1697.17,1718.26,1.446,1.143,7307085.7,True
2026-05-25,2026-05-25 08:30:00,2026-05-25 09:00:00,2026-05-25 15:00:00,TICKER_0128.JP,1774.94,1797.91,1.497,1.194,7633370.27,True
2026-05-25,2026-05-25 08:30:00,2026-05-25 09:00:00,2026-05-25 15:00:00,TICKER_0165.JP,1873.04,1888.85,1.046,0.744,4756487.77,True
2026-05-25,2026-05-25 08:30:00,2026-05-25 09:00:00,2026-05-25 15:00:00,TICKER_0202.JP,1928.32,1925.25,0.041,-0.259,-1655051.88,False
2026-05-25,2026-05-25 08:30:00,2026-05-25 09:00:00,2026-05-25 15:00:00,TICKER_0239.JP,2055.02,2107.16,2.742,2.437,15581045.19,True
2026-05-25,2026-05-25 08:30:00,2026-05-25 09:00:00,2026-05-25 15:00:00,TICKER_0276.JP,2125.87,2110.2,-0.539,-0.837,-5353711.0,False
2026-05-25,2026-05-25 08:30:00,2026-05-25 09:00:00,2026-05-25 15:00:00,TICKER_0313.JP,2177.47,2215.83,1.966,1.662,10625586.01,True
2026-05-25,2026-05-25 08:30:00,2026-05-25 09:00:00,2026-05-25 15:00:00,TICKER_0350.JP,2291.08,2272.72,-0.603,-0.901,-5760992.57,False
2026-05-26,2026-05-26 08:30:00,2026-05-26 09:00:00,2026-05-26 15:00:00,TICKER_0724.JP,1742.77,1797.93,3.372,3.065,19774850.97,True
2026-05-26,2026-05-26 08:30:00,2026-05-26 09:00:00,2026-05-26 15:00:00,TICKER_0761.JP,1831.61,1802.13,-1.413,-1.71,-11030679.65,False
2026-05-26,2026-05-26 08:30:00,2026-05-26 09:00:00,2026-05-26 15:00:00,TICKER_0798.JP,1897.48,1934.39,2.15,1.846,11907646.71,True
2026-05-26,2026-05-26 08:30:00,2026-05-26 09:00:00,2026-05-26 15:00:00,TICKER_0835.JP,2026.23,1978.38,-2.166,-2.462,-15882621.21,False
2026-05-26,2026-05-26 08:30:00,2026-05-26 09:00:00,2026-05-26 15:00:00,TICKER_0872.JP,2066.31,2078.89,0.81,0.509,3281113.98,True
2026-05-26,2026-05-26 08:30:00,2026-05-26 09:00:00,2026-05-26 15:00:00,TICKER_0909.JP,2173.23,2172.84,0.182,-0.118,-759793.45,False
2026-05-26,2026-05-26 08:30:00,2026-05-26 09:00:00,2026-05-26 15:00:00,TICKER_0946.JP,2254.89,2228.42,-0.976,-1.274,-8219788.81,False
2026-05-26,2026-05-26 08:30:00,2026-05-26 09:00:00,2026-05-26 15:00:00,TICKER_0983.JP,2316.44,2295.88,-0.689,-0.988,-6372192.93,False
2026-05-26,2026-05-26 08:30:00,2026-05-26 09:00:00,2026-05-26 15:00:00,TICKER_1020.JP,2455.12,2512.01,2.522,2.217,14302931.54,True
2026-05-26,2026-05-26 08:30:00,2026-05-26 09:00:00,2026-05-26 15:00:00,TICKER_1057.JP,2520.29,2526.6,0.451,0.15,970933.72,True
2026-05-27,2026-05-27 08:30:00,2026-05-27 09:00:00,2026-05-27 15:00:00,TICKER_0858.JP,1872.63,1809.93,-3.155,-3.448,-22274144.85,False
2026-05-27,2026-05-27 08:30:00,2026-05-27 09:00:00,2026-05-27 15:00:00,TICKER_0895.JP,1960.03,1952.05,-0.208,-0.507,-3276450.79,False
2026-05-27,2026-05-27 08:30:00,2026-05-27 09:00:00,2026-05-27 15:00:00,TICKER_0932.JP,2024.78,2024.17,0.17,-0.13,-840200.27,False
2026-05-27,2026-05-27 08:30:00,2026-05-27 09:00:00,2026-05-27 15:00:00,TICKER_0969.JP,2135.58,2163.75,1.522,1.219,7874621.9,True
2026-05-27,2026-05-27 08:30:00,2026-05-27 09:00:00,2026-05-27 15:00:00,TICKER_1006.JP,2231.67,2232.67,0.245,-0.055,-357750.15,False
2026-05-27,2026-05-27 08:30:00,2026-05-27 09:00:00,2026-05-27 15:00:00,TICKER_1043.JP,2327.92,2419.57,4.145,3.837,24785134.77,True
2026-05-27,2026-05-27 08:30:00,2026-05-27 09:00:00,2026-05-27 15:00:00,TICKER_1080.JP,2414.72,2399.73,-0.422,-0.721,-4656917.86,False
2026-05-27,2026-05-27 08:30:00,2026-05-27 09:00:00,2026-05-27 15:00:00,TICKER_1117.JP,2467.59,2538.34,3.073,2.767,17875165.35,True
2026-05-27,2026-05-27 08:30:00,2026-05-27 09:00:00,2026-05-27 15:00:00,TICKER_1154.JP,2553.27,2525.35,-0.895,-1.193,-7708859.86,False
2026-05-27,2026-05-27 08:30:00,2026-05-27 09:00:00,2026-05-27 15:00:00,TICKER_1191.JP,2649.48,2630.7,-0.51,-0.809,-5224474.13,False
2026-05-28,2026-05-28 08:30:00,2026-05-28 09:00:00,2026-05-28 15:00:00,TICKER_0057.JP,1575.21,1581.29,0.587,0.286,1846248.5,True
2026-05-28,2026-05-28 08:30:00,2026-05-28 09:00:00,2026-05-28 15:00:00,TICKER_0094.JP,1669.73,1704.88,2.31,2.005,12965704.21,True
2026-05-28,2026-05-28 08:30:00,2026-05-28 09:00:00,2026-05-28 15:00:00,TICKER_0131.JP,1757.22,1767.91,0.81,0.509,3288376.59,True
2026-05-28,2026-05-28 08:30:00,2026-05-28 09:00:00,2026-05-28 15:00:00,TICKER_0168.JP,1830.11,1854.83,1.554,1.251,8088087.9,True
2026-05-28,2026-05-28 08:30:00,2026-05-28 09:00:00,2026-05-28 15:00:00,TICKER_0205.JP,1931.99,1969.0,2.12,1.816,11738180.74,True
2026-05-28,2026-05-28 08:30:00,2026-05-28 09:00:00,2026-05-28 15:00:00,TICKER_0242.JP,1975.65,2012.03,2.045,1.741,11256114.86,True
2026-05-28,2026-05-28 08:30:00,2026-05-28 09:00:00,2026-05-28 15:00:00,TICKER_0279.JP,2102.24,2089.54,-0.405,-0.704,-4552820.57,False
2026-05-28,2026-05-28 08:30:00,2026-05-28 09:00:00,2026-05-28 15:00:00,TICKER_0316.JP,2166.1,2207.88,2.133,1.829,11822452.21,True
2026-05-28,2026-05-28 08:30:00,2026-05-28 09:00:00,2026-05-28 15:00:00,TICKER_0353.JP,2243.27,2294.35,2.482,2.177,14075665.45,True
2026-05-28,2026-05-28 08:30:00,2026-05-28 09:00:00,2026-05-28 15:00:00,TICKER_0390.JP,2352.34,2367.17,0.832,0.53,3429516.53,True
2026-05-29,2026-05-29 08:30:00,2026-05-29 09:00:00,2026-05-29 15:00:00,TICKER_0142.JP,1670.57,1701.84,2.076,1.772,11578726.94,True
2026-05-29,2026-05-29 08:30:00,2026-05-29 09:00:00,2026-05-29 15:00:00,TICKER_0179.JP,1739.87,1750.47,0.811,0.509,3328007.83,True
2026-05-29,2026-05-29 08:30:00,2026-05-29 09:00:00,2026-05-29 15:00:00,TICKER_0216.JP,1824.17,1814.93,-0.307,-0.606,-3963650.73,False
2026-05-29,2026-05-29 08:30:00,2026-05-29 09:00:00,2026-05-29 15:00:00,TICKER_0253.JP,1894.63,1901.75,0.576,0.275,1800271.51,True
2026-05-29,2026-05-29 08:30:00,2026-05-29 09:00:00,2026-05-29 15:00:00,TICKER_0290.JP,1992.79,1972.61,-0.815,-1.113,-7273470.08,False
2026-05-29,2026-05-29 08:30:00,2026-05-29 09:00:00,2026-05-29 15:00:00,TICKER_0327.JP,2094.62,2111.35,1.0,0.698,4564550.48,True
2026-05-29,2026-05-29 08:30:00,2026-05-29 09:00:00,2026-05-29 15:00:00,TICKER_0364.JP,2143.99,2191.01,2.397,2.093,13677913.59,True
2026-05-29,2026-05-29 08:30:00,2026-05-29 09:00:00,2026-05-29 15:00:00,TICKER_0401.JP,2247.42,2273.83,1.378,1.076,7029014.35,True
2026-05-29,2026-05-29 08:30:00,2026-05-29 09:00:00,2026-05-29 15:00:00,TICKER_0438.JP,2325.09,2376.58,2.419,2.114,13819021.7,True
2026-05-29,2026-05-29 08:30:00,2026-05-29 09:00:00,2026-05-29 15:00:00,TICKER_0475.JP,2395.76,2449.21,2.435,2.131,13925882.26,True
2026-06-01,2026-06-01 08:30:00,2026-06-01 09:00:00,2026-06-01 15:00:00,TICKER_0203.JP,1716.1,1731.71,1.111,0.809,5333222.93,True
2026-06-01,2026-06-01 08:30:00,2026-06-01 09:00:00,2026-06-01 15:00:00,TICKER_0240.JP,1817.55,1945.25,7.241,6.926,45651859.62,True
2026-06-01,2026-06-01 08:30:00,2026-06-01 09:00:00,2026-06-01 15:00:00,TICKER_0277.JP,1867.74,1895.09,1.668,1.365,8994943.73,True
2026-06-01,2026-06-01 08:30:00,2026-06-01 09:00:00,2026-06-01 15:00:00,TICKER_0314.JP,1956.33,1933.66,-0.961,-1.259,-8296798.82,False
2026-06-01,2026-06-01 08:30:00,2026-06-01 09:00:00,2026-06-01 15:00:00,TICKER_0351.JP,2068.15,2124.08,2.91,2.605,17167872.38,True
2026-06-01,2026-06-01 08:30:00,2026-06-01 09:00:00,2026-06-01 15:00:00,TICKER_0388.JP,2121.19,2130.18,0.625,0.324,2133875.84,True
2026-06-01,2026-06-01 08:30:00,2026-06-01 09:00:00,2026-06-01 15:00:00,TICKER_0425.JP,2212.89,2268.02,2.696,2.391,15760951.0,True
2026-06-01,2026-06-01 08:30:00,2026-06-01 09:00:00,2026-06-01 15:00:00,TICKER_0462.JP,2300.22,2238.03,-2.509,-2.804,-18478507.91,False
2026-06-01,2026-06-01 08:30:00,2026-06-01 09:00:00,2026-06-01 15:00:00,TICKER_0499.JP,2373.63,2407.36,1.624,1.321,8706677.76,True
2026-06-01,2026-06-01 08:30:00,2026-06-01 09:00:00,2026-06-01 15:00:00,TICKER_0536.JP,2501.3,2602.77,4.265,3.957,26080268.74,True
2026-06-02,2026-06-02 08:30:00,2026-06-02 09:00:00,2026-06-02 15:00:00,TICKER_0686.JP,1690.84,1674.22,-0.784,-1.083,-7241794.83,False
2026-06-02,2026-06-02 08:30:00,2026-06-02 09:00:00,2026-06-02 15:00:00,TICKER_0723.JP,1785.25,1759.21,-1.262,-1.559,-10427164.38,False
2026-06-02,2026-06-02 08:30:00,2026-06-02 09:00:00,2026-06-02 15:00:00,TICKER_0760.JP,1860.56,1910.13,2.87,2.564,17151886.79,True
2026-06-02,2026-06-02 08:30:00,2026-06-02 09:00:00,2026-06-02 15:00:00,TICKER_0797.JP,1948.17,1983.54,2.02,1.716,11478077.15,True
2026-06-02,2026-06-02 08:30:00,2026-06-02 09:00:00,2026-06-02 15:00:00,TICKER_0834.JP,2088.31,2098.58,0.693,0.392,2621629.06,True
2026-06-02,2026-06-02 08:30:00,2026-06-02 09:00:00,2026-06-02 15:00:00,TICKER_0871.JP,2092.3,2226.94,6.648,6.335,42374824.4,True
2026-06-02,2026-06-02 08:30:00,2026-06-02 09:00:00,2026-06-02 15:00:00,TICKER_0908.JP,2231.04,2251.52,1.12,0.818,5470503.52,True
2026-06-02,2026-06-02 08:30:00,2026-06-02 09:00:00,2026-06-02 15:00:00,TICKER_0945.JP,2313.8,2421.65,4.87,4.561,30507748.16,True
2026-06-02,2026-06-02 08:30:00,2026-06-02 09:00:00,2026-06-02 15:00:00,TICKER_0982.JP,2363.78,2381.3,0.943,0.641,4287410.49,True
2026-06-02,2026-06-02 08:30:00,2026-06-02 09:00:00,2026-06-02 15:00:00,TICKER_1019.JP,2472.97,2501.79,1.368,1.065,7125107.83,True
2026-06-03,2026-06-03 08:30:00,2026-06-03 09:00:00,2026-06-03 15:00:00,TICKER_0269.JP,1781.22,1834.4,3.192,2.886,19586545.55,True
2026-06-03,2026-06-03 08:30:00,2026-06-03 09:00:00,2026-06-03 15:00:00,TICKER_0306.JP,1866.56,1923.96,3.281,2.975,20192627.55,True
2026-06-03,2026-06-03 08:30:00,2026-06-03 09:00:00,2026-06-03 15:00:00,TICKER_0343.JP,1954.82,1986.85,1.842,1.538,10441479.65,True
2026-06-03,2026-06-03 08:30:00,2026-06-03 09:00:00,2026-06-03 15:00:00,TICKER_0380.JP,2063.08,2117.83,2.859,2.554,17332630.58,True
2026-06-03,2026-06-03 08:30:00,2026-06-03 09:00:00,2026-06-03 15:00:00,TICKER_0417.JP,2115.72,2149.49,1.799,1.496,10152836.2,True
2026-06-03,2026-06-03 08:30:00,2026-06-03 09:00:00,2026-06-03 15:00:00,TICKER_0454.JP,2204.52,2235.35,1.601,1.298,8813036.43,True
2026-06-03,2026-06-03 08:30:00,2026-06-03 09:00:00,2026-06-03 15:00:00,TICKER_0491.JP,2312.17,2342.44,1.512,1.209,8205359.25,True
2026-06-03,2026-06-03 08:30:00,2026-06-03 09:00:00,2026-06-03 15:00:00,TICKER_0528.JP,2362.35,2375.46,0.756,0.455,3088466.61,True
2026-06-03,2026-06-03 08:30:00,2026-06-03 09:00:00,2026-06-03 15:00:00,TICKER_0565.JP,2449.15,2422.49,-0.891,-1.189,-8067233.97,False
2026-06-03,2026-06-03 08:30:00,2026-06-03 09:00:00,2026-06-03 15:00:00,TICKER_0602.JP,2579.31,2679.4,4.089,3.781,25659046.29,True
2026-06-04,2026-06-04 08:30:00,2026-06-04 09:00:00,2026-06-04 15:00:00,TICKER_0669.JP,1673.23,1687.93,1.08,0.778,5368914.62,True
2026-06-04,2026-06-04 08:30:00,2026-06-04 09:00:00,2026-06-04 15:00:00,TICKER_0706.JP,1784.44,1796.68,0.887,0.586,4040568.08,True
2026-06-04,2026-06-04 08:30:00,2026-06-04 09:00:00,2026-06-04 15:00:00,TICKER_0743.JP,1835.5,1883.43,2.817,2.511,17320025.45,True
2026-06-04,2026-06-04 08:30:00,2026-06-04 09:00:00,2026-06-04 15:00:00,TICKER_0780.JP,1931.92,1994.48,3.445,3.138,21644878.76,True
2026-06-04,2026-06-04 08:30:00,2026-06-04 09:00:00,2026-06-04 15:00:00,TICKER_0817.JP,2021.98,2064.55,2.31,2.006,13831670.27,True
2026-06-04,2026-06-04 08:30:00,2026-06-04 09:00:00,2026-06-04 15:00:00,TICKER_0854.JP,2101.22,2155.58,2.793,2.487,17153755.57,True
2026-06-04,2026-06-04 08:30:00,2026-06-04 09:00:00,2026-06-04 15:00:00,TICKER_0891.JP,2174.23,2197.6,1.277,0.975,6722802.32,True
2026-06-04,2026-06-04 08:30:00,2026-06-04 09:00:00,2026-06-04 15:00:00,TICKER_0928.JP,2309.48,2248.29,-2.455,-2.749,-18962081.41,False
2026-06-04,2026-06-04 08:30:00,2026-06-04 09:00:00,2026-06-04 15:00:00,TICKER_0965.JP,2375.73,2407.84,1.554,1.251,8630818.79,True
2026-06-04,2026-06-04 08:30:00,2026-06-04 09:00:00,2026-06-04 15:00:00,TICKER_1002.JP,2431.75,2512.53,3.529,3.222,22222192.28,True
2026-06-05,2026-06-05 08:30:00,2026-06-05 09:00:00,2026-06-05 15:00:00,TICKER_0138.JP,1652.05,1626.9,-1.325,-1.622,-11339512.48,False
2026-06-05,2026-06-05 08:30:00,2026-06-05 09:00:00,2026-06-05 15:00:00,TICKER_0175.JP,1725.02,1720.77,-0.047,-0.347,-2423440.02,False
2026-06-05,2026-06-05 08:30:00,2026-06-05 09:00:00,2026-06-05 15:00:00,TICKER_0212.JP,1817.45,1875.92,3.424,3.118,21790912.94,True
2026-06-05,2026-06-05 08:30:00,2026-06-05 09:00:00,2026-06-05 15:00:00,TICKER_0249.JP,1859.18,1873.5,0.972,0.671,4687564.41,True
2026-06-05,2026-06-05 08:30:00,2026-06-05 09:00:00,2026-06-05 15:00:00,TICKER_0286.JP,2002.16,2036.03,1.895,1.592,11126150.39,True
2026-06-05,2026-06-05 08:30:00,2026-06-05 09:00:00,2026-06-05 15:00:00,TICKER_0323.JP,2046.62,2077.26,1.7,1.397,9764155.6,True
2026-06-05,2026-06-05 08:30:00,2026-06-05 09:00:00,2026-06-05 15:00:00,TICKER_0360.JP,2163.18,2243.78,3.934,3.626,25346058.73,True
2026-06-05,2026-06-05 08:30:00,2026-06-05 09:00:00,2026-06-05 15:00:00,TICKER_0397.JP,2214.41,2297.93,3.979,3.672,25663503.41,True
2026-06-05,2026-06-05 08:30:00,2026-06-05 09:00:00,2026-06-05 15:00:00,TICKER_0434.JP,2331.6,2307.43,-0.838,-1.137,-7944543.42,False
2026-06-05,2026-06-05 08:30:00,2026-06-05 09:00:00,2026-06-05 15:00:00,TICKER_0471.JP,2446.9,2491.27,2.017,1.713,11973418.52,True
2026-06-08,2026-06-08 08:30:00,2026-06-08 09:00:00,2026-06-08 15:00:00,TICKER_0137.JP,1650.99,1644.76,-0.178,-0.477,-3374972.35,False
2026-06-08,2026-06-08 08:30:00,2026-06-08 09:00:00,2026-06-08 15:00:00,TICKER_0174.JP,1757.62,1813.78,3.402,3.096,21899295.99,True
2026-06-08,2026-06-08 08:30:00,2026-06-08 09:00:00,2026-06-08 15:00:00,TICKER_0211.JP,1827.03,1851.85,1.561,1.259,8903062.38,True
2026-06-08,2026-06-08 08:30:00,2026-06-08 09:00:00,2026-06-08 15:00:00,TICKER_0248.JP,1902.78,1941.66,2.247,1.943,13745510.11,True
2026-06-08,2026-06-08 08:30:00,2026-06-08 09:00:00,2026-06-08 15:00:00,TICKER_0285.JP,1990.25,1998.38,0.61,0.309,2182768.92,True
2026-06-08,2026-06-08 08:30:00,2026-06-08 09:00:00,2026-06-08 15:00:00,TICKER_0322.JP,2081.08,2080.09,0.152,-0.148,-1044325.44,False
2026-06-08,2026-06-08 08:30:00,2026-06-08 09:00:00,2026-06-08 15:00:00,TICKER_0359.JP,2194.65,2271.82,3.723,3.416,24164777.63,True
2026-06-08,2026-06-08 08:30:00,2026-06-08 09:00:00,2026-06-08 15:00:00,TICKER_0396.JP,2249.08,2298.65,2.409,2.104,14884604.69,True
2026-06-08,2026-06-08 08:30:00,2026-06-08 09:00:00,2026-06-08 15:00:00,TICKER_0433.JP,2316.89,2346.75,1.491,1.189,8408462.96,True
2026-06-08,2026-06-08 08:30:00,2026-06-08 09:00:00,2026-06-08 15:00:00,TICKER_0470.JP,2433.49,2457.03,1.169,0.867,6135406.58,True
2026-06-09,2026-06-09 08:30:00,2026-06-09 09:00:00,2026-06-09 15:00:00,TICKER_0158.JP,1653.15,1696.84,2.848,2.543,18219767.27,True
2026-06-09,2026-06-09 08:30:00,2026-06-09 09:00:00,2026-06-09 15:00:00,TICKER_0195.JP,1734.79,1680.55,-2.933,-3.227,-23121265.83,False
2026-06-09,2026-06-09 08:30:00,2026-06-09 09:00:00,2026-06-09 15:00:00,TICKER_0232.JP,1851.14,1813.58,-1.833,-2.129,-15252713.66,False
2026-06-09,2026-06-09 08:30:00,2026-06-09 09:00:00,2026-06-09 15:00:00,TICKER_0269.JP,1917.27,1922.75,0.487,0.186,1331449.08,True
2026-06-09,2026-06-09 08:30:00,2026-06-09 09:00:00,2026-06-09 15:00:00,TICKER_0306.JP,2039.54,2013.36,-1.086,-1.383,-9911385.12,False
2026-06-09,2026-06-09 08:30:00,2026-06-09 09:00:00,2026-06-09 15:00:00,TICKER_0343.JP,2061.25,2176.15,5.786,5.474,39225009.82,True
2026-06-09,2026-06-09 08:30:00,2026-06-09 09:00:00,2026-06-09 15:00:00,TICKER_0380.JP,2212.48,2277.69,3.153,2.847,20401783.5,True
2026-06-09,2026-06-09 08:30:00,2026-06-09 09:00:00,2026-06-09 15:00:00,TICKER_0417.JP,2304.77,2289.52,-0.463,-0.762,-5458819.86,False
2026-06-09,2026-06-09 08:30:00,2026-06-09 09:00:00,2026-06-09 15:00:00,TICKER_0454.JP,2358.34,2340.13,-0.573,-0.872,-6248654.27,False
2026-06-09,2026-06-09 08:30:00,2026-06-09 09:00:00,2026-06-09 15:00:00,TICKER_0491.JP,2449.95,2378.11,-2.738,-3.032,-21726374.81,False
2026-06-10,2026-06-10 08:30:00,2026-06-10 09:00:00,2026-06-10 15:00:00,TICKER_0635.JP,1635.9,1655.08,1.375,1.072,7681172.06,True
2026-06-10,2026-06-10 08:30:00,2026-06-10 09:00:00,2026-06-10 15:00:00,TICKER_0672.JP,1759.83,1758.34,0.115,-0.185,-1321980.09,False
2026-06-10,2026-06-10 08:30:00,2026-06-10 09:00:00,2026-06-10 15:00:00,TICKER_0709.JP,1805.16,1843.96,2.354,2.049,14679583.76,True
2026-06-10,2026-06-10 08:30:00,2026-06-10 09:00:00,2026-06-10 15:00:00,TICKER_0746.JP,1901.92,1840.54,-3.034,-3.327,-23833249.63,False
2026-06-10,2026-06-10 08:30:00,2026-06-10 09:00:00,2026-06-10 15:00:00,TICKER_0783.JP,1968.58,1973.92,0.472,0.172,1229430.92,True
2026-06-10,2026-06-10 08:30:00,2026-06-10 09:00:00,2026-06-10 15:00:00,TICKER_0820.JP,2078.23,2142.95,3.321,3.015,21592916.0,True
2026-06-10,2026-06-10 08:30:00,2026-06-10 09:00:00,2026-06-10 15:00:00,TICKER_0857.JP,2155.14,2166.5,0.728,0.427,3058736.2,True
2026-06-10,2026-06-10 08:30:00,2026-06-10 09:00:00,2026-06-10 15:00:00,TICKER_0894.JP,2238.57,2149.65,-3.78,-4.072,-29167419.21,False
2026-06-10,2026-06-10 08:30:00,2026-06-10 09:00:00,2026-06-10 15:00:00,TICKER_0931.JP,2338.47,2333.21,-0.025,-0.325,-2324868.79,False
2026-06-10,2026-06-10 08:30:00,2026-06-10 09:00:00,2026-06-10 15:00:00,TICKER_0968.JP,2383.29,2465.18,3.643,3.336,23895382.16,True
2026-06-11,2026-06-11 08:30:00,2026-06-11 09:00:00,2026-06-11 15:00:00,TICKER_0543.JP,1541.51,1530.14,-0.539,-0.838,-6012520.29,False
2026-06-11,2026-06-11 08:30:00,2026-06-11 09:00:00,2026-06-11 15:00:00,TICKER_0580.JP,1670.93,1669.11,0.091,-0.209,-1499542.08,False
2026-06-11,2026-06-11 08:30:00,2026-06-11 09:00:00,2026-06-11 15:00:00,TICKER_0617.JP,1715.22,1800.94,5.207,4.897,35149701.78,True
2026-06-11,2026-06-11 08:30:00,2026-06-11 09:00:00,2026-06-11 15:00:00,TICKER_0654.JP,1757.63,1781.7,1.572,1.269,9111768.91,True
2026-06-11,2026-06-11 08:30:00,2026-06-11 09:00:00,2026-06-11 15:00:00,TICKER_0691.JP,1935.25,1969.51,1.974,1.67,11986806.99,True
2026-06-11,2026-06-11 08:30:00,2026-06-11 09:00:00,2026-06-11 15:00:00,TICKER_0728.JP,1985.22,1968.72,-0.633,-0.931,-6684645.32,False
2026-06-11,2026-06-11 08:30:00,2026-06-11 09:00:00,2026-06-11 15:00:00,TICKER_0765.JP,2072.99,2129.82,2.947,2.641,18957901.08,True
2026-06-11,2026-06-11 08:30:00,2026-06-11 09:00:00,2026-06-11 15:00:00,TICKER_0802.JP,2165.77,2186.49,1.159,0.857,6148184.43,True
2026-06-11,2026-06-11 08:30:00,2026-06-11 09:00:00,2026-06-11 15:00:00,TICKER_0839.JP,2221.48,2206.88,-0.458,-0.757,-5434380.18,False
2026-06-11,2026-06-11 08:30:00,2026-06-11 09:00:00,2026-06-11 15:00:00,TICKER_0876.JP,2324.25,2325.67,0.261,-0.039,-279217.94,False
2026-06-12,2026-06-12 08:30:00,2026-06-12 09:00:00,2026-06-12 15:00:00,TICKER_0515.JP,1523.33,1522.66,0.156,-0.144,-1044678.49,False
2026-06-12,2026-06-12 08:30:00,2026-06-12 09:00:00,2026-06-12 15:00:00,TICKER_0552.JP,1620.49,1659.4,2.606,2.301,16650598.03,True
2026-06-12,2026-06-12 08:30:00,2026-06-12 09:00:00,2026-06-12 15:00:00,TICKER_0589.JP,1684.27,1655.96,-1.484,-1.781,-12885977.76,False
2026-06-12,2026-06-12 08:30:00,2026-06-12 09:00:00,2026-06-12 15:00:00,TICKER_0626.JP,1782.93,1792.9,0.76,0.459,3320261.98,True
2026-06-12,2026-06-12 08:30:00,2026-06-12 09:00:00,2026-06-12 15:00:00,TICKER_0663.JP,1858.05,1892.45,2.055,1.751,12672678.84,True
2026-06-12,2026-06-12 08:30:00,2026-06-12 09:00:00,2026-06-12 15:00:00,TICKER_0700.JP,1936.06,2013.33,4.199,3.891,28155438.85,True
2026-06-12,2026-06-12 08:30:00,2026-06-12 09:00:00,2026-06-12 15:00:00,TICKER_0737.JP,2012.34,1986.97,-1.063,-1.361,-9845692.22,False
2026-06-12,2026-06-12 08:30:00,2026-06-12 09:00:00,2026-06-12 15:00:00,TICKER_0774.JP,2125.04,2180.42,2.811,2.506,18131582.02,True
2026-06-12,2026-06-12 08:30:00,2026-06-12 09:00:00,2026-06-12 15:00:00,TICKER_0811.JP,2205.33,2226.92,1.181,0.879,6359477.57,True
2026-06-12,2026-06-12 08:30:00,2026-06-12 09:00:00,2026-06-12 15:00:00,TICKER_0848.JP,2295.23,2329.58,1.7,1.396,10103888.05,True
2026-06-15,2026-06-15 08:30:00,2026-06-15 09:00:00,2026-06-15 15:00:00,TICKER_0587.JP,1574.41,1618.71,3.019,2.714,19819379.81,True
2026-06-15,2026-06-15 08:30:00,2026-06-15 09:00:00,2026-06-15 15:00:00,TICKER_0624.JP,1699.83,1686.19,-0.604,-0.902,-6589544.13,False
2026-06-15,2026-06-15 08:30:00,2026-06-15 09:00:00,2026-06-15 15:00:00,TICKER_0661.JP,1766.81,1791.83,1.619,1.316,9613286.74,True
2026-06-15,2026-06-15 08:30:00,2026-06-15 09:00:00,2026-06-15 15:00:00,TICKER_0698.JP,1849.47,1858.74,0.703,0.401,2931199.4,True
2026-06-15,2026-06-15 08:30:00,2026-06-15 09:00:00,2026-06-15 15:00:00,TICKER_0735.JP,1968.42,1977.62,0.669,0.368,2684766.02,True
2026-06-15,2026-06-15 08:30:00,2026-06-15 09:00:00,2026-06-15 15:00:00,TICKER_0772.JP,1971.19,1980.67,0.682,0.381,2781554.29,True
2026-06-15,2026-06-15 08:30:00,2026-06-15 09:00:00,2026-06-15 15:00:00,TICKER_0809.JP,2126.14,2146.5,1.16,0.857,6262894.69,True
2026-06-15,2026-06-15 08:30:00,2026-06-15 09:00:00,2026-06-15 15:00:00,TICKER_0846.JP,2178.99,2257.07,3.791,3.483,25442976.96,True
2026-06-15,2026-06-15 08:30:00,2026-06-15 09:00:00,2026-06-15 15:00:00,TICKER_0883.JP,2298.92,2309.19,0.648,0.347,2533082.98,True
2026-06-15,2026-06-15 08:30:00,2026-06-15 09:00:00,2026-06-15 15:00:00,TICKER_0920.JP,2411.09,2483.7,3.218,2.912,21266782.83,True
2026-06-16,2026-06-16 08:30:00,2026-06-16 09:00:00,2026-06-16 15:00:00,TICKER_0666.JP,1679.1,1728.52,3.149,2.843,21002039.56,True
2026-06-16,2026-06-16 08:30:00,2026-06-16 09:00:00,2026-06-16 15:00:00,TICKER_0703.JP,1780.18,1774.6,-0.114,-0.413,-3051702.82,False
2026-06-16,2026-06-16 08:30:00,2026-06-16 09:00:00,2026-06-16 15:00:00,TICKER_0740.JP,1846.95,1857.73,0.785,0.484,3574618.02,True
2026-06-16,2026-06-16 08:30:00,2026-06-16 09:00:00,2026-06-16 15:00:00,TICKER_0777.JP,1935.62,1915.94,-0.819,-1.117,-8249042.27,False
2026-06-16,2026-06-16 08:30:00,2026-06-16 09:00:00,2026-06-16 15:00:00,TICKER_0814.JP,2027.16,2036.94,0.684,0.383,2827023.85,True
2026-06-16,2026-06-16 08:30:00,2026-06-16 09:00:00,2026-06-16 15:00:00,TICKER_0851.JP,2122.13,2139.02,0.998,0.696,5139691.01,True
2026-06-16,2026-06-16 08:30:00,2026-06-16 09:00:00,2026-06-16 15:00:00,TICKER_0888.JP,2182.15,2267.87,4.136,3.828,28276371.14,True
2026-06-16,2026-06-16 08:30:00,2026-06-16 09:00:00,2026-06-16 15:00:00,TICKER_0925.JP,2272.64,2314.02,2.025,1.721,12711296.78,True
2026-06-16,2026-06-16 08:30:00,2026-06-16 09:00:00,2026-06-16 15:00:00,TICKER_0962.JP,2372.64,2448.87,3.419,3.113,22992070.23,True
2026-06-16,2026-06-16 08:30:00,2026-06-16 09:00:00,2026-06-16 15:00:00,TICKER_0999.JP,2462.04,2502.08,1.83,1.526,11272380.49,True
2026-06-17,2026-06-17 08:30:00,2026-06-17 09:00:00,2026-06-17 15:00:00,TICKER_0924.JP,1942.17,1952.76,0.746,0.445,3327775.5,True
2026-06-17,2026-06-17 08:30:00,2026-06-17 09:00:00,2026-06-17 15:00:00,TICKER_0961.JP,2017.4,2066.65,2.647,2.342,17510052.91,True
2026-06-17,2026-06-17 08:30:00,2026-06-17 09:00:00,2026-06-17 15:00:00,TICKER_0998.JP,2067.91,2149.37,4.147,3.839,28710666.76,True
2026-06-17,2026-06-17 08:30:00,2026-06-17 09:00:00,2026-06-17 15:00:00,TICKER_1035.JP,2177.12,2178.55,0.266,-0.035,-258571.97,False
2026-06-17,2026-06-17 08:30:00,2026-06-17 09:00:00,2026-06-17 15:00:00,TICKER_1072.JP,2267.04,2152.91,-4.844,-5.134,-38394024.26,False
2026-06-17,2026-06-17 08:30:00,2026-06-17 09:00:00,2026-06-17 15:00:00,TICKER_1109.JP,2390.43,2419.54,1.42,1.118,8358650.4,True
2026-06-17,2026-06-17 08:30:00,2026-06-17 09:00:00,2026-06-17 15:00:00,TICKER_1146.JP,2411.55,2395.99,-0.446,-0.745,-5572012.02,False
2026-06-17,2026-06-17 08:30:00,2026-06-17 09:00:00,2026-06-17 15:00:00,TICKER_1183.JP,2534.47,2579.36,1.975,1.671,12495831.69,True
2026-06-17,2026-06-17 08:30:00,2026-06-17 09:00:00,2026-06-17 15:00:00,TICKER_1220.JP,2587.72,2696.8,4.424,4.116,30775556.77,True
2026-06-17,2026-06-17 08:30:00,2026-06-17 09:00:00,2026-06-17 15:00:00,TICKER_1257.JP,2643.81,2693.65,2.089,1.785,13350012.0,True
2026-06-18,2026-06-18 08:30:00,2026-06-18 09:00:00,2026-06-18 15:00:00,TICKER_0647.JP,1669.73,1658.99,-0.444,-0.743,-5606803.83,False
2026-06-18,2026-06-18 08:30:00,2026-06-18 09:00:00,2026-06-18 15:00:00,TICKER_0684.JP,1735.87,1750.73,1.058,0.756,5701341.08,True
2026-06-18,2026-06-18 08:30:00,2026-06-18 09:00:00,2026-06-18 15:00:00,TICKER_0721.JP,1822.45,1811.23,-0.417,-0.716,-5400943.17,False
2026-06-18,2026-06-18 08:30:00,2026-06-18 09:00:00,2026-06-18 15:00:00,TICKER_0758.JP,1898.38,1935.08,2.138,1.834,13833824.34,True
2026-06-18,2026-06-18 08:30:00,2026-06-18 09:00:00,2026-06-18 15:00:00,TICKER_0795.JP,2010.97,2060.1,2.648,2.343,17677654.86,True
2026-06-18,2026-06-18 08:30:00,2026-06-18 09:00:00,2026-06-18 15:00:00,TICKER_0832.JP,2055.95,2056.63,0.233,-0.067,-505884.32,False
2026-06-18,2026-06-18 08:30:00,2026-06-18 09:00:00,2026-06-18 15:00:00,TICKER_0869.JP,2154.29,2137.49,-0.581,-0.88,-6638768.38,False
2026-06-18,2026-06-18 08:30:00,2026-06-18 09:00:00,2026-06-18 15:00:00,TICKER_0906.JP,2242.2,2237.67,-0.002,-0.302,-2278720.64,False
2026-06-18,2026-06-18 08:30:00,2026-06-18 09:00:00,2026-06-18 15:00:00,TICKER_0943.JP,2321.96,2367.14,2.15,1.846,13926123.61,True
2026-06-18,2026-06-18 08:30:00,2026-06-18 09:00:00,2026-06-18 15:00:00,TICKER_0980.JP,2395.69,2376.24,-0.613,-0.912,-6880448.87,False
2026-06-19,2026-06-19 08:30:00,2026-06-19 09:00:00,2026-06-19 15:00:00,TICKER_0902.JP,1887.08,1967.7,4.481,4.172,31574796.34,True
2026-06-19,2026-06-19 08:30:00,2026-06-19 09:00:00,2026-06-19 15:00:00,TICKER_0939.JP,1988.83,2032.85,2.418,2.113,15991963.63,True
2026-06-19,2026-06-19 08:30:00,2026-06-19 09:00:00,2026-06-19 15:00:00,TICKER_0976.JP,2097.96,2053.08,-1.943,-2.239,-16941801.35,False
2026-06-19,2026-06-19 08:30:00,2026-06-19 09:00:00,2026-06-19 15:00:00,TICKER_1013.JP,2148.73,2181.05,1.707,1.404,10625765.95,True
2026-06-19,2026-06-19 08:30:00,2026-06-19 09:00:00,2026-06-19 15:00:00,TICKER_1050.JP,2257.12,2310.57,2.573,2.268,17160629.28,True
2026-06-19,2026-06-19 08:30:00,2026-06-19 09:00:00,2026-06-19 15:00:00,TICKER_1087.JP,2341.64,2377.37,1.729,1.426,10790274.21,True
2026-06-19,2026-06-19 08:30:00,2026-06-19 09:00:00,2026-06-19 15:00:00,TICKER_1124.JP,2388.12,2370.46,-0.541,-0.839,-6352314.95,False
2026-06-19,2026-06-19 08:30:00,2026-06-19 09:00:00,2026-06-19 15:00:00,TICKER_1161.JP,2500.75,2490.2,-0.223,-0.522,-3949496.6,False
2026-06-19,2026-06-19 08:30:00,2026-06-19 09:00:00,2026-06-19 15:00:00,TICKER_1198.JP,2572.92,2650.81,3.233,2.927,22150839.31,True
2026-06-19,2026-06-19 08:30:00,2026-06-19 09:00:00,2026-06-19 15:00:00,TICKER_1235.JP,2634.43,2642.4,0.503,0.203,1533539.84,True
2026-06-22,2026-06-22 08:30:00,2026-06-22 09:00:00,2026-06-22 15:00:00,TICKER_0817.JP,1813.17,1824.26,0.813,0.512,3912951.41,True
2026-06-22,2026-06-22 08:30:00,2026-06-22 09:00:00,2026-06-22 15:00:00,TICKER_0854.JP,1900.72,1878.19,-0.987,-1.285,-9827047.32,False
2026-06-22,2026-06-22 08:30:00,2026-06-22 09:00:00,2026-06-22 15:00:00,TICKER_0891.JP,1956.68,1956.25,0.178,-0.122,-933755.68,False
2026-06-22,2026-06-22 08:30:00,2026-06-22 09:00:00,2026-06-22 15:00:00,TICKER_0928.JP,2081.73,2121.52,2.115,1.811,13848374.52,True
2026-06-22,2026-06-22 08:30:00,2026-06-22 09:00:00,2026-06-22 15:00:00,TICKER_0965.JP,2213.12,2166.21,-1.924,-2.22,-16970668.16,False
2026-06-22,2026-06-22 08:30:00,2026-06-22 09:00:00,2026-06-22 15:00:00,TICKER_1002.JP,2235.88,2284.81,2.393,2.088,15967259.91,True
2026-06-22,2026-06-22 08:30:00,2026-06-22 09:00:00,2026-06-22 15:00:00,TICKER_1039.JP,2339.75,2451.74,4.996,4.686,35830983.86,True
2026-06-22,2026-06-22 08:30:00,2026-06-22 09:00:00,2026-06-22 15:00:00,TICKER_1076.JP,2407.13,2426.76,1.017,0.715,5469285.02,True
2026-06-22,2026-06-22 08:30:00,2026-06-22 09:00:00,2026-06-22 15:00:00,TICKER_1113.JP,2542.01,2553.73,0.662,0.361,2761820.43,True
2026-06-22,2026-06-22 08:30:00,2026-06-22 09:00:00,2026-06-22 15:00:00,TICKER_1150.JP,2606.52,2678.8,2.979,2.673,20436029.08,True
2026-06-23,2026-06-23 08:30:00,2026-06-23 09:00:00,2026-06-23 15:00:00,TICKER_0456.JP,1983.99,1950.63,-1.485,-1.782,-13741810.28,False
2026-06-23,2026-06-23 08:30:00,2026-06-23 09:00:00,2026-06-23 15:00:00,TICKER_0493.JP,2045.17,2071.33,1.482,1.179,9091767.53,True
2026-06-23,2026-06-23 08:30:00,2026-06-23 09:00:00,2026-06-23 15:00:00,TICKER_0530.JP,2166.34,2164.41,0.111,-0.189,-1458684.68,False
2026-06-23,2026-06-23 08:30:00,2026-06-23 09:00:00,2026-06-23 15:00:00,TICKER_0567.JP,2265.0,2190.46,-3.098,-3.391,-26155505.87,False
2026-06-23,2026-06-23 08:30:00,2026-06-23 09:00:00,2026-06-23 15:00:00,TICKER_0604.JP,2273.26,2277.05,0.367,0.067,514495.75,True
2026-06-23,2026-06-23 08:30:00,2026-06-23 09:00:00,2026-06-23 15:00:00,TICKER_0641.JP,2419.19,2375.49,-1.61,-1.906,-14701905.78,False
2026-06-23,2026-06-23 08:30:00,2026-06-23 09:00:00,2026-06-23 15:00:00,TICKER_0678.JP,2464.9,2546.98,3.537,3.23,24911324.6,True
2026-06-23,2026-06-23 08:30:00,2026-06-23 09:00:00,2026-06-23 15:00:00,TICKER_0715.JP,2553.37,2715.22,6.552,6.239,48118041.88,True
2026-06-23,2026-06-23 08:30:00,2026-06-23 09:00:00,2026-06-23 15:00:00,TICKER_0752.JP,2656.59,2675.31,0.906,0.605,4663072.28,True
2026-06-23,2026-06-23 08:30:00,2026-06-23 09:00:00,2026-06-23 15:00:00,TICKER_0789.JP,2731.93,2765.65,1.437,1.134,8749239.88,True
2026-06-24,2026-06-24 08:30:00,2026-06-24 09:00:00,2026-06-24 15:00:00,TICKER_0411.JP,1895.61,1900.95,0.482,0.181,1405654.61,True
2026-06-24,2026-06-24 08:30:00,2026-06-24 09:00:00,2026-06-24 15:00:00,TICKER_0448.JP,1989.81,2072.76,4.377,4.069,31534938.1,True
2026-06-24,2026-06-24 08:30:00,2026-06-24 09:00:00,2026-06-24 15:00:00,TICKER_0485.JP,2083.59,2109.81,1.461,1.158,8977267.12,True
2026-06-24,2026-06-24 08:30:00,2026-06-24 09:00:00,2026-06-24 15:00:00,TICKER_0522.JP,2204.62,2233.28,1.503,1.2,9301636.46,True
2026-06-24,2026-06-24 08:30:00,2026-06-24 09:00:00,2026-06-24 15:00:00,TICKER_0559.JP,2268.13,2401.34,6.085,5.773,44746444.29,True
2026-06-24,2026-06-24 08:30:00,2026-06-24 09:00:00,2026-06-24 15:00:00,TICKER_0596.JP,2304.76,2393.99,4.08,3.772,29232856.97,True
2026-06-24,2026-06-24 08:30:00,2026-06-24 09:00:00,2026-06-24 15:00:00,TICKER_0633.JP,2423.65,2518.69,4.129,3.821,29617738.31,True
2026-06-24,2026-06-24 08:30:00,2026-06-24 09:00:00,2026-06-24 15:00:00,TICKER_0670.JP,2552.49,2568.03,0.81,0.509,3943570.43,True
2026-06-24,2026-06-24 08:30:00,2026-06-24 09:00:00,2026-06-24 15:00:00,TICKER_0707.JP,2624.39,2686.67,2.578,2.273,17618145.24,True
2026-06-24,2026-06-24 08:30:00,2026-06-24 09:00:00,2026-06-24 15:00:00,TICKER_0744.JP,2720.19,2852.98,5.092,4.782,37063447.8,True
2026-06-25,2026-06-25 08:30:00,2026-06-25 09:00:00,2026-06-25 15:00:00,TICKER_0391.JP,1899.97,1853.5,-2.25,-2.545,-20245657.29,False
2026-06-25,2026-06-25 08:30:00,2026-06-25 09:00:00,2026-06-25 15:00:00,TICKER_0428.JP,1974.95,2015.0,2.232,1.928,15333632.98,True
2026-06-25,2026-06-25 08:30:00,2026-06-25 09:00:00,2026-06-25 15:00:00,TICKER_0465.JP,2084.43,2100.45,0.97,0.668,5315516.89,True
2026-06-25,2026-06-25 08:30:00,2026-06-25 09:00:00,2026-06-25 15:00:00,TICKER_0502.JP,2158.05,2167.79,0.653,0.352,2795886.26,True
2026-06-25,2026-06-25 08:30:00,2026-06-25 09:00:00,2026-06-25 15:00:00,TICKER_0539.JP,2265.31,2273.37,0.557,0.256,2034981.89,True
2026-06-25,2026-06-25 08:30:00,2026-06-25 09:00:00,2026-06-25 15:00:00,TICKER_0576.JP,2364.48,2242.45,-4.971,-5.261,-41845641.79,False
2026-06-25,2026-06-25 08:30:00,2026-06-25 09:00:00,2026-06-25 15:00:00,TICKER_0613.JP,2392.65,2518.69,5.478,5.168,41101891.05,True
2026-06-25,2026-06-25 08:30:00,2026-06-25 09:00:00,2026-06-25 15:00:00,TICKER_0650.JP,2503.38,2494.15,-0.169,-0.469,-3727058.25,False
2026-06-25,2026-06-25 08:30:00,2026-06-25 09:00:00,2026-06-25 15:00:00,TICKER_0687.JP,2575.84,2593.04,0.869,0.568,4515908.6,True
2026-06-25,2026-06-25 08:30:00,2026-06-25 09:00:00,2026-06-25 15:00:00,TICKER_0724.JP,2687.17,2684.91,0.116,-0.184,-1464893.9,False
2026-06-26,2026-06-26 08:30:00,2026-06-26 09:00:00,2026-06-26 15:00:00,TICKER_0080.JP,1598.36,1611.61,1.031,0.729,5800606.54,True
2026-06-26,2026-06-26 08:30:00,2026-06-26 09:00:00,2026-06-26 15:00:00,TICKER_0117.JP,1684.94,1690.03,0.503,0.202,1605693.48,True
2026-06-26,2026-06-26 08:30:00,2026-06-26 09:00:00,2026-06-26 15:00:00,TICKER_0154.JP,1764.82,1820.07,3.337,3.03,24113001.77,True
2026-06-26,2026-06-26 08:30:00,2026-06-26 09:00:00,2026-06-26 15:00:00,TICKER_0191.JP,1823.19,1817.57,-0.109,-0.408,-3248856.11,False
2026-06-26,2026-06-26 08:30:00,2026-06-26 09:00:00,2026-06-26 15:00:00,TICKER_0228.JP,1934.12,1973.92,2.262,1.958,15579202.91,True
2026-06-26,2026-06-26 08:30:00,2026-06-26 09:00:00,2026-06-26 15:00:00,TICKER_0265.JP,2018.99,2016.35,0.069,-0.231,-1834351.59,False
2026-06-26,2026-06-26 08:30:00,2026-06-26 09:00:00,2026-06-26 15:00:00,TICKER_0302.JP,2079.85,2107.54,1.534,1.231,9799040.82,True
2026-06-26,2026-06-26 08:30:00,2026-06-26 09:00:00,2026-06-26 15:00:00,TICKER_0339.JP,2215.16,2309.17,4.452,4.144,32972420.0,True
2026-06-26,2026-06-26 08:30:00,2026-06-26 09:00:00,2026-06-26 15:00:00,TICKER_0376.JP,2241.42,2240.81,0.173,-0.127,-1013063.58,False
2026-06-26,2026-06-26 08:30:00,2026-06-26 09:00:00,2026-06-26 15:00:00,TICKER_0413.JP,2369.44,2405.46,1.724,1.42,11302425.7,True
2026-06-29,2026-06-29 08:30:00,2026-06-29 09:00:00,2026-06-29 15:00:00,TICKER_0172.JP,1660.81,1728.86,4.306,3.997,32169216.34,True
2026-06-29,2026-06-29 08:30:00,2026-06-29 09:00:00,2026-06-29 15:00:00,TICKER_0209.JP,1753.45,1785.98,2.059,1.755,14125203.58,True
2026-06-29,2026-06-29 08:30:00,2026-06-29 09:00:00,2026-06-29 15:00:00,TICKER_0246.JP,1851.75,1917.65,3.766,3.459,27834900.07,True
2026-06-29,2026-06-29 08:30:00,2026-06-29 09:00:00,2026-06-29 15:00:00,TICKER_0283.JP,1931.89,1991.6,3.297,2.991,24066636.33,True
2026-06-29,2026-06-29 08:30:00,2026-06-29 09:00:00,2026-06-29 15:00:00,TICKER_0320.JP,2016.57,1994.61,-0.891,-1.189,-9568749.36,False
2026-06-29,2026-06-29 08:30:00,2026-06-29 09:00:00,2026-06-29 15:00:00,TICKER_0357.JP,2132.04,2154.39,1.251,0.948,7632717.23,True
2026-06-29,2026-06-29 08:30:00,2026-06-29 09:00:00,2026-06-29 15:00:00,TICKER_0394.JP,2220.86,2246.05,1.337,1.034,8324206.25,True
2026-06-29,2026-06-29 08:30:00,2026-06-29 09:00:00,2026-06-29 15:00:00,TICKER_0431.JP,2286.96,2286.92,0.198,-0.102,-820194.54,False
2026-06-29,2026-06-29 08:30:00,2026-06-29 09:00:00,2026-06-29 15:00:00,TICKER_0468.JP,2397.24,2445.51,2.218,1.913,15398448.34,True
2026-06-29,2026-06-29 08:30:00,2026-06-29 09:00:00,2026-06-29 15:00:00,TICKER_0505.JP,2458.48,2500.86,1.928,1.624,13067996.64,True
2026-06-30,2026-06-30 08:30:00,2026-06-30 09:00:00,2026-06-30 15:00:00,TICKER_0450.JP,1977.58,1944.72,-1.464,-1.761,-14394825.86,False
2026-06-30,2026-06-30 08:30:00,2026-06-30 09:00:00,2026-06-30 15:00:00,TICKER_0487.JP,2058.22,2130.76,3.732,3.424,27988506.1,True
2026-06-30,2026-06-30 08:30:00,2026-06-30 09:00:00,2026-06-30 15:00:00,TICKER_0524.JP,2116.56,2042.71,-3.296,-3.59,-29338070.13,False
2026-06-30,2026-06-30 08:30:00,2026-06-30 09:00:00,2026-06-30 15:00:00,TICKER_0561.JP,2210.93,2240.77,1.552,1.25,10212976.03,True
2026-06-30,2026-06-30 08:30:00,2026-06-30 09:00:00,2026-06-30 15:00:00,TICKER_0598.JP,2335.48,2332.0,0.051,-0.249,-2037770.47,False
2026-06-30,2026-06-30 08:30:00,2026-06-30 09:00:00,2026-06-30 15:00:00,TICKER_0635.JP,2438.05,2482.77,2.039,1.735,14177346.58,True
2026-06-30,2026-06-30 08:30:00,2026-06-30 09:00:00,2026-06-30 15:00:00,TICKER_0672.JP,2497.08,2493.2,0.044,-0.255,-2087356.52,False
2026-06-30,2026-06-30 08:30:00,2026-06-30 09:00:00,2026-06-30 15:00:00,TICKER_0709.JP,2579.4,2656.26,3.186,2.88,23538030.92,True
2026-06-30,2026-06-30 08:30:00,2026-06-30 09:00:00,2026-06-30 15:00:00,TICKER_0746.JP,2614.52,2657.26,1.838,1.535,12542845.95,True
2026-06-30,2026-06-30 08:30:00,2026-06-30 09:00:00,2026-06-30 15:00:00,TICKER_0783.JP,2747.59,2815.86,2.69,2.385,19489545.0,True
